survey_id,response_id,block_id,question_type,question,answer,duration_sec
demo-ux,ux-001,ux-q01,choice,How often do you order groceries online?,Never,3.2
demo-ux,ux-001,ux-q02,prototype,"Task 1: Using the Marrow prototype, add a bag of oranges to your basket and proceed to checkout.",completed;6,61.3
demo-ux,ux-001,ux-q03,open,"What, if anything, was confusing about adding an item to the basket?",i wasn't sure if the price shown was per bag or per kilo.,26.3
demo-ux,ux-001,ux-q04,scale,"How easy was it to complete Task 1? (1 = very hard, 7 = very easy)",2,1.7
demo-ux,ux-001,ux-q05,firstclick,Where would you click first to change your delivery address?,"0.122,0.87",1.7
demo-ux,ux-001,ux-q06,firstclick,Where would you click first to find yesterday's order?,"0.956,0.61",4.9
demo-ux,ux-001,ux-q07,prototype,Task 2: Schedule a delivery for tomorrow between 6 and 8 pm.,completed;9,55.6
demo-ux,ux-001,ux-q08,open,Describe how you went about scheduling the delivery. What did you expect to see?,I found it under checkout but the evening slot said limited availability so I hesitated before choosing it. A default of tomorrow would save a tap.,44.4
demo-ux,ux-001,ux-q09,scale,"How confident are you that the delivery would arrive in the slot you chose? (1 = not at all, 7 = completely)",5,1.4
demo-ux,ux-001,ux-q10,firstclick,Where would you click first to apply a promo code?,"0.454,0.614",5.3
demo-ux,ux-001,ux-q11,website,Visit the Marrow help centre and find out how to report a missing item.,false,59.4
demo-ux,ux-001,ux-q12,open,How did finding the missing-item instructions go? What would you change?,"I found a chat button before I found the article, so I'd probably just use chat in real life. Took me about a minute.",43.2
demo-ux,ux-001,ux-q13,choice,Which of these features would you use? Select all that apply.,Recipe-based shopping lists; Substitution preferences per item; Shared household basket; Price alerts on favourites,9.9
demo-ux,ux-001,ux-q14,scale,"How likely are you to recommend Marrow to a friend? (0 = not at all, 10 = extremely)",7,2.4
demo-ux,ux-001,ux-q15,open,Anything else you want to tell the Marrow team?,The onboarding asked for my address twice. Overall a decent experience.,19.8
demo-ux,ux-002,ux-q01,choice,How often do you order groceries online?,About once a month,16
demo-ux,ux-002,ux-q02,prototype,"Task 1: Using the Marrow prototype, add a bag of oranges to your basket and proceed to checkout.",gave_up;12,72.9
demo-ux,ux-002,ux-q03,open,"What, if anything, was confusing about adding an item to the basket?","Honestly the flow was fine, though the 'add' label is tiny on my phone. I got there in the end though.",113.4
demo-ux,ux-002,ux-q04,scale,"How easy was it to complete Task 1? (1 = very hard, 7 = very easy)",7,7.8
demo-ux,ux-002,ux-q05,firstclick,Where would you click first to change your delivery address?,"0.507,0.952",24.9
demo-ux,ux-002,ux-q06,firstclick,Where would you click first to find yesterday's order?,"0.693,0.358",17.2
demo-ux,ux-002,ux-q07,prototype,Task 2: Schedule a delivery for tomorrow between 6 and 8 pm.,completed;10,110.8
demo-ux,ux-002,ux-q08,open,Describe how you went about scheduling the delivery. What did you expect to see?,"I expected to see the slot picker before payment and that's where it was, so no surprises.",125.6
demo-ux,ux-002,ux-q09,scale,"How confident are you that the delivery would arrive in the slot you chose? (1 = not at all, 7 = completely)",5,4.9
demo-ux,ux-002,ux-q10,firstclick,Where would you click first to apply a promo code?,"0.74,0.492",17.2
demo-ux,ux-002,ux-q11,website,Visit the Marrow help centre and find out how to report a missing item.,false,92.3
demo-ux,ux-002,ux-q12,open,How did finding the missing-item instructions go? What would you change?,"Fine overall, two clicks from the help home page.",39.2
demo-ux,ux-002,ux-q13,choice,Which of these features would you use? Select all that apply.,Shared household basket,17.5
demo-ux,ux-002,ux-q14,scale,"How likely are you to recommend Marrow to a friend? (0 = not at all, 10 = extremely)",7,10.1
demo-ux,ux-002,ux-q15,open,Anything else you want to tell the Marrow team?,"Prices seemed higher than my usual supermarket, that would be the deciding factor for me.",55.7
demo-ux,ux-003,ux-q01,choice,How often do you order groceries online?,A few times a year,10.7
demo-ux,ux-003,ux-q02,prototype,"Task 1: Using the Marrow prototype, add a bag of oranges to your basket and proceed to checkout.",completed;6,77.6
demo-ux,ux-003,ux-q03,open,"What, if anything, was confusing about adding an item to the basket?","the checkout button is hidden under the basket summary, I scrolled past it twice. I use a similar app weekly so the pattern was familiar",64.5
demo-ux,ux-003,ux-q04,scale,"How easy was it to complete Task 1? (1 = very hard, 7 = very easy)",6,1.5
demo-ux,ux-003,ux-q05,firstclick,Where would you click first to change your delivery address?,"0.551,0.197",7
demo-ux,ux-003,ux-q06,firstclick,Where would you click first to find yesterday's order?,"0.915,0.548",6
demo-ux,ux-003,ux-q07,prototype,Task 2: Schedule a delivery for tomorrow between 6 and 8 pm.,completed;4,66.4
demo-ux,ux-003,ux-q08,open,Describe how you went about scheduling the delivery. What did you expect to see?,"There was a list of days across the top and time windows below, I tapped tomorrow and then the evening slot. The confirmation screen made it clear which slot I chose.",62.6
demo-ux,ux-003,ux-q09,scale,"How confident are you that the delivery would arrive in the slot you chose? (1 = not at all, 7 = completely)",2,3.2
demo-ux,ux-003,ux-q10,firstclick,Where would you click first to apply a promo code?,"0.231,0.918",10.3
demo-ux,ux-003,ux-q11,website,Visit the Marrow help centre and find out how to report a missing item.,false,53.1
demo-ux,ux-003,ux-q12,open,How did finding the missing-item instructions go? What would you change?,"Search worked but the top result was about missing deliveries, not missing items, which are different things.",27.1
demo-ux,ux-003,ux-q13,choice,Which of these features would you use? Select all that apply.,Scheduled recurring deliveries; Live order tracking; Substitution preferences per item,5.9
demo-ux,ux-003,ux-q14,scale,"How likely are you to recommend Marrow to a friend? (0 = not at all, 10 = extremely)",4,7.9
demo-ux,ux-003,ux-q15,open,Anything else you want to tell the Marrow team?,"Not much to add, maybe a loyalty scheme would get me to switch. Keep it simple please.",44.1
demo-ux,ux-004,ux-q01,choice,How often do you order groceries online?,A few times a year,7.9
demo-ux,ux-004,ux-q02,prototype,"Task 1: Using the Marrow prototype, add a bag of oranges to your basket and proceed to checkout.",completed;6,91.4
demo-ux,ux-004,ux-q03,open,"What, if anything, was confusing about adding an item to the basket?","Adding was easy, proceeding to checkout was less obvious because the button only appears after a scroll. Maybe make the basket badge animate when something is added",54.6
demo-ux,ux-004,ux-q04,scale,"How easy was it to complete Task 1? (1 = very hard, 7 = very easy)",6,5.2
demo-ux,ux-004,ux-q05,firstclick,Where would you click first to change your delivery address?,"0.436,0.705",7.7
demo-ux,ux-004,ux-q06,firstclick,Where would you click first to find yesterday's order?,"0.872,0.632",7.1
demo-ux,ux-004,ux-q07,prototype,Task 2: Schedule a delivery for tomorrow between 6 and 8 pm.,completed;3,107.3
demo-ux,ux-004,ux-q08,open,Describe how you went about scheduling the delivery. What did you expect to see?,"I tried tapping the delivery address thinking the time would be there, it wasn't, so I kept scrolling",77.7
demo-ux,ux-004,ux-q09,scale,"How confident are you that the delivery would arrive in the slot you chose? (1 = not at all, 7 = completely)",3,4.3
demo-ux,ux-004,ux-q10,firstclick,Where would you click first to apply a promo code?,"0.73,0.534",6.4
demo-ux,ux-004,ux-q11,website,Visit the Marrow help centre and find out how to report a missing item.,false,82.3
demo-ux,ux-004,ux-q12,open,How did finding the missing-item instructions go? What would you change?,"Fine overall, two clicks from the help home page.",38.5
demo-ux,ux-004,ux-q13,choice,Which of these features would you use? Select all that apply.,Scheduled recurring deliveries; Live order tracking,22.4
demo-ux,ux-004,ux-q14,scale,"How likely are you to recommend Marrow to a friend? (0 = not at all, 10 = extremely)",8,3.1
demo-ux,ux-004,ux-q15,open,Anything else you want to tell the Marrow team?,Please add a way to reorder last week's basket in one tap,35.8
demo-ux,ux-005,ux-q01,choice,How often do you order groceries online?,A few times a year,8.6
demo-ux,ux-005,ux-q02,prototype,"Task 1: Using the Marrow prototype, add a bag of oranges to your basket and proceed to checkout.",completed;6,128.1
demo-ux,ux-005,ux-q03,open,"What, if anything, was confusing about adding an item to the basket?",The search result showed loose oranges and a bag and I wasn't sure which one the task wanted. I use a similar app weekly so the pattern was familiar.,37.7
demo-ux,ux-005,ux-q04,scale,"How easy was it to complete Task 1? (1 = very hard, 7 = very easy)",7,4.6
demo-ux,ux-005,ux-q05,firstclick,Where would you click first to change your delivery address?,"0.097,0.864",6.6
demo-ux,ux-005,ux-q06,firstclick,Where would you click first to find yesterday's order?,"0.92,0.663",6.8
demo-ux,ux-005,ux-q07,prototype,Task 2: Schedule a delivery for tomorrow between 6 and 8 pm.,gave_up;0,6.8
demo-ux,ux-005,ux-q08,open,Describe how you went about scheduling the delivery. What did you expect to see?,"Blank screen on my side, I expected the same checkout flow as the first task but nothing appeared.",59.9
demo-ux,ux-005,ux-q09,scale,"How confident are you that the delivery would arrive in the slot you chose? (1 = not at all, 7 = completely)",7,3.4
demo-ux,ux-005,ux-q10,firstclick,Where would you click first to apply a promo code?,"0.744,0.539",7.6
demo-ux,ux-005,ux-q11,website,Visit the Marrow help centre and find out how to report a missing item.,false,149.9
demo-ux,ux-005,ux-q12,open,How did finding the missing-item instructions go? What would you change?,I had to scroll past a lot of promotional content before reaching the help links. Took me about a minute.,66.5
demo-ux,ux-005,ux-q13,choice,Which of these features would you use? Select all that apply.,Recipe-based shopping lists; Live order tracking,15.6
demo-ux,ux-005,ux-q14,scale,"How likely are you to recommend Marrow to a friend? (0 = not at all, 10 = extremely)",7,4.6
demo-ux,ux-005,ux-q15,open,Anything else you want to tell the Marrow team?,"The delivery fee should be shown earlier, before I fill the basket.",34.1
demo-ux,ux-006,ux-q01,choice,How often do you order groceries online?,Several times a week,8.4
demo-ux,ux-006,ux-q02,prototype,"Task 1: Using the Marrow prototype, add a bag of oranges to your basket and proceed to checkout.",partial;4,76.1
demo-ux,ux-006,ux-q03,open,"What, if anything, was confusing about adding an item to the basket?","honestly the flow was fine, though the 'add' label is tiny on my phone. A small confirmation toast would help.",66.1
demo-ux,ux-006,ux-q04,scale,"How easy was it to complete Task 1? (1 = very hard, 7 = very easy)",2,4.7
demo-ux,ux-006,ux-q05,firstclick,Where would you click first to change your delivery address?,"0.038,0.788",5.9
demo-ux,ux-006,ux-q06,firstclick,Where would you click first to find yesterday's order?,"0.886,0.761",3.8
demo-ux,ux-006,ux-q07,prototype,Task 2: Schedule a delivery for tomorrow between 6 and 8 pm.,completed;8,53.5
demo-ux,ux-006,ux-q08,open,Describe how you went about scheduling the delivery. What did you expect to see?,"I tried tapping the delivery address thinking the time would be there, it wasn't, so I kept scrolling. It worked, just more steps than I expected.",44.4
demo-ux,ux-006,ux-q09,scale,"How confident are you that the delivery would arrive in the slot you chose? (1 = not at all, 7 = completely)",1,3
demo-ux,ux-006,ux-q10,firstclick,Where would you click first to apply a promo code?,"0.653,0.578",7.9
demo-ux,ux-006,ux-q11,website,Visit the Marrow help centre and find out how to report a missing item.,false,51.6
demo-ux,ux-006,ux-q12,open,How did finding the missing-item instructions go? What would you change?,"I found a chat button before I found the article, so I'd probably just use chat in real life.",42.7
demo-ux,ux-006,ux-q13,choice,Which of these features would you use? Select all that apply.,Recipe-based shopping lists; Live order tracking; Price alerts on favourites,5.2
demo-ux,ux-006,ux-q14,scale,"How likely are you to recommend Marrow to a friend? (0 = not at all, 10 = extremely)",2,4.7
demo-ux,ux-006,ux-q15,open,Anything else you want to tell the Marrow team?,the onboarding asked for my address twice. Thanks for asking,32.5
demo-ux,ux-007,ux-q01,choice,How often do you order groceries online?,Several times a week,19.1
demo-ux,ux-007,ux-q02,prototype,"Task 1: Using the Marrow prototype, add a bag of oranges to your basket and proceed to checkout.",completed;9,81.2
demo-ux,ux-007,ux-q03,open,"What, if anything, was confusing about adding an item to the basket?","Nothing confusing, pretty standard grocery app pattern.",28.8
demo-ux,ux-007,ux-q04,scale,"How easy was it to complete Task 1? (1 = very hard, 7 = very easy)",4,1.4
demo-ux,ux-007,ux-q05,firstclick,Where would you click first to change your delivery address?,"0.14,0.913",8
demo-ux,ux-007,ux-q06,firstclick,Where would you click first to find yesterday's order?,"0.896,0.557",5.8
demo-ux,ux-007,ux-q07,prototype,Task 2: Schedule a delivery for tomorrow between 6 and 8 pm.,gave_up;4,55.8
demo-ux,ux-007,ux-q08,open,Describe how you went about scheduling the delivery. What did you expect to see?,I expected a calendar on the checkout page but the slots were in a separate screen behind 'delivery details'. I liked that it showed the delivery fee per slot,60.3
demo-ux,ux-007,ux-q09,scale,"How confident are you that the delivery would arrive in the slot you chose? (1 = not at all, 7 = completely)",4,3.9
demo-ux,ux-007,ux-q10,firstclick,Where would you click first to apply a promo code?,"0.702,0.515",10.2
demo-ux,ux-007,ux-q11,website,Visit the Marrow help centre and find out how to report a missing item.,false,149.5
demo-ux,ux-007,ux-q12,open,How did finding the missing-item instructions go? What would you change?,"It took a while, the help centre groups articles by topic and 'missing item' sits under payments for some reason.",47.9
demo-ux,ux-007,ux-q13,choice,Which of these features would you use? Select all that apply.,Reorder a previous basket; Live order tracking,14.6
demo-ux,ux-007,ux-q14,scale,"How likely are you to recommend Marrow to a friend? (0 = not at all, 10 = extremely)",7,2.1
demo-ux,ux-007,ux-q15,open,Anything else you want to tell the Marrow team?,"The app feels fast and the product photos are good, I'd try it for a real order.",32.4
demo-ux,ux-008,ux-q01,choice,How often do you order groceries online?,About once a week,6.2
demo-ux,ux-008,ux-q02,prototype,"Task 1: Using the Marrow prototype, add a bag of oranges to your basket and proceed to checkout.",partial;9,45.7
demo-ux,ux-008,ux-q03,open,"What, if anything, was confusing about adding an item to the basket?","The checkout button is hidden under the basket summary, I scrolled past it twice.",50.3
demo-ux,ux-008,ux-q04,scale,"How easy was it to complete Task 1? (1 = very hard, 7 = very easy)",6,1.1
demo-ux,ux-008,ux-q05,firstclick,Where would you click first to change your delivery address?,"0.886,0.821",10.3
demo-ux,ux-008,ux-q06,firstclick,Where would you click first to find yesterday's order?,"1,0.557",10.7
demo-ux,ux-008,ux-q07,prototype,Task 2: Schedule a delivery for tomorrow between 6 and 8 pm.,completed;5,149.3
demo-ux,ux-008,ux-q08,open,Describe how you went about scheduling the delivery. What did you expect to see?,"Pretty straightforward, checkout then 'choose a slot' then tomorrow then 6 to 8 pm.",70
demo-ux,ux-008,ux-q09,scale,"How confident are you that the delivery would arrive in the slot you chose? (1 = not at all, 7 = completely)",7,3.4
demo-ux,ux-008,ux-q10,firstclick,Where would you click first to apply a promo code?,"0.686,0.427",8.3
demo-ux,ux-008,ux-q11,website,Visit the Marrow help centre and find out how to report a missing item.,false,98.8
demo-ux,ux-008,ux-q12,open,How did finding the missing-item instructions go? What would you change?,the help centre asked me to log in before showing anything which was annoying for a quick question. A direct link from the order would be better.,79.2
demo-ux,ux-008,ux-q13,choice,Which of these features would you use? Select all that apply.,Reorder a previous basket; Recipe-based shopping lists,19.4
demo-ux,ux-008,ux-q14,scale,"How likely are you to recommend Marrow to a friend? (0 = not at all, 10 = extremely)",9,3.6
demo-ux,ux-008,ux-q15,open,Anything else you want to tell the Marrow team?,"prices seemed higher than my usual supermarket, that would be the deciding factor for me. Keep it simple please.",43.2
demo-ux,ux-009,ux-q01,choice,How often do you order groceries online?,Never,8.6
demo-ux,ux-009,ux-q02,prototype,"Task 1: Using the Marrow prototype, add a bag of oranges to your basket and proceed to checkout.",completed;15,42.4
demo-ux,ux-009,ux-q03,open,"What, if anything, was confusing about adding an item to the basket?","I expected a quantity picker before adding, instead it added one bag straight away. On a bigger screen it would probably be fine.",85.6
demo-ux,ux-009,ux-q04,scale,"How easy was it to complete Task 1? (1 = very hard, 7 = very easy)",3,6
demo-ux,ux-009,ux-q05,firstclick,Where would you click first to change your delivery address?,"0.085,0.752",10.2
demo-ux,ux-009,ux-q06,firstclick,Where would you click first to find yesterday's order?,"0.893,0.6",8.2
demo-ux,ux-009,ux-q07,prototype,Task 2: Schedule a delivery for tomorrow between 6 and 8 pm.,completed;4,79.9
demo-ux,ux-009,ux-q08,open,Describe how you went about scheduling the delivery. What did you expect to see?,I found it under checkout but the evening slot said limited availability so I hesitated before choosing it. The confirmation screen made it clear which slot I chose.,129.7
demo-ux,ux-009,ux-q09,scale,"How confident are you that the delivery would arrive in the slot you chose? (1 = not at all, 7 = completely)",5,3.9
demo-ux,ux-009,ux-q10,firstclick,Where would you click first to apply a promo code?,"0.687,0.524",7.6
demo-ux,ux-009,ux-q11,website,Visit the Marrow help centre and find out how to report a missing item.,false,46
demo-ux,ux-009,ux-q12,open,How did finding the missing-item instructions go? What would you change?,"Found it quickly through the search bar, though the article was long and the actual steps were at the bottom. I would make the search box bigger.",71.5
demo-ux,ux-009,ux-q13,choice,Which of these features would you use? Select all that apply.,Reorder a previous basket,8.8
demo-ux,ux-009,ux-q14,scale,"How likely are you to recommend Marrow to a friend? (0 = not at all, 10 = extremely)",7,4.4
demo-ux,ux-009,ux-q15,open,Anything else you want to tell the Marrow team?,"Prices seemed higher than my usual supermarket, that would be the deciding factor for me. Keep it simple please.",67.3
demo-ux,ux-010,ux-q01,choice,How often do you order groceries online?,A few times a year,11.2
demo-ux,ux-010,ux-q02,prototype,"Task 1: Using the Marrow prototype, add a bag of oranges to your basket and proceed to checkout.",partial;4,97.6
demo-ux,ux-010,ux-q03,open,"What, if anything, was confusing about adding an item to the basket?","Took me a moment to find the basket, I was looking at the bottom bar but it sits top right.",97.2
demo-ux,ux-010,ux-q04,scale,"How easy was it to complete Task 1? (1 = very hard, 7 = very easy)",5,16.3
demo-ux,ux-010,ux-q05,firstclick,Where would you click first to change your delivery address?,"0.088,0.839",20.1
demo-ux,ux-010,ux-q06,firstclick,Where would you click first to find yesterday's order?,"0.963,0.67",12.8
demo-ux,ux-010,ux-q07,prototype,Task 2: Schedule a delivery for tomorrow between 6 and 8 pm.,gave_up;2,67.7
demo-ux,ux-010,ux-q08,open,Describe how you went about scheduling the delivery. What did you expect to see?,I found it under checkout but the evening slot said limited availability so I hesitated before choosing it. A default of tomorrow would save a tap.,111.8
demo-ux,ux-010,ux-q09,scale,"How confident are you that the delivery would arrive in the slot you chose? (1 = not at all, 7 = completely)",7,4.2
demo-ux,ux-010,ux-q10,firstclick,Where would you click first to apply a promo code?,"0.747,0.463",20.6
demo-ux,ux-010,ux-q11,website,Visit the Marrow help centre and find out how to report a missing item.,false,96.2
demo-ux,ux-010,ux-q12,open,How did finding the missing-item instructions go? What would you change?,"Search worked but the top result was about missing deliveries, not missing items, which are different things.",57.9
demo-ux,ux-010,ux-q13,choice,Which of these features would you use? Select all that apply.,Recipe-based shopping lists; Substitution preferences per item; Price alerts on favourites,16.2
demo-ux,ux-010,ux-q14,scale,"How likely are you to recommend Marrow to a friend? (0 = not at all, 10 = extremely)",8,4.5
demo-ux,ux-010,ux-q15,open,Anything else you want to tell the Marrow team?,"The delivery fee should be shown earlier, before I fill the basket.",70.9
demo-ux,ux-011,ux-q01,choice,How often do you order groceries online?,About once a month,7.7
demo-ux,ux-011,ux-q02,prototype,"Task 1: Using the Marrow prototype, add a bag of oranges to your basket and proceed to checkout.",completed;6,158.8
demo-ux,ux-011,ux-q03,open,"What, if anything, was confusing about adding an item to the basket?",I think it is pretty good overall.,9.8
demo-ux,ux-011,ux-q04,scale,"How easy was it to complete Task 1? (1 = very hard, 7 = very easy)",6,2.4
demo-ux,ux-011,ux-q05,firstclick,Where would you click first to change your delivery address?,"0.066,0.866",8.2
demo-ux,ux-011,ux-q06,firstclick,Where would you click first to find yesterday's order?,"0.927,0.593",8.5
demo-ux,ux-011,ux-q07,prototype,Task 2: Schedule a delivery for tomorrow between 6 and 8 pm.,completed;4,139
demo-ux,ux-011,ux-q08,open,Describe how you went about scheduling the delivery. What did you expect to see?,I think it is pretty good overall.,22.9
demo-ux,ux-011,ux-q09,scale,"How confident are you that the delivery would arrive in the slot you chose? (1 = not at all, 7 = completely)",7,6.2
demo-ux,ux-011,ux-q10,firstclick,Where would you click first to apply a promo code?,"0.694,0.517",18.7
demo-ux,ux-011,ux-q11,website,Visit the Marrow help centre and find out how to report a missing item.,false,145.9
demo-ux,ux-011,ux-q12,open,How did finding the missing-item instructions go? What would you change?,I think it is pretty good overall.,24.6
demo-ux,ux-011,ux-q13,choice,Which of these features would you use? Select all that apply.,Substitution preferences per item; Shared household basket,8.9
demo-ux,ux-011,ux-q14,scale,"How likely are you to recommend Marrow to a friend? (0 = not at all, 10 = extremely)",8,6.6
demo-ux,ux-011,ux-q15,open,Anything else you want to tell the Marrow team?,I think it is pretty good overall.,8.1
demo-ux,ux-012,ux-q01,choice,How often do you order groceries online?,A few times a year,2.2
demo-ux,ux-012,ux-q02,prototype,"Task 1: Using the Marrow prototype, add a bag of oranges to your basket and proceed to checkout.",partial;0,7.8
demo-ux,ux-012,ux-q03,open,"What, if anything, was confusing about adding an item to the basket?",ok,9.6
demo-ux,ux-012,ux-q04,scale,"How easy was it to complete Task 1? (1 = very hard, 7 = very easy)",7,0.8
demo-ux,ux-012,ux-q05,firstclick,Where would you click first to change your delivery address?,"0.631,0.288",2
demo-ux,ux-012,ux-q06,firstclick,Where would you click first to find yesterday's order?,"0.793,0.324",1.1
demo-ux,ux-012,ux-q07,prototype,Task 2: Schedule a delivery for tomorrow between 6 and 8 pm.,partial;2,21.3
demo-ux,ux-012,ux-q08,open,Describe how you went about scheduling the delivery. What did you expect to see?,dont know,14.8
demo-ux,ux-012,ux-q09,scale,"How confident are you that the delivery would arrive in the slot you chose? (1 = not at all, 7 = completely)",7,0.6
demo-ux,ux-012,ux-q10,firstclick,Where would you click first to apply a promo code?,"0.145,0.483",1.3
demo-ux,ux-012,ux-q11,website,Visit the Marrow help centre and find out how to report a missing item.,true,15
demo-ux,ux-012,ux-q12,open,How did finding the missing-item instructions go? What would you change?,good,10.8
demo-ux,ux-012,ux-q13,choice,Which of these features would you use? Select all that apply.,Price alerts on favourites,2.6
demo-ux,ux-012,ux-q14,scale,"How likely are you to recommend Marrow to a friend? (0 = not at all, 10 = extremely)",10,1.3
demo-ux,ux-012,ux-q15,open,Anything else you want to tell the Marrow team?,nice,4.7
demo-ux,ux-013,ux-q01,choice,How often do you order groceries online?,Several times a week,12.9
demo-ux,ux-013,ux-q02,prototype,"Task 1: Using the Marrow prototype, add a bag of oranges to your basket and proceed to checkout.",completed;15,77.8
demo-ux,ux-013,ux-q03,open,"What, if anything, was confusing about adding an item to the basket?",The search result showed loose oranges and a bag and I wasn't sure which one the task wanted. It just needs clearer labels,83.1
demo-ux,ux-013,ux-q04,scale,"How easy was it to complete Task 1? (1 = very hard, 7 = very easy)",5,4
demo-ux,ux-013,ux-q05,firstclick,Where would you click first to change your delivery address?,"0,0.777",10.8
demo-ux,ux-013,ux-q06,firstclick,Where would you click first to find yesterday's order?,"0.962,0.504",12.2
demo-ux,ux-013,ux-q07,prototype,Task 2: Schedule a delivery for tomorrow between 6 and 8 pm.,completed;7,59.4
demo-ux,ux-013,ux-q08,open,Describe how you went about scheduling the delivery. What did you expect to see?,"There was a list of days across the top and time windows below, I tapped tomorrow and then the evening slot. The slot picker felt a bit cramped.",47.4
demo-ux,ux-013,ux-q09,scale,"How confident are you that the delivery would arrive in the slot you chose? (1 = not at all, 7 = completely)",4,5.3
demo-ux,ux-013,ux-q10,firstclick,Where would you click first to apply a promo code?,"0.511,0.278",19.4
demo-ux,ux-013,ux-q11,website,Visit the Marrow help centre and find out how to report a missing item.,false,170.7
demo-ux,ux-013,ux-q12,open,How did finding the missing-item instructions go? What would you change?,"Search worked but the top result was about missing deliveries, not missing items, which are different things. The article could use screenshots.",66.6
demo-ux,ux-013,ux-q13,choice,Which of these features would you use? Select all that apply.,Reorder a previous basket; Recipe-based shopping lists; Live order tracking,9.8
demo-ux,ux-013,ux-q14,scale,"How likely are you to recommend Marrow to a friend? (0 = not at all, 10 = extremely)",4,3.5
demo-ux,ux-013,ux-q15,open,Anything else you want to tell the Marrow team?,"Not much to add, maybe a loyalty scheme would get me to switch.",40.3
demo-ux,ux-014,ux-q01,choice,How often do you order groceries online?,About once a month,16.3
demo-ux,ux-014,ux-q02,prototype,"Task 1: Using the Marrow prototype, add a bag of oranges to your basket and proceed to checkout.",completed;11,128.1
demo-ux,ux-014,ux-q03,open,"What, if anything, was confusing about adding an item to the basket?",Don't know,21.6
demo-ux,ux-014,ux-q04,scale,"How easy was it to complete Task 1? (1 = very hard, 7 = very easy)",5,4.9
demo-ux,ux-014,ux-q05,firstclick,Where would you click first to change your delivery address?,"0,0.752",9
demo-ux,ux-014,ux-q06,firstclick,Where would you click first to find yesterday's order?,"0.885,0.614",17.3
demo-ux,ux-014,ux-q07,prototype,Task 2: Schedule a delivery for tomorrow between 6 and 8 pm.,completed;5,46.4
demo-ux,ux-014,ux-q08,open,Describe how you went about scheduling the delivery. What did you expect to see?,I expected a 'schedule for later' button on the basket page and had to hunt for it in checkout instead. A default of tomorrow would save a tap.,183
demo-ux,ux-014,ux-q09,scale,"How confident are you that the delivery would arrive in the slot you chose? (1 = not at all, 7 = completely)",4,8.3
demo-ux,ux-014,ux-q10,firstclick,Where would you click first to apply a promo code?,"0.738,0.501",17.4
demo-ux,ux-014,ux-q11,website,Visit the Marrow help centre and find out how to report a missing item.,false,56.6
demo-ux,ux-014,ux-q12,open,How did finding the missing-item instructions go? What would you change?,"Found it quickly through the search bar, though the article was long and the actual steps were at the bottom. Took me about a minute.",84.5
demo-ux,ux-014,ux-q13,choice,Which of these features would you use? Select all that apply.,Price alerts on favourites,13.5
demo-ux,ux-014,ux-q14,scale,"How likely are you to recommend Marrow to a friend? (0 = not at all, 10 = extremely)",9,2.9
demo-ux,ux-014,ux-q15,open,Anything else you want to tell the Marrow team?,I don't know,26.2
demo-ux,ux-015,ux-q01,choice,How often do you order groceries online?,Several times a week,7.6
demo-ux,ux-015,ux-q02,prototype,"Task 1: Using the Marrow prototype, add a bag of oranges to your basket and proceed to checkout.",completed;5,49.4
demo-ux,ux-015,ux-q03,open,"What, if anything, was confusing about adding an item to the basket?",asdkjh qwe,7.7
demo-ux,ux-015,ux-q04,scale,"How easy was it to complete Task 1? (1 = very hard, 7 = very easy)",5,2.2
demo-ux,ux-015,ux-q05,firstclick,Where would you click first to change your delivery address?,"0.892,0.394",3.8
demo-ux,ux-015,ux-q06,firstclick,Where would you click first to find yesterday's order?,"0.904,0.658",4.5
demo-ux,ux-015,ux-q07,prototype,Task 2: Schedule a delivery for tomorrow between 6 and 8 pm.,partial;4,92.6
demo-ux,ux-015,ux-q08,open,Describe how you went about scheduling the delivery. What did you expect to see?,hjkl,17.1
demo-ux,ux-015,ux-q09,scale,"How confident are you that the delivery would arrive in the slot you chose? (1 = not at all, 7 = completely)",4,4.7
demo-ux,ux-015,ux-q10,firstclick,Where would you click first to apply a promo code?,"0.823,0.746",4.1
demo-ux,ux-015,ux-q11,website,Visit the Marrow help centre and find out how to report a missing item.,false,37.3
demo-ux,ux-015,ux-q12,open,How did finding the missing-item instructions go? What would you change?,89,14.8
demo-ux,ux-015,ux-q13,choice,Which of these features would you use? Select all that apply.,None of these,7.1
demo-ux,ux-015,ux-q14,scale,"How likely are you to recommend Marrow to a friend? (0 = not at all, 10 = extremely)",7,1.8
demo-ux,ux-015,ux-q15,open,Anything else you want to tell the Marrow team?,zxcv zxcv,12
demo-ux,ux-016,ux-q01,choice,How often do you order groceries online?,About once a week,11.3
demo-ux,ux-016,ux-q02,prototype,"Task 1: Using the Marrow prototype, add a bag of oranges to your basket and proceed to checkout.",partial;10,132.6
demo-ux,ux-016,ux-q03,open,"What, if anything, was confusing about adding an item to the basket?","I tapped the picture first thinking it would add the item, it opened a detail page instead. The search box was bloody useless for this.",35
demo-ux,ux-016,ux-q04,scale,"How easy was it to complete Task 1? (1 = very hard, 7 = very easy)",4,2.8
demo-ux,ux-016,ux-q05,firstclick,Where would you click first to change your delivery address?,"0.434,0.158",5.3
demo-ux,ux-016,ux-q06,firstclick,Where would you click first to find yesterday's order?,"0.417,0.744",10
demo-ux,ux-016,ux-q07,prototype,Task 2: Schedule a delivery for tomorrow between 6 and 8 pm.,gave_up;0,4.6
demo-ux,ux-016,ux-q08,open,Describe how you went about scheduling the delivery. What did you expect to see?,"It didn't load, I waited a bit and then pressed give up because there was nothing to click",78.4
demo-ux,ux-016,ux-q09,scale,"How confident are you that the delivery would arrive in the slot you chose? (1 = not at all, 7 = completely)",2,4.1
demo-ux,ux-016,ux-q10,firstclick,Where would you click first to apply a promo code?,"0.66,0.392",3.8
demo-ux,ux-016,ux-q11,website,Visit the Marrow help centre and find out how to report a missing item.,false,112.1
demo-ux,ux-016,ux-q12,open,How did finding the missing-item instructions go? What would you change?,"Found it quickly through the search bar, though the article was long and the actual steps were at the bottom.",62.5
demo-ux,ux-016,ux-q13,choice,Which of these features would you use? Select all that apply.,Price alerts on favourites,13.5
demo-ux,ux-016,ux-q14,scale,"How likely are you to recommend Marrow to a friend? (0 = not at all, 10 = extremely)",4,5.5
demo-ux,ux-016,ux-q15,open,Anything else you want to tell the Marrow team?,"Not much to add, maybe a loyalty scheme would get me to switch. Happy to test again.",32.4
demo-ux,ux-017,ux-q01,choice,How often do you order groceries online?,A few times a year,21.1
demo-ux,ux-017,ux-q02,prototype,"Task 1: Using the Marrow prototype, add a bag of oranges to your basket and proceed to checkout.",completed;8,58.8
demo-ux,ux-017,ux-q03,open,"What, if anything, was confusing about adding an item to the basket?","Nothing really confusing, the plus button on the product card did what I expected. A small confirmation toast would help.",42.7
demo-ux,ux-017,ux-q04,scale,"How easy was it to complete Task 1? (1 = very hard, 7 = very easy)",4,3.8
demo-ux,ux-017,ux-q05,firstclick,Where would you click first to change your delivery address?,"0.104,0.716",6.2
demo-ux,ux-017,ux-q06,firstclick,Where would you click first to find yesterday's order?,"0.907,0.591",13.3
demo-ux,ux-017,ux-q07,prototype,Task 2: Schedule a delivery for tomorrow between 6 and 8 pm.,gave_up;5,65.2
demo-ux,ux-017,ux-q08,open,Describe how you went about scheduling the delivery. What did you expect to see?,"I expected to see the slot picker before payment and that's where it was, so no surprises. A default of tomorrow would save a tap.",60.8
demo-ux,ux-017,ux-q09,scale,"How confident are you that the delivery would arrive in the slot you chose? (1 = not at all, 7 = completely)",3,4.8
demo-ux,ux-017,ux-q10,firstclick,Where would you click first to apply a promo code?,"0.659,0.53",4.1
demo-ux,ux-017,ux-q11,website,Visit the Marrow help centre and find out how to report a missing item.,false,163.5
demo-ux,ux-017,ux-q12,open,How did finding the missing-item instructions go? What would you change?,I searched for 'missing item' in the help centre and the second article explained how to report it from the order page,71
demo-ux,ux-017,ux-q13,choice,Which of these features would you use? Select all that apply.,Substitution preferences per item,13.5
demo-ux,ux-017,ux-q14,scale,"How likely are you to recommend Marrow to a friend? (0 = not at all, 10 = extremely)",5,3.2
demo-ux,ux-017,ux-q15,open,Anything else you want to tell the Marrow team?,I'd want a dark mode and bigger tap targets on the slot picker. Overall a decent experience.,47.1
demo-ux,ux-018,ux-q01,choice,How often do you order groceries online?,A few times a year,39.2
demo-ux,ux-018,ux-q02,prototype,"Task 1: Using the Marrow prototype, add a bag of oranges to your basket and proceed to checkout.",gave_up;4,67.1
demo-ux,ux-018,ux-q03,open,"What, if anything, was confusing about adding an item to the basket?","Took me a moment to find the basket, I was looking at the bottom bar but it sits top right.",88.2
demo-ux,ux-018,ux-q04,scale,"How easy was it to complete Task 1? (1 = very hard, 7 = very easy)",5,4.4
demo-ux,ux-018,ux-q05,firstclick,Where would you click first to change your delivery address?,"0.058,0.779",8.5
demo-ux,ux-018,ux-q06,firstclick,Where would you click first to find yesterday's order?,"0.948,0.523",40.5
demo-ux,ux-018,ux-q07,prototype,Task 2: Schedule a delivery for tomorrow between 6 and 8 pm.,completed;5,257.3
demo-ux,ux-018,ux-q08,open,Describe how you went about scheduling the delivery. What did you expect to see?,"pretty straightforward, checkout then 'choose a slot' then tomorrow then 6 to 8 pm. The confirmation screen made it clear which slot I chose.",107
demo-ux,ux-018,ux-q09,scale,"How confident are you that the delivery would arrive in the slot you chose? (1 = not at all, 7 = completely)",6,6.3
demo-ux,ux-018,ux-q10,firstclick,Where would you click first to apply a promo code?,"0.741,0.502",19.7
demo-ux,ux-018,ux-q11,website,Visit the Marrow help centre and find out how to report a missing item.,false,96.7
demo-ux,ux-018,ux-q12,open,How did finding the missing-item instructions go? What would you change?,"I found a chat button before I found the article, so I'd probably just use chat in real life",139.1
demo-ux,ux-018,ux-q13,choice,Which of these features would you use? Select all that apply.,Scheduled recurring deliveries,23.4
demo-ux,ux-018,ux-q14,scale,"How likely are you to recommend Marrow to a friend? (0 = not at all, 10 = extremely)",8,8.7
demo-ux,ux-018,ux-q15,open,Anything else you want to tell the Marrow team?,Please add a way to reorder last week's basket in one tap. Thanks for asking.,51.4
demo-ux,ux-019,ux-q01,choice,How often do you order groceries online?,Never,11.8
demo-ux,ux-019,ux-q02,prototype,"Task 1: Using the Marrow prototype, add a bag of oranges to your basket and proceed to checkout.",gave_up;6,104.2
demo-ux,ux-019,ux-q03,open,"What, if anything, was confusing about adding an item to the basket?","Took me a moment to find the basket, I was looking at the bottom bar but it sits top right. Maybe make the basket badge animate when something is added.",70.8
demo-ux,ux-019,ux-q04,scale,"How easy was it to complete Task 1? (1 = very hard, 7 = very easy)",3,3.8
demo-ux,ux-019,ux-q05,firstclick,Where would you click first to change your delivery address?,"0.056,0.751",6.7
demo-ux,ux-019,ux-q06,firstclick,Where would you click first to find yesterday's order?,"0.915,0.659",5.2
demo-ux,ux-019,ux-q07,prototype,Task 2: Schedule a delivery for tomorrow between 6 and 8 pm.,completed;5,82
demo-ux,ux-019,ux-q08,open,Describe how you went about scheduling the delivery. What did you expect to see?,"I went to my account first thinking the schedule lived there, then backtracked to checkout.",77.7
demo-ux,ux-019,ux-q09,scale,"How confident are you that the delivery would arrive in the slot you chose? (1 = not at all, 7 = completely)",5,4.7
demo-ux,ux-019,ux-q10,firstclick,Where would you click first to apply a promo code?,"0.763,0.593",15.7
demo-ux,ux-019,ux-q11,website,Visit the Marrow help centre and find out how to report a missing item.,false,44.5
demo-ux,ux-019,ux-q12,open,How did finding the missing-item instructions go? What would you change?,"Fine overall, two clicks from the help home page. A direct link from the order would be better.",59.4
demo-ux,ux-019,ux-q13,choice,Which of these features would you use? Select all that apply.,Scheduled recurring deliveries,16.4
demo-ux,ux-019,ux-q14,scale,"How likely are you to recommend Marrow to a friend? (0 = not at all, 10 = extremely)",6,6.2
demo-ux,ux-019,ux-q15,open,Anything else you want to tell the Marrow team?,i'd want a dark mode and bigger tap targets on the slot picker,26.7
demo-ux,ux-020,ux-q01,choice,How often do you order groceries online?,Never,0.8
demo-ux,ux-020,ux-q02,prototype,"Task 1: Using the Marrow prototype, add a bag of oranges to your basket and proceed to checkout.",gave_up;2,14.8
demo-ux,ux-020,ux-q03,open,"What, if anything, was confusing about adding an item to the basket?",easy,7.2
demo-ux,ux-020,ux-q04,scale,"How easy was it to complete Task 1? (1 = very hard, 7 = very easy)",7,0.9
demo-ux,ux-020,ux-q05,firstclick,Where would you click first to change your delivery address?,"0.396,0.08",1
demo-ux,ux-020,ux-q06,firstclick,Where would you click first to find yesterday's order?,"0.762,0.865",1.4
demo-ux,ux-020,ux-q07,prototype,Task 2: Schedule a delivery for tomorrow between 6 and 8 pm.,partial;2,16.9
demo-ux,ux-020,ux-q08,open,Describe how you went about scheduling the delivery. What did you expect to see?,fine i guess,18
demo-ux,ux-020,ux-q09,scale,"How confident are you that the delivery would arrive in the slot you chose? (1 = not at all, 7 = completely)",7,0.9
demo-ux,ux-020,ux-q10,firstclick,Where would you click first to apply a promo code?,"0.192,0.635",4.3
demo-ux,ux-020,ux-q11,website,Visit the Marrow help centre and find out how to report a missing item.,true,11.5
demo-ux,ux-020,ux-q12,open,How did finding the missing-item instructions go? What would you change?,easy,11.1
demo-ux,ux-020,ux-q13,choice,Which of these features would you use? Select all that apply.,Scheduled recurring deliveries,3
demo-ux,ux-020,ux-q14,scale,"How likely are you to recommend Marrow to a friend? (0 = not at all, 10 = extremely)",10,0.8
demo-ux,ux-020,ux-q15,open,Anything else you want to tell the Marrow team?,good,8.7
demo-ux,ux-021,ux-q01,choice,How often do you order groceries online?,About once a month,20.3
demo-ux,ux-021,ux-q02,prototype,"Task 1: Using the Marrow prototype, add a bag of oranges to your basket and proceed to checkout.",partial;7,24.3
demo-ux,ux-021,ux-q03,open,"What, if anything, was confusing about adding an item to the basket?","I tapped the picture first thinking it would add the item, it opened a detail page instead.",43.2
demo-ux,ux-021,ux-q04,scale,"How easy was it to complete Task 1? (1 = very hard, 7 = very easy)",4,1.7
demo-ux,ux-021,ux-q05,firstclick,Where would you click first to change your delivery address?,"0,0.843",3.1
demo-ux,ux-021,ux-q06,firstclick,Where would you click first to find yesterday's order?,"0.945,0.556",3.5
demo-ux,ux-021,ux-q07,prototype,Task 2: Schedule a delivery for tomorrow between 6 and 8 pm.,completed;11,78.4
demo-ux,ux-021,ux-q08,open,Describe how you went about scheduling the delivery. What did you expect to see?,"There was a list of days across the top and time windows below, I tapped tomorrow and then the evening slot.",73.5
demo-ux,ux-021,ux-q09,scale,"How confident are you that the delivery would arrive in the slot you chose? (1 = not at all, 7 = completely)",4,2.6
demo-ux,ux-021,ux-q10,firstclick,Where would you click first to apply a promo code?,"0.79,0.519",5.6
demo-ux,ux-021,ux-q11,website,Visit the Marrow help centre and find out how to report a missing item.,false,54.6
demo-ux,ux-021,ux-q12,open,How did finding the missing-item instructions go? What would you change?,"Search worked but the top result was about missing deliveries, not missing items, which are different things. I'd put the most common problems on the help home page.",72.3
demo-ux,ux-021,ux-q13,choice,Which of these features would you use? Select all that apply.,Live order tracking; Substitution preferences per item,5.4
demo-ux,ux-021,ux-q14,scale,"How likely are you to recommend Marrow to a friend? (0 = not at all, 10 = extremely)",7,1.7
demo-ux,ux-021,ux-q15,open,Anything else you want to tell the Marrow team?,"Prices seemed higher than my usual supermarket, that would be the deciding factor for me",16.4
demo-ux,ux-022,ux-q01,choice,How often do you order groceries online?,A few times a year,9.9
demo-ux,ux-022,ux-q02,prototype,"Task 1: Using the Marrow prototype, add a bag of oranges to your basket and proceed to checkout.",completed;11,79.7
demo-ux,ux-022,ux-q03,open,"What, if anything, was confusing about adding an item to the basket?","I expected a quantity picker before adding, instead it added one bag straight away. A small confirmation toast would help.",60.7
demo-ux,ux-022,ux-q04,scale,"How easy was it to complete Task 1? (1 = very hard, 7 = very easy)",6,3.8
demo-ux,ux-022,ux-q05,firstclick,Where would you click first to change your delivery address?,"0.126,0.839",6.6
demo-ux,ux-022,ux-q06,firstclick,Where would you click first to find yesterday's order?,"1,0.6",10
demo-ux,ux-022,ux-q07,prototype,Task 2: Schedule a delivery for tomorrow between 6 and 8 pm.,gave_up;0,3.1
demo-ux,ux-022,ux-q08,open,Describe how you went about scheduling the delivery. What did you expect to see?,"The second task showed a spinner and never finished loading, so I couldn't try it.",51.1
demo-ux,ux-022,ux-q09,scale,"How confident are you that the delivery would arrive in the slot you chose? (1 = not at all, 7 = completely)",5,4.3
demo-ux,ux-022,ux-q10,firstclick,Where would you click first to apply a promo code?,"0.723,0.483",10.9
demo-ux,ux-022,ux-q11,website,Visit the Marrow help centre and find out how to report a missing item.,false,42.4
demo-ux,ux-022,ux-q12,open,How did finding the missing-item instructions go? What would you change?,"i browsed the orders section first, it wasn't there, then the search found it",32.2
demo-ux,ux-022,ux-q13,choice,Which of these features would you use? Select all that apply.,Reorder a previous basket; Substitution preferences per item,21.7
demo-ux,ux-022,ux-q14,scale,"How likely are you to recommend Marrow to a friend? (0 = not at all, 10 = extremely)",10,4.4
demo-ux,ux-022,ux-q15,open,Anything else you want to tell the Marrow team?,Please add a way to reorder last week's basket in one tap.,33.7
demo-ux,ux-023,ux-q01,choice,How often do you order groceries online?,About once a month,4.6
demo-ux,ux-023,ux-q02,prototype,"Task 1: Using the Marrow prototype, add a bag of oranges to your basket and proceed to checkout.",gave_up;10,42.7
demo-ux,ux-023,ux-q03,open,"What, if anything, was confusing about adding an item to the basket?",i wasn't sure if the price shown was per bag or per kilo,41.4
demo-ux,ux-023,ux-q04,scale,"How easy was it to complete Task 1? (1 = very hard, 7 = very easy)",6,4.9
demo-ux,ux-023,ux-q05,firstclick,Where would you click first to change your delivery address?,"0.078,0.816",5.4
demo-ux,ux-023,ux-q06,firstclick,Where would you click first to find yesterday's order?,"0.993,0.418",5.7
demo-ux,ux-023,ux-q07,prototype,Task 2: Schedule a delivery for tomorrow between 6 and 8 pm.,completed;11,100.1
demo-ux,ux-023,ux-q08,open,Describe how you went about scheduling the delivery. What did you expect to see?,"I opened the basket, found the delivery slot section and picked tomorrow evening, then scrolled to the six to eight option.",71.8
demo-ux,ux-023,ux-q09,scale,"How confident are you that the delivery would arrive in the slot you chose? (1 = not at all, 7 = completely)",5,1.9
demo-ux,ux-023,ux-q10,firstclick,Where would you click first to apply a promo code?,"0.659,0.447",4.3
demo-ux,ux-023,ux-q11,website,Visit the Marrow help centre and find out how to report a missing item.,false,53.9
demo-ux,ux-023,ux-q12,open,How did finding the missing-item instructions go? What would you change?,"I browsed the orders section first, it wasn't there, then the search found it. Otherwise no complaints.",38.2
demo-ux,ux-023,ux-q13,choice,Which of these features would you use? Select all that apply.,Reorder a previous basket; Substitution preferences per item; Shared household basket,8.1
demo-ux,ux-023,ux-q14,scale,"How likely are you to recommend Marrow to a friend? (0 = not at all, 10 = extremely)",10,3
demo-ux,ux-023,ux-q15,open,Anything else you want to tell the Marrow team?,"Not much to add, maybe a loyalty scheme would get me to switch.",21.2
demo-ux,ux-024,ux-q01,choice,How often do you order groceries online?,About once a month,40.2
demo-ux,ux-024,ux-q02,prototype,"Task 1: Using the Marrow prototype, add a bag of oranges to your basket and proceed to checkout.",gave_up;7,88.6
demo-ux,ux-024,ux-q03,open,"What, if anything, was confusing about adding an item to the basket?",I wasn't sure if the price shown was per bag or per kilo.,115.4
demo-ux,ux-024,ux-q04,scale,"How easy was it to complete Task 1? (1 = very hard, 7 = very easy)",6,8.6
demo-ux,ux-024,ux-q05,firstclick,Where would you click first to change your delivery address?,"0.148,0.17",23.8
demo-ux,ux-024,ux-q06,firstclick,Where would you click first to find yesterday's order?,"0.911,0.592",12.4
demo-ux,ux-024,ux-q07,prototype,Task 2: Schedule a delivery for tomorrow between 6 and 8 pm.,completed;13,173
demo-ux,ux-024,ux-q08,open,Describe how you went about scheduling the delivery. What did you expect to see?,"Pretty straightforward, checkout then 'choose a slot' then tomorrow then 6 to 8 pm.",131.6
demo-ux,ux-024,ux-q09,scale,"How confident are you that the delivery would arrive in the slot you chose? (1 = not at all, 7 = completely)",5,5
demo-ux,ux-024,ux-q10,firstclick,Where would you click first to apply a promo code?,"0.686,0.522",20.8
demo-ux,ux-024,ux-q11,website,Visit the Marrow help centre and find out how to report a missing item.,true,129.9
demo-ux,ux-024,ux-q12,open,How did finding the missing-item instructions go? What would you change?,"i browsed the orders section first, it wasn't there, then the search found it. I'd put the most common problems on the help home page.",139.3
demo-ux,ux-024,ux-q13,choice,Which of these features would you use? Select all that apply.,Live order tracking,21.7
demo-ux,ux-024,ux-q14,scale,"How likely are you to recommend Marrow to a friend? (0 = not at all, 10 = extremely)",5,8.4
demo-ux,ux-024,ux-q15,open,Anything else you want to tell the Marrow team?,Please add a way to reorder last week's basket in one tap.,90.4
demo-ux,ux-025,ux-q01,choice,How often do you order groceries online?,Never,10
demo-ux,ux-025,ux-q02,prototype,"Task 1: Using the Marrow prototype, add a bag of oranges to your basket and proceed to checkout.",completed;8,71.7
demo-ux,ux-025,ux-q03,open,"What, if anything, was confusing about adding an item to the basket?","Adding was easy, proceeding to checkout was less obvious because the button only appears after a scroll.",30
demo-ux,ux-025,ux-q04,scale,"How easy was it to complete Task 1? (1 = very hard, 7 = very easy)",3,4.7
demo-ux,ux-025,ux-q05,firstclick,Where would you click first to change your delivery address?,"0.085,0.76",13.4
demo-ux,ux-025,ux-q06,firstclick,Where would you click first to find yesterday's order?,"0.869,0.704",7.1
demo-ux,ux-025,ux-q07,prototype,Task 2: Schedule a delivery for tomorrow between 6 and 8 pm.,completed;9,45.3
demo-ux,ux-025,ux-q08,open,Describe how you went about scheduling the delivery. What did you expect to see?,i found it under checkout but the evening slot said limited availability so I hesitated before choosing it.,98.2
demo-ux,ux-025,ux-q09,scale,"How confident are you that the delivery would arrive in the slot you chose? (1 = not at all, 7 = completely)",4,1.3
demo-ux,ux-025,ux-q10,firstclick,Where would you click first to apply a promo code?,"0.665,0.537",7.3
demo-ux,ux-025,ux-q11,website,Visit the Marrow help centre and find out how to report a missing item.,true,20.2
demo-ux,ux-025,ux-q12,open,How did finding the missing-item instructions go? What would you change?,"It took a while, the help centre groups articles by topic and 'missing item' sits under payments for some reason. A direct link from the order would be better.",111.3
demo-ux,ux-025,ux-q13,choice,Which of these features would you use? Select all that apply.,Live order tracking; Shared household basket; Price alerts on favourites,15.4
demo-ux,ux-025,ux-q14,scale,"How likely are you to recommend Marrow to a friend? (0 = not at all, 10 = extremely)",7,8.4
demo-ux,ux-025,ux-q15,open,Anything else you want to tell the Marrow team?,"Prices seemed higher than my usual supermarket, that would be the deciding factor for me. Thanks for asking.",95.2
demo-ux,ux-026,ux-q01,choice,How often do you order groceries online?,Never,3.9
demo-ux,ux-026,ux-q02,prototype,"Task 1: Using the Marrow prototype, add a bag of oranges to your basket and proceed to checkout.",gave_up;1,33
demo-ux,ux-026,ux-q03,open,"What, if anything, was confusing about adding an item to the basket?",easy,7.9
demo-ux,ux-026,ux-q04,scale,"How easy was it to complete Task 1? (1 = very hard, 7 = very easy)",7,1.1
demo-ux,ux-026,ux-q05,firstclick,Where would you click first to change your delivery address?,"0.489,0.958",2.9
demo-ux,ux-026,ux-q06,firstclick,Where would you click first to find yesterday's order?,"0.657,0.89",4.2
demo-ux,ux-026,ux-q07,prototype,Task 2: Schedule a delivery for tomorrow between 6 and 8 pm.,gave_up;2,24.3
demo-ux,ux-026,ux-q08,open,Describe how you went about scheduling the delivery. What did you expect to see?,easy,18.4
demo-ux,ux-026,ux-q09,scale,"How confident are you that the delivery would arrive in the slot you chose? (1 = not at all, 7 = completely)",7,3.1
demo-ux,ux-026,ux-q10,firstclick,Where would you click first to apply a promo code?,"0.853,0.271",1.5
demo-ux,ux-026,ux-q11,website,Visit the Marrow help centre and find out how to report a missing item.,false,23.4
demo-ux,ux-026,ux-q12,open,How did finding the missing-item instructions go? What would you change?,nothing,9.3
demo-ux,ux-026,ux-q13,choice,Which of these features would you use? Select all that apply.,Recipe-based shopping lists,2.3
demo-ux,ux-026,ux-q14,scale,"How likely are you to recommend Marrow to a friend? (0 = not at all, 10 = extremely)",2,3.4
demo-ux,ux-026,ux-q15,open,Anything else you want to tell the Marrow team?,easy,7.4
demo-ux,ux-027,ux-q01,choice,How often do you order groceries online?,About once a week,12.9
demo-ux,ux-027,ux-q02,prototype,"Task 1: Using the Marrow prototype, add a bag of oranges to your basket and proceed to checkout.",completed;6,75.8
demo-ux,ux-027,ux-q03,open,"What, if anything, was confusing about adding an item to the basket?","I tapped the picture first thinking it would add the item, it opened a detail page instead.",39.9
demo-ux,ux-027,ux-q04,scale,"How easy was it to complete Task 1? (1 = very hard, 7 = very easy)",1,3.4
demo-ux,ux-027,ux-q05,firstclick,Where would you click first to change your delivery address?,"0.051,0.895",6.2
demo-ux,ux-027,ux-q06,firstclick,Where would you click first to find yesterday's order?,"0.871,0.593",9
demo-ux,ux-027,ux-q07,prototype,Task 2: Schedule a delivery for tomorrow between 6 and 8 pm.,gave_up;7,66.9
demo-ux,ux-027,ux-q08,open,Describe how you went about scheduling the delivery. What did you expect to see?,"I expected to see the slot picker before payment and that's where it was, so no surprises.",78
demo-ux,ux-027,ux-q09,scale,"How confident are you that the delivery would arrive in the slot you chose? (1 = not at all, 7 = completely)",4,8.4
demo-ux,ux-027,ux-q10,firstclick,Where would you click first to apply a promo code?,"0.82,0.531",6.1
demo-ux,ux-027,ux-q11,website,Visit the Marrow help centre and find out how to report a missing item.,false,37.8
demo-ux,ux-027,ux-q12,open,How did finding the missing-item instructions go? What would you change?,The help centre asked me to log in before showing anything which was annoying for a quick question. The article could use screenshots.,41.3
demo-ux,ux-027,ux-q13,choice,Which of these features would you use? Select all that apply.,Scheduled recurring deliveries; Recipe-based shopping lists; Substitution preferences per item,7.1
demo-ux,ux-027,ux-q14,scale,"How likely are you to recommend Marrow to a friend? (0 = not at all, 10 = extremely)",4,3.9
demo-ux,ux-027,ux-q15,open,Anything else you want to tell the Marrow team?,Please add a way to reorder last week's basket in one tap. That's all from me,26
demo-ux,ux-028,ux-q01,choice,How often do you order groceries online?,About once a week,6.6
demo-ux,ux-028,ux-q02,prototype,"Task 1: Using the Marrow prototype, add a bag of oranges to your basket and proceed to checkout.",completed;14,93
demo-ux,ux-028,ux-q03,open,"What, if anything, was confusing about adding an item to the basket?",The search result showed loose oranges and a bag and I wasn't sure which one the task wanted. Maybe make the basket badge animate when something is added.,45
demo-ux,ux-028,ux-q04,scale,"How easy was it to complete Task 1? (1 = very hard, 7 = very easy)",4,4.3
demo-ux,ux-028,ux-q05,firstclick,Where would you click first to change your delivery address?,"0.065,0.732",4.6
demo-ux,ux-028,ux-q06,firstclick,Where would you click first to find yesterday's order?,"0.228,0.372",5.7
demo-ux,ux-028,ux-q07,prototype,Task 2: Schedule a delivery for tomorrow between 6 and 8 pm.,partial;3,138.1
demo-ux,ux-028,ux-q08,open,Describe how you went about scheduling the delivery. What did you expect to see?,I expected a 'schedule for later' button on the basket page and had to hunt for it in checkout instead.,28.1
demo-ux,ux-028,ux-q09,scale,"How confident are you that the delivery would arrive in the slot you chose? (1 = not at all, 7 = completely)",5,3.1
demo-ux,ux-028,ux-q10,firstclick,Where would you click first to apply a promo code?,"0.726,0.545",9.4
demo-ux,ux-028,ux-q11,website,Visit the Marrow help centre and find out how to report a missing item.,false,52.3
demo-ux,ux-028,ux-q12,open,How did finding the missing-item instructions go? What would you change?,"Search worked but the top result was about missing deliveries, not missing items, which are different things.",57.4
demo-ux,ux-028,ux-q13,choice,Which of these features would you use? Select all that apply.,Scheduled recurring deliveries; Live order tracking,19.3
demo-ux,ux-028,ux-q14,scale,"How likely are you to recommend Marrow to a friend? (0 = not at all, 10 = extremely)",5,2.7
demo-ux,ux-028,ux-q15,open,Anything else you want to tell the Marrow team?,I'd like to see substitution preferences per item rather than one global toggle.,48.6
demo-ux,ux-029,ux-q01,choice,How often do you order groceries online?,Several times a week,17
demo-ux,ux-029,ux-q02,prototype,"Task 1: Using the Marrow prototype, add a bag of oranges to your basket and proceed to checkout.",gave_up;6,123.3
demo-ux,ux-029,ux-q03,open,"What, if anything, was confusing about adding an item to the basket?","Honestly the flow was fine, though the 'add' label is tiny on my phone. I got there in the end though.",67.8
demo-ux,ux-029,ux-q04,scale,"How easy was it to complete Task 1? (1 = very hard, 7 = very easy)",5,5.7
demo-ux,ux-029,ux-q05,firstclick,Where would you click first to change your delivery address?,"0.12,0.768",18.1
demo-ux,ux-029,ux-q06,firstclick,Where would you click first to find yesterday's order?,"0.924,0.626",9.6
demo-ux,ux-029,ux-q07,prototype,Task 2: Schedule a delivery for tomorrow between 6 and 8 pm.,gave_up;7,60.8
demo-ux,ux-029,ux-q08,open,Describe how you went about scheduling the delivery. What did you expect to see?,I expected a 'schedule for later' button on the basket page and had to hunt for it in checkout instead,71.6
demo-ux,ux-029,ux-q09,scale,"How confident are you that the delivery would arrive in the slot you chose? (1 = not at all, 7 = completely)",5,9
demo-ux,ux-029,ux-q10,firstclick,Where would you click first to apply a promo code?,"0.67,0.555",8.6
demo-ux,ux-029,ux-q11,website,Visit the Marrow help centre and find out how to report a missing item.,true,39.4
demo-ux,ux-029,ux-q12,open,How did finding the missing-item instructions go? What would you change?,"Found it quickly through the search bar, though the article was long and the actual steps were at the bottom.",48.9
demo-ux,ux-029,ux-q13,choice,Which of these features would you use? Select all that apply.,Reorder a previous basket; Substitution preferences per item,5.8
demo-ux,ux-029,ux-q14,scale,"How likely are you to recommend Marrow to a friend? (0 = not at all, 10 = extremely)",8,8.5
demo-ux,ux-029,ux-q15,open,Anything else you want to tell the Marrow team?,"Prices seemed higher than my usual supermarket, that would be the deciding factor for me.",36.2
demo-ux,ux-030,ux-q01,choice,How often do you order groceries online?,Several times a week,7.9
demo-ux,ux-030,ux-q02,prototype,"Task 1: Using the Marrow prototype, add a bag of oranges to your basket and proceed to checkout.",completed;12,98
demo-ux,ux-030,ux-q03,open,"What, if anything, was confusing about adding an item to the basket?",The basket icon didn't update right away so I wasn't sure the oranges had actually been added. Otherwise it worked as I expected.,74.7
demo-ux,ux-030,ux-q04,scale,"How easy was it to complete Task 1? (1 = very hard, 7 = very easy)",2,2.5
demo-ux,ux-030,ux-q05,firstclick,Where would you click first to change your delivery address?,"0.115,0.775",8.9
demo-ux,ux-030,ux-q06,firstclick,Where would you click first to find yesterday's order?,"0.934,0.604",9.5
demo-ux,ux-030,ux-q07,prototype,Task 2: Schedule a delivery for tomorrow between 6 and 8 pm.,completed;11,68.9
demo-ux,ux-030,ux-q08,open,Describe how you went about scheduling the delivery. What did you expect to see?,"I found it under checkout but the evening slot said limited availability so I hesitated before choosing it. It worked, just more steps than I expected.",136.6
demo-ux,ux-030,ux-q09,scale,"How confident are you that the delivery would arrive in the slot you chose? (1 = not at all, 7 = completely)",2,4.4
demo-ux,ux-030,ux-q10,firstclick,Where would you click first to apply a promo code?,"0.666,0.498",7.5
demo-ux,ux-030,ux-q11,website,Visit the Marrow help centre and find out how to report a missing item.,false,36.5
demo-ux,ux-030,ux-q12,open,How did finding the missing-item instructions go? What would you change?,"I browsed the orders section first, it wasn't there, then the search found it. I'd put the most common problems on the help home page.",113.1
demo-ux,ux-030,ux-q13,choice,Which of these features would you use? Select all that apply.,Reorder a previous basket; Scheduled recurring deliveries; Shared household basket,16.2
demo-ux,ux-030,ux-q14,scale,"How likely are you to recommend Marrow to a friend? (0 = not at all, 10 = extremely)",2,5.2
demo-ux,ux-030,ux-q15,open,Anything else you want to tell the Marrow team?,"The app feels fast and the product photos are good, I'd try it for a real order.",33.6
demo-ux,ux-031,ux-q01,choice,How often do you order groceries online?,A few times a year,8.3
demo-ux,ux-031,ux-q02,prototype,"Task 1: Using the Marrow prototype, add a bag of oranges to your basket and proceed to checkout.",completed;7,43.4
demo-ux,ux-031,ux-q03,open,"What, if anything, was confusing about adding an item to the basket?","The substitution toggle popped up before I even reached checkout, that threw me off. A small confirmation toast would help",31.9
demo-ux,ux-031,ux-q04,scale,"How easy was it to complete Task 1? (1 = very hard, 7 = very easy)",4,3.7
demo-ux,ux-031,ux-q05,firstclick,Where would you click first to change your delivery address?,"0.073,0.82",5.3
demo-ux,ux-031,ux-q06,firstclick,Where would you click first to find yesterday's order?,"0.932,0.668",6.8
demo-ux,ux-031,ux-q07,prototype,Task 2: Schedule a delivery for tomorrow between 6 and 8 pm.,completed;10,102.3
demo-ux,ux-031,ux-q08,open,Describe how you went about scheduling the delivery. What did you expect to see?,"I tried tapping the delivery address thinking the time would be there, it wasn't, so I kept scrolling.",138.8
demo-ux,ux-031,ux-q09,scale,"How confident are you that the delivery would arrive in the slot you chose? (1 = not at all, 7 = completely)",2,7
demo-ux,ux-031,ux-q10,firstclick,Where would you click first to apply a promo code?,"0.718,0.424",5.3
demo-ux,ux-031,ux-q11,website,Visit the Marrow help centre and find out how to report a missing item.,false,46.3
demo-ux,ux-031,ux-q12,open,How did finding the missing-item instructions go? What would you change?,"Search worked but the top result was about missing deliveries, not missing items, which are different things.",21.4
demo-ux,ux-031,ux-q13,choice,Which of these features would you use? Select all that apply.,None of these,13.3
demo-ux,ux-031,ux-q14,scale,"How likely are you to recommend Marrow to a friend? (0 = not at all, 10 = extremely)",3,6.1
demo-ux,ux-031,ux-q15,open,Anything else you want to tell the Marrow team?,The green colour scheme is pleasant but some text is low contrast.,46.3
demo-ux,ux-032,ux-q01,choice,How often do you order groceries online?,About once a week,17.5
demo-ux,ux-032,ux-q02,prototype,"Task 1: Using the Marrow prototype, add a bag of oranges to your basket and proceed to checkout.",completed;13,112.3
demo-ux,ux-032,ux-q03,open,"What, if anything, was confusing about adding an item to the basket?","I tapped the picture first thinking it would add the item, it opened a detail page instead. Otherwise it worked as I expected",37.7
demo-ux,ux-032,ux-q04,scale,"How easy was it to complete Task 1? (1 = very hard, 7 = very easy)",4,2.9
demo-ux,ux-032,ux-q05,firstclick,Where would you click first to change your delivery address?,"0.098,0.815",6.9
demo-ux,ux-032,ux-q06,firstclick,Where would you click first to find yesterday's order?,"0.973,0.598",9.8
demo-ux,ux-032,ux-q07,prototype,Task 2: Schedule a delivery for tomorrow between 6 and 8 pm.,completed;13,145.6
demo-ux,ux-032,ux-q08,open,Describe how you went about scheduling the delivery. What did you expect to see?,I expected a 'schedule for later' button on the basket page and had to hunt for it in checkout instead.,73.4
demo-ux,ux-032,ux-q09,scale,"How confident are you that the delivery would arrive in the slot you chose? (1 = not at all, 7 = completely)",5,2.8
demo-ux,ux-032,ux-q10,firstclick,Where would you click first to apply a promo code?,"0.645,0.525",5.6
demo-ux,ux-032,ux-q11,website,Visit the Marrow help centre and find out how to report a missing item.,false,111.5
demo-ux,ux-032,ux-q12,open,How did finding the missing-item instructions go? What would you change?,"I found a chat button before I found the article, so I'd probably just use chat in real life.",49.3
demo-ux,ux-032,ux-q13,choice,Which of these features would you use? Select all that apply.,Reorder a previous basket; Shared household basket,34.4
demo-ux,ux-032,ux-q14,scale,"How likely are you to recommend Marrow to a friend? (0 = not at all, 10 = extremely)",6,5
demo-ux,ux-032,ux-q15,open,Anything else you want to tell the Marrow team?,"Nothing else, the test was clear and the tasks were realistic.",27
demo-ux,ux-033,ux-q01,choice,How often do you order groceries online?,About once a week,3.3
demo-ux,ux-033,ux-q02,prototype,"Task 1: Using the Marrow prototype, add a bag of oranges to your basket and proceed to checkout.",completed;6,67.3
demo-ux,ux-033,ux-q03,open,"What, if anything, was confusing about adding an item to the basket?","The checkout button is hidden under the basket summary, I scrolled past it twice.",24.4
demo-ux,ux-033,ux-q04,scale,"How easy was it to complete Task 1? (1 = very hard, 7 = very easy)",7,1.6
demo-ux,ux-033,ux-q05,firstclick,Where would you click first to change your delivery address?,"0.068,0.704",4.7
demo-ux,ux-033,ux-q06,firstclick,Where would you click first to find yesterday's order?,"0.996,0.723",3.1
demo-ux,ux-033,ux-q07,prototype,Task 2: Schedule a delivery for tomorrow between 6 and 8 pm.,gave_up;0,4.5
demo-ux,ux-033,ux-q08,open,Describe how you went about scheduling the delivery. What did you expect to see?,"The second task showed a spinner and never finished loading, so I couldn't try it.",59.5
demo-ux,ux-033,ux-q09,scale,"How confident are you that the delivery would arrive in the slot you chose? (1 = not at all, 7 = completely)",6,2.1
demo-ux,ux-033,ux-q10,firstclick,Where would you click first to apply a promo code?,"0.8,0.666",1.9
demo-ux,ux-033,ux-q11,website,Visit the Marrow help centre and find out how to report a missing item.,false,76
demo-ux,ux-033,ux-q12,open,How did finding the missing-item instructions go? What would you change?,"It took a while, the help centre groups articles by topic and 'missing item' sits under payments for some reason. I'd put the most common problems on the help home page.",63.3
demo-ux,ux-033,ux-q13,choice,Which of these features would you use? Select all that apply.,Substitution preferences per item,7
demo-ux,ux-033,ux-q14,scale,"How likely are you to recommend Marrow to a friend? (0 = not at all, 10 = extremely)",7,3
demo-ux,ux-033,ux-q15,open,Anything else you want to tell the Marrow team?,"The delivery fee should be shown earlier, before I fill the basket.",34
demo-ux,ux-034,ux-q01,choice,How often do you order groceries online?,A few times a year,9.1
demo-ux,ux-034,ux-q02,prototype,"Task 1: Using the Marrow prototype, add a bag of oranges to your basket and proceed to checkout.",partial;6,46.7
demo-ux,ux-034,ux-q03,open,"What, if anything, was confusing about adding an item to the basket?","Took me a moment to find the basket, I was looking at the bottom bar but it sits top right.",53.5
demo-ux,ux-034,ux-q04,scale,"How easy was it to complete Task 1? (1 = very hard, 7 = very easy)",3,5.9
demo-ux,ux-034,ux-q05,firstclick,Where would you click first to change your delivery address?,"0.098,0.736",5.2
demo-ux,ux-034,ux-q06,firstclick,Where would you click first to find yesterday's order?,"0.864,0.661",11.1
demo-ux,ux-034,ux-q07,prototype,Task 2: Schedule a delivery for tomorrow between 6 and 8 pm.,completed;13,89.6
demo-ux,ux-034,ux-q08,open,Describe how you went about scheduling the delivery. What did you expect to see?,"I expected to see the slot picker before payment and that's where it was, so no surprises. It worked, just more steps than I expected.",52.4
demo-ux,ux-034,ux-q09,scale,"How confident are you that the delivery would arrive in the slot you chose? (1 = not at all, 7 = completely)",4,2.4
demo-ux,ux-034,ux-q10,firstclick,Where would you click first to apply a promo code?,"0.627,0.536",8.8
demo-ux,ux-034,ux-q11,website,Visit the Marrow help centre and find out how to report a missing item.,false,81.7
demo-ux,ux-034,ux-q12,open,How did finding the missing-item instructions go? What would you change?,"Found it quickly through the search bar, though the article was long and the actual steps were at the bottom. I would make the search box bigger.",56.2
demo-ux,ux-034,ux-q13,choice,Which of these features would you use? Select all that apply.,Reorder a previous basket; Scheduled recurring deliveries; Live order tracking; Shared household basket,8.3
demo-ux,ux-034,ux-q14,scale,"How likely are you to recommend Marrow to a friend? (0 = not at all, 10 = extremely)",6,5.6
demo-ux,ux-034,ux-q15,open,Anything else you want to tell the Marrow team?,I'd like to see substitution preferences per item rather than one global toggle. Overall a decent experience.,24.7
demo-ux,ux-035,ux-q01,choice,How often do you order groceries online?,Never,8.8
demo-ux,ux-035,ux-q02,prototype,"Task 1: Using the Marrow prototype, add a bag of oranges to your basket and proceed to checkout.",completed;6,80.1
demo-ux,ux-035,ux-q03,open,"What, if anything, was confusing about adding an item to the basket?",The search result showed loose oranges and a bag and I wasn't sure which one the task wanted. Maybe make the basket badge animate when something is added.,67.8
demo-ux,ux-035,ux-q04,scale,"How easy was it to complete Task 1? (1 = very hard, 7 = very easy)",7,3
demo-ux,ux-035,ux-q05,firstclick,Where would you click first to change your delivery address?,"0.079,0.762",16.2
demo-ux,ux-035,ux-q06,firstclick,Where would you click first to find yesterday's order?,"0.935,0.638",8
demo-ux,ux-035,ux-q07,prototype,Task 2: Schedule a delivery for tomorrow between 6 and 8 pm.,completed;9,35
demo-ux,ux-035,ux-q08,open,Describe how you went about scheduling the delivery. What did you expect to see?,"The day tabs were clear but the time windows were two-hour blocks starting at odd hours, so I picked the closest one. The confirmation screen made it clear which slot I chose.",75.9
demo-ux,ux-035,ux-q09,scale,"How confident are you that the delivery would arrive in the slot you chose? (1 = not at all, 7 = completely)",6,5.4
demo-ux,ux-035,ux-q10,firstclick,Where would you click first to apply a promo code?,"0.67,0.446",7.6
demo-ux,ux-035,ux-q11,website,Visit the Marrow help centre and find out how to report a missing item.,false,76.3
demo-ux,ux-035,ux-q12,open,How did finding the missing-item instructions go? What would you change?,"Fine overall, two clicks from the help home page.",73.4
demo-ux,ux-035,ux-q13,choice,Which of these features would you use? Select all that apply.,Scheduled recurring deliveries,16
demo-ux,ux-035,ux-q14,scale,"How likely are you to recommend Marrow to a friend? (0 = not at all, 10 = extremely)",8,7
demo-ux,ux-035,ux-q15,open,Anything else you want to tell the Marrow team?,"let me filter by dietary needs, I couldn't find a vegan filter anywhere.",62.7
demo-ux,ux-036,ux-q01,choice,How often do you order groceries online?,About once a week,8.6
demo-ux,ux-036,ux-q02,prototype,"Task 1: Using the Marrow prototype, add a bag of oranges to your basket and proceed to checkout.",completed;10,82
demo-ux,ux-036,ux-q03,open,"What, if anything, was confusing about adding an item to the basket?","I expected a quantity picker before adding, instead it added one bag straight away. Maybe make the basket badge animate when something is added.",46.1
demo-ux,ux-036,ux-q04,scale,"How easy was it to complete Task 1? (1 = very hard, 7 = very easy)",7,2.3
demo-ux,ux-036,ux-q05,firstclick,Where would you click first to change your delivery address?,"0.108,0.78",11
demo-ux,ux-036,ux-q06,firstclick,Where would you click first to find yesterday's order?,"0.089,0.805",6.7
demo-ux,ux-036,ux-q07,prototype,Task 2: Schedule a delivery for tomorrow between 6 and 8 pm.,completed;14,43
demo-ux,ux-036,ux-q08,open,Describe how you went about scheduling the delivery. What did you expect to see?,"Pretty straightforward, checkout then 'choose a slot' then tomorrow then 6 to 8 pm.",47.3
demo-ux,ux-036,ux-q09,scale,"How confident are you that the delivery would arrive in the slot you chose? (1 = not at all, 7 = completely)",4,5
demo-ux,ux-036,ux-q10,firstclick,Where would you click first to apply a promo code?,"0.653,0.48",4.3
demo-ux,ux-036,ux-q11,website,Visit the Marrow help centre and find out how to report a missing item.,false,52.9
demo-ux,ux-036,ux-q12,open,How did finding the missing-item instructions go? What would you change?,"it took a while, the help centre groups articles by topic and 'missing item' sits under payments for some reason. I would make the search box bigger.",30.2
demo-ux,ux-036,ux-q13,choice,Which of these features would you use? Select all that apply.,Price alerts on favourites,6
demo-ux,ux-036,ux-q14,scale,"How likely are you to recommend Marrow to a friend? (0 = not at all, 10 = extremely)",10,4.7
demo-ux,ux-036,ux-q15,open,Anything else you want to tell the Marrow team?,"Let me filter by dietary needs, I couldn't find a vegan filter anywhere.",21.7
demo-ux,ux-037,ux-q01,choice,How often do you order groceries online?,About once a week,8.3
demo-ux,ux-037,ux-q02,prototype,"Task 1: Using the Marrow prototype, add a bag of oranges to your basket and proceed to checkout.",completed;8,72.8
demo-ux,ux-037,ux-q03,open,"What, if anything, was confusing about adding an item to the basket?",Easy enough.,10
demo-ux,ux-037,ux-q04,scale,"How easy was it to complete Task 1? (1 = very hard, 7 = very easy)",3,5.7
demo-ux,ux-037,ux-q05,firstclick,Where would you click first to change your delivery address?,"0.663,0.484",2.4
demo-ux,ux-037,ux-q06,firstclick,Where would you click first to find yesterday's order?,"0.663,0.484",2.2
demo-ux,ux-037,ux-q07,prototype,Task 2: Schedule a delivery for tomorrow between 6 and 8 pm.,completed;10,83.2
demo-ux,ux-037,ux-q08,open,Describe how you went about scheduling the delivery. What did you expect to see?,Pretty simple.,13.1
demo-ux,ux-037,ux-q09,scale,"How confident are you that the delivery would arrive in the slot you chose? (1 = not at all, 7 = completely)",5,10.3
demo-ux,ux-037,ux-q10,firstclick,Where would you click first to apply a promo code?,"0.663,0.484",2
demo-ux,ux-037,ux-q11,website,Visit the Marrow help centre and find out how to report a missing item.,false,49
demo-ux,ux-037,ux-q12,open,How did finding the missing-item instructions go? What would you change?,The help centre asked me to log in before showing anything which was annoying for a quick question. The article could use screenshots.,75.4
demo-ux,ux-037,ux-q13,choice,Which of these features would you use? Select all that apply.,Scheduled recurring deliveries,24.9
demo-ux,ux-037,ux-q14,scale,"How likely are you to recommend Marrow to a friend? (0 = not at all, 10 = extremely)",6,9
demo-ux,ux-037,ux-q15,open,Anything else you want to tell the Marrow team?,Easy enough.,15.1
demo-ux,ux-038,ux-q01,choice,How often do you order groceries online?,About once a month,20.2
demo-ux,ux-038,ux-q02,prototype,"Task 1: Using the Marrow prototype, add a bag of oranges to your basket and proceed to checkout.",completed;12,241
demo-ux,ux-038,ux-q03,open,"What, if anything, was confusing about adding an item to the basket?","I expected a quantity picker before adding, instead it added one bag straight away. On a bigger screen it would probably be fine.",35.5
demo-ux,ux-038,ux-q04,scale,"How easy was it to complete Task 1? (1 = very hard, 7 = very easy)",4,3
demo-ux,ux-038,ux-q05,firstclick,Where would you click first to change your delivery address?,"0.094,0.72",11.1
demo-ux,ux-038,ux-q06,firstclick,Where would you click first to find yesterday's order?,"0.845,0.514",9.3
demo-ux,ux-038,ux-q07,prototype,Task 2: Schedule a delivery for tomorrow between 6 and 8 pm.,completed;11,50.4
demo-ux,ux-038,ux-q08,open,Describe how you went about scheduling the delivery. What did you expect to see?,I expected a calendar on the checkout page but the slots were in a separate screen behind 'delivery details'.,63.3
demo-ux,ux-038,ux-q09,scale,"How confident are you that the delivery would arrive in the slot you chose? (1 = not at all, 7 = completely)",2,6
demo-ux,ux-038,ux-q10,firstclick,Where would you click first to apply a promo code?,"0.666,0.537",5.6
demo-ux,ux-038,ux-q11,website,Visit the Marrow help centre and find out how to report a missing item.,false,26.3
demo-ux,ux-038,ux-q12,open,How did finding the missing-item instructions go? What would you change?,"I found a chat button before I found the article, so I'd probably just use chat in real life. A direct link from the order would be better.",76.9
demo-ux,ux-038,ux-q13,choice,Which of these features would you use? Select all that apply.,None of these,7.7
demo-ux,ux-038,ux-q14,scale,"How likely are you to recommend Marrow to a friend? (0 = not at all, 10 = extremely)",5,2.3
demo-ux,ux-038,ux-q15,open,Anything else you want to tell the Marrow team?,I'd want a dark mode and bigger tap targets on the slot picker. Thanks for asking,26.3
demo-ux,ux-039,ux-q01,choice,How often do you order groceries online?,About once a month,7.9
demo-ux,ux-039,ux-q02,prototype,"Task 1: Using the Marrow prototype, add a bag of oranges to your basket and proceed to checkout.",completed;10,30.2
demo-ux,ux-039,ux-q03,open,"What, if anything, was confusing about adding an item to the basket?","I expected a quantity picker before adding, instead it added one bag straight away",110.2
demo-ux,ux-039,ux-q04,scale,"How easy was it to complete Task 1? (1 = very hard, 7 = very easy)",5,2.9
demo-ux,ux-039,ux-q05,firstclick,Where would you click first to change your delivery address?,"0.064,0.67",5.7
demo-ux,ux-039,ux-q06,firstclick,Where would you click first to find yesterday's order?,"0.933,0.765",11.1
demo-ux,ux-039,ux-q07,prototype,Task 2: Schedule a delivery for tomorrow between 6 and 8 pm.,completed;7,58.8
demo-ux,ux-039,ux-q08,open,Describe how you went about scheduling the delivery. What did you expect to see?,"I tried tapping the delivery address thinking the time would be there, it wasn't, so I kept scrolling.",35.6
demo-ux,ux-039,ux-q09,scale,"How confident are you that the delivery would arrive in the slot you chose? (1 = not at all, 7 = completely)",3,10.2
demo-ux,ux-039,ux-q10,firstclick,Where would you click first to apply a promo code?,"0.631,0.484",8.5
demo-ux,ux-039,ux-q11,website,Visit the Marrow help centre and find out how to report a missing item.,true,35
demo-ux,ux-039,ux-q12,open,How did finding the missing-item instructions go? What would you change?,"Fine overall, two clicks from the help home page.",100.6
demo-ux,ux-039,ux-q13,choice,Which of these features would you use? Select all that apply.,Reorder a previous basket; Recipe-based shopping lists; Price alerts on favourites,20.4
demo-ux,ux-039,ux-q14,scale,"How likely are you to recommend Marrow to a friend? (0 = not at all, 10 = extremely)",3,7.2
demo-ux,ux-039,ux-q15,open,Anything else you want to tell the Marrow team?,Please add a way to reorder last week's basket in one tap.,19
demo-ux,ux-040,ux-q01,choice,How often do you order groceries online?,Never,8.9
demo-ux,ux-040,ux-q02,prototype,"Task 1: Using the Marrow prototype, add a bag of oranges to your basket and proceed to checkout.",completed;12,53.2
demo-ux,ux-040,ux-q03,open,"What, if anything, was confusing about adding an item to the basket?",the basket icon didn't update right away so I wasn't sure the oranges had actually been added.,47.6
demo-ux,ux-040,ux-q04,scale,"How easy was it to complete Task 1? (1 = very hard, 7 = very easy)",5,3.6
demo-ux,ux-040,ux-q05,firstclick,Where would you click first to change your delivery address?,"0.114,0.839",11.5
demo-ux,ux-040,ux-q06,firstclick,Where would you click first to find yesterday's order?,"0.984,0.558",8.7
demo-ux,ux-040,ux-q07,prototype,Task 2: Schedule a delivery for tomorrow between 6 and 8 pm.,gave_up;0,5.1
demo-ux,ux-040,ux-q08,open,Describe how you went about scheduling the delivery. What did you expect to see?,"The second task showed a spinner and never finished loading, so I couldn't try it",81
demo-ux,ux-040,ux-q09,scale,"How confident are you that the delivery would arrive in the slot you chose? (1 = not at all, 7 = completely)",2,4.8
demo-ux,ux-040,ux-q10,firstclick,Where would you click first to apply a promo code?,"0.724,0.563",12.6
demo-ux,ux-040,ux-q11,website,Visit the Marrow help centre and find out how to report a missing item.,true,65.4
demo-ux,ux-040,ux-q12,open,How did finding the missing-item instructions go? What would you change?,I searched for 'missing item' in the help centre and the second article explained how to report it from the order page.,79.6
demo-ux,ux-040,ux-q13,choice,Which of these features would you use? Select all that apply.,Substitution preferences per item; Shared household basket; Price alerts on favourites,14.8
demo-ux,ux-040,ux-q14,scale,"How likely are you to recommend Marrow to a friend? (0 = not at all, 10 = extremely)",7,2.7
demo-ux,ux-040,ux-q15,open,Anything else you want to tell the Marrow team?,i'd want a dark mode and bigger tap targets on the slot picker. Keep it simple please.,44.2
demo-ux,ux-041,ux-q01,choice,How often do you order groceries online?,About once a week,15.6
demo-ux,ux-041,ux-q02,prototype,"Task 1: Using the Marrow prototype, add a bag of oranges to your basket and proceed to checkout.",partial;11,72.5
demo-ux,ux-041,ux-q03,open,"What, if anything, was confusing about adding an item to the basket?","The substitution toggle popped up before I even reached checkout, that threw me off.",55.6
demo-ux,ux-041,ux-q04,scale,"How easy was it to complete Task 1? (1 = very hard, 7 = very easy)",6,4.1
demo-ux,ux-041,ux-q05,firstclick,Where would you click first to change your delivery address?,"0.155,0.894",9.4
demo-ux,ux-041,ux-q06,firstclick,Where would you click first to find yesterday's order?,"0.861,0.694",6
demo-ux,ux-041,ux-q07,prototype,Task 2: Schedule a delivery for tomorrow between 6 and 8 pm.,completed;3,54.1
demo-ux,ux-041,ux-q08,open,Describe how you went about scheduling the delivery. What did you expect to see?,"I opened the basket, found the delivery slot section and picked tomorrow evening, then scrolled to the six to eight option",83.5
demo-ux,ux-041,ux-q09,scale,"How confident are you that the delivery would arrive in the slot you chose? (1 = not at all, 7 = completely)",4,5.7
demo-ux,ux-041,ux-q10,firstclick,Where would you click first to apply a promo code?,"0.469,0.13",11.9
demo-ux,ux-041,ux-q11,website,Visit the Marrow help centre and find out how to report a missing item.,false,76
demo-ux,ux-041,ux-q12,open,How did finding the missing-item instructions go? What would you change?,The help centre asked me to log in before showing anything which was annoying for a quick question. Took me about a minute.,66.2
demo-ux,ux-041,ux-q13,choice,Which of these features would you use? Select all that apply.,Recipe-based shopping lists; Live order tracking; Shared household basket; Price alerts on favourites,15.1
demo-ux,ux-041,ux-q14,scale,"How likely are you to recommend Marrow to a friend? (0 = not at all, 10 = extremely)",6,7.3
demo-ux,ux-041,ux-q15,open,Anything else you want to tell the Marrow team?,"Nothing else, the test was clear and the tasks were realistic. Happy to test again",30.4
demo-ux,ux-042,ux-q01,choice,How often do you order groceries online?,Several times a week,13.3
demo-ux,ux-042,ux-q02,prototype,"Task 1: Using the Marrow prototype, add a bag of oranges to your basket and proceed to checkout.",completed;4,134.9
demo-ux,ux-042,ux-q03,open,"What, if anything, was confusing about adding an item to the basket?",I wasn't sure if the price shown was per bag or per kilo.,83.1
demo-ux,ux-042,ux-q04,scale,"How easy was it to complete Task 1? (1 = very hard, 7 = very easy)",5,3.9
demo-ux,ux-042,ux-q05,firstclick,Where would you click first to change your delivery address?,"0.057,0.804",7.3
demo-ux,ux-042,ux-q06,firstclick,Where would you click first to find yesterday's order?,"0.145,0.576",6.8
demo-ux,ux-042,ux-q07,prototype,Task 2: Schedule a delivery for tomorrow between 6 and 8 pm.,completed;9,114.6
demo-ux,ux-042,ux-q08,open,Describe how you went about scheduling the delivery. What did you expect to see?,I expected a calendar on the checkout page but the slots were in a separate screen behind 'delivery details'. A default of tomorrow would save a tap.,61.2
demo-ux,ux-042,ux-q09,scale,"How confident are you that the delivery would arrive in the slot you chose? (1 = not at all, 7 = completely)",3,4.7
demo-ux,ux-042,ux-q10,firstclick,Where would you click first to apply a promo code?,"0.698,0.551",8.1
demo-ux,ux-042,ux-q11,website,Visit the Marrow help centre and find out how to report a missing item.,false,77.2
demo-ux,ux-042,ux-q12,open,How did finding the missing-item instructions go? What would you change?,The help centre asked me to log in before showing anything which was annoying for a quick question.,72.6
demo-ux,ux-042,ux-q13,choice,Which of these features would you use? Select all that apply.,Reorder a previous basket; Recipe-based shopping lists; Substitution preferences per item; Price alerts on favourites,12.9
demo-ux,ux-042,ux-q14,scale,"How likely are you to recommend Marrow to a friend? (0 = not at all, 10 = extremely)",7,11.1
demo-ux,ux-042,ux-q15,open,Anything else you want to tell the Marrow team?,"Let me filter by dietary needs, I couldn't find a vegan filter anywhere. Crap, I nearly gave up on that one.",40.9
demo-ux,ux-043,ux-q01,choice,How often do you order groceries online?,About once a month,3.6
demo-ux,ux-043,ux-q02,prototype,"Task 1: Using the Marrow prototype, add a bag of oranges to your basket and proceed to checkout.",completed;15,53.1
demo-ux,ux-043,ux-q03,open,"What, if anything, was confusing about adding an item to the basket?","The checkout button is hidden under the basket summary, I scrolled past it twice.",58.4
demo-ux,ux-043,ux-q04,scale,"How easy was it to complete Task 1? (1 = very hard, 7 = very easy)",5,2.6
demo-ux,ux-043,ux-q05,firstclick,Where would you click first to change your delivery address?,"0.591,0.108",5
demo-ux,ux-043,ux-q06,firstclick,Where would you click first to find yesterday's order?,"0.174,0.467",9.4
demo-ux,ux-043,ux-q07,prototype,Task 2: Schedule a delivery for tomorrow between 6 and 8 pm.,completed;13,79.1
demo-ux,ux-043,ux-q08,open,Describe how you went about scheduling the delivery. What did you expect to see?,"The day tabs were clear but the time windows were two-hour blocks starting at odd hours, so I picked the closest one.",46.2
demo-ux,ux-043,ux-q09,scale,"How confident are you that the delivery would arrive in the slot you chose? (1 = not at all, 7 = completely)",6,2.8
demo-ux,ux-043,ux-q10,firstclick,Where would you click first to apply a promo code?,"0.187,0.093",8.1
demo-ux,ux-043,ux-q11,website,Visit the Marrow help centre and find out how to report a missing item.,false,51
demo-ux,ux-043,ux-q12,open,How did finding the missing-item instructions go? What would you change?,"Found it quickly through the search bar, though the article was long and the actual steps were at the bottom.",57.1
demo-ux,ux-043,ux-q13,choice,Which of these features would you use? Select all that apply.,Reorder a previous basket; Scheduled recurring deliveries; Substitution preferences per item,13.2
demo-ux,ux-043,ux-q14,scale,"How likely are you to recommend Marrow to a friend? (0 = not at all, 10 = extremely)",2,3.2
demo-ux,ux-043,ux-q15,open,Anything else you want to tell the Marrow team?,Please add a way to reorder last week's basket in one tap. Keep it simple please.,25.1
demo-ux,ux-044,ux-q01,choice,How often do you order groceries online?,A few times a year,9.6
demo-ux,ux-044,ux-q02,prototype,"Task 1: Using the Marrow prototype, add a bag of oranges to your basket and proceed to checkout.",gave_up;0,5
demo-ux,ux-044,ux-q03,open,"What, if anything, was confusing about adding an item to the basket?",it was easy,17.8
demo-ux,ux-044,ux-q04,scale,"How easy was it to complete Task 1? (1 = very hard, 7 = very easy)",5,2.8
demo-ux,ux-044,ux-q05,firstclick,Where would you click first to change your delivery address?,"0.056,0.838",8.2
demo-ux,ux-044,ux-q06,firstclick,Where would you click first to find yesterday's order?,"0.469,0.601",5.6
demo-ux,ux-044,ux-q07,prototype,Task 2: Schedule a delivery for tomorrow between 6 and 8 pm.,gave_up;0,3.2
demo-ux,ux-044,ux-q08,open,Describe how you went about scheduling the delivery. What did you expect to see?,easy,18.1
demo-ux,ux-044,ux-q09,scale,"How confident are you that the delivery would arrive in the slot you chose? (1 = not at all, 7 = completely)",5,4.1
demo-ux,ux-044,ux-q10,firstclick,Where would you click first to apply a promo code?,"0.675,0.551",12.2
demo-ux,ux-044,ux-q11,website,Visit the Marrow help centre and find out how to report a missing item.,true,5.3
demo-ux,ux-044,ux-q12,open,How did finding the missing-item instructions go? What would you change?,it was easy,21
demo-ux,ux-044,ux-q13,choice,Which of these features would you use? Select all that apply.,Scheduled recurring deliveries,14.5
demo-ux,ux-044,ux-q14,scale,"How likely are you to recommend Marrow to a friend? (0 = not at all, 10 = extremely)",7,3.4
demo-ux,ux-044,ux-q15,open,Anything else you want to tell the Marrow team?,everything was easy,8.1
demo-ux,ux-045,ux-q01,choice,How often do you order groceries online?,About once a week,5.5
demo-ux,ux-045,ux-q02,prototype,"Task 1: Using the Marrow prototype, add a bag of oranges to your basket and proceed to checkout.",completed;4,65.5
demo-ux,ux-045,ux-q03,open,"What, if anything, was confusing about adding an item to the basket?","Honestly the flow was fine, though the 'add' label is tiny on my phone",59.4
demo-ux,ux-045,ux-q04,scale,"How easy was it to complete Task 1? (1 = very hard, 7 = very easy)",4,3.1
demo-ux,ux-045,ux-q05,firstclick,Where would you click first to change your delivery address?,"0.097,0.89",9.5
demo-ux,ux-045,ux-q06,firstclick,Where would you click first to find yesterday's order?,"0.847,0.638",8.7
demo-ux,ux-045,ux-q07,prototype,Task 2: Schedule a delivery for tomorrow between 6 and 8 pm.,gave_up;0,7
demo-ux,ux-045,ux-q08,open,Describe how you went about scheduling the delivery. What did you expect to see?,"nothing happened when the task started, the screen stayed blank so I couldn't do anything.",47.3
demo-ux,ux-045,ux-q09,scale,"How confident are you that the delivery would arrive in the slot you chose? (1 = not at all, 7 = completely)",5,3
demo-ux,ux-045,ux-q10,firstclick,Where would you click first to apply a promo code?,"0.671,0.446",5.1
demo-ux,ux-045,ux-q11,website,Visit the Marrow help centre and find out how to report a missing item.,true,20.1
demo-ux,ux-045,ux-q12,open,How did finding the missing-item instructions go? What would you change?,"Search worked but the top result was about missing deliveries, not missing items, which are different things. I'd put the most common problems on the help home page.",60.7
demo-ux,ux-045,ux-q13,choice,Which of these features would you use? Select all that apply.,Reorder a previous basket; Recipe-based shopping lists; Shared household basket,4.6
demo-ux,ux-045,ux-q14,scale,"How likely are you to recommend Marrow to a friend? (0 = not at all, 10 = extremely)",5,3.4
demo-ux,ux-045,ux-q15,open,Anything else you want to tell the Marrow team?,"Prices seemed higher than my usual supermarket, that would be the deciding factor for me.",11.5
demo-ux,ux-046,ux-q01,choice,How often do you order groceries online?,A few times a year,9.6
demo-ux,ux-046,ux-q02,prototype,"Task 1: Using the Marrow prototype, add a bag of oranges to your basket and proceed to checkout.",completed;5,99.3
demo-ux,ux-046,ux-q03,open,"What, if anything, was confusing about adding an item to the basket?","Honestly the flow was fine, though the 'add' label is tiny on my phone. Maybe make the basket badge animate when something is added.",142.8
demo-ux,ux-046,ux-q04,scale,"How easy was it to complete Task 1? (1 = very hard, 7 = very easy)",5,3.2
demo-ux,ux-046,ux-q05,firstclick,Where would you click first to change your delivery address?,"0.088,0.789",31.6
demo-ux,ux-046,ux-q06,firstclick,Where would you click first to find yesterday's order?,"0.968,0.592",7.3
demo-ux,ux-046,ux-q07,prototype,Task 2: Schedule a delivery for tomorrow between 6 and 8 pm.,completed;10,146
demo-ux,ux-046,ux-q08,open,Describe how you went about scheduling the delivery. What did you expect to see?,"I opened the basket, found the delivery slot section and picked tomorrow evening, then scrolled to the six to eight option. The slot picker felt a bit cramped.",110.9
demo-ux,ux-046,ux-q09,scale,"How confident are you that the delivery would arrive in the slot you chose? (1 = not at all, 7 = completely)",5,2.7
demo-ux,ux-046,ux-q10,firstclick,Where would you click first to apply a promo code?,"0.738,0.464",17.2
demo-ux,ux-046,ux-q11,website,Visit the Marrow help centre and find out how to report a missing item.,false,170.8
demo-ux,ux-046,ux-q12,open,How did finding the missing-item instructions go? What would you change?,i had to scroll past a lot of promotional content before reaching the help links.,74.1
demo-ux,ux-046,ux-q13,choice,Which of these features would you use? Select all that apply.,Scheduled recurring deliveries,22.3
demo-ux,ux-046,ux-q14,scale,"How likely are you to recommend Marrow to a friend? (0 = not at all, 10 = extremely)",7,5.6
demo-ux,ux-046,ux-q15,open,Anything else you want to tell the Marrow team?,"Good luck with the launch, the basics seem solid. Thanks for asking.",31.3
demo-ux,ux-047,ux-q01,choice,How often do you order groceries online?,Never,16.6
demo-ux,ux-047,ux-q02,prototype,"Task 1: Using the Marrow prototype, add a bag of oranges to your basket and proceed to checkout.",gave_up;0,3.5
demo-ux,ux-047,ux-q03,open,"What, if anything, was confusing about adding an item to the basket?",it was easy,11.4
demo-ux,ux-047,ux-q04,scale,"How easy was it to complete Task 1? (1 = very hard, 7 = very easy)",4,6.4
demo-ux,ux-047,ux-q05,firstclick,Where would you click first to change your delivery address?,"0.135,0.887",9.4
demo-ux,ux-047,ux-q06,firstclick,Where would you click first to find yesterday's order?,"0.953,0.662",8.6
demo-ux,ux-047,ux-q07,prototype,Task 2: Schedule a delivery for tomorrow between 6 and 8 pm.,gave_up;0,3.4
demo-ux,ux-047,ux-q08,open,Describe how you went about scheduling the delivery. What did you expect to see?,all good,24.8
demo-ux,ux-047,ux-q09,scale,"How confident are you that the delivery would arrive in the slot you chose? (1 = not at all, 7 = completely)",3,5.5
demo-ux,ux-047,ux-q10,firstclick,Where would you click first to apply a promo code?,"0.174,0.799",9.7
demo-ux,ux-047,ux-q11,website,Visit the Marrow help centre and find out how to report a missing item.,true,4
demo-ux,ux-047,ux-q12,open,How did finding the missing-item instructions go? What would you change?,easy enough,28.2
demo-ux,ux-047,ux-q13,choice,Which of these features would you use? Select all that apply.,Reorder a previous basket; Recipe-based shopping lists; Live order tracking; Shared household basket,13.5
demo-ux,ux-047,ux-q14,scale,"How likely are you to recommend Marrow to a friend? (0 = not at all, 10 = extremely)",6,4.2
demo-ux,ux-047,ux-q15,open,Anything else you want to tell the Marrow team?,easy,16.6
demo-ux,ux-048,ux-q01,choice,How often do you order groceries online?,About once a week,24.7
demo-ux,ux-048,ux-q02,prototype,"Task 1: Using the Marrow prototype, add a bag of oranges to your basket and proceed to checkout.",partial;6,64.5
demo-ux,ux-048,ux-q03,open,"What, if anything, was confusing about adding an item to the basket?",No problems at all with this one.,19.5
demo-ux,ux-048,ux-q04,scale,"How easy was it to complete Task 1? (1 = very hard, 7 = very easy)",6,4.1
demo-ux,ux-048,ux-q05,firstclick,Where would you click first to change your delivery address?,"0.792,0.954",14.9
demo-ux,ux-048,ux-q06,firstclick,Where would you click first to find yesterday's order?,"0.299,0.604",28.5
demo-ux,ux-048,ux-q07,prototype,Task 2: Schedule a delivery for tomorrow between 6 and 8 pm.,completed;6,73.8
demo-ux,ux-048,ux-q08,open,Describe how you went about scheduling the delivery. What did you expect to see?,No problems at all with this one.,16.2
demo-ux,ux-048,ux-q09,scale,"How confident are you that the delivery would arrive in the slot you chose? (1 = not at all, 7 = completely)",7,5.2
demo-ux,ux-048,ux-q10,firstclick,Where would you click first to apply a promo code?,"0.658,0.479",6.1
demo-ux,ux-048,ux-q11,website,Visit the Marrow help centre and find out how to report a missing item.,false,116.3
demo-ux,ux-048,ux-q12,open,How did finding the missing-item instructions go? What would you change?,No problems at all with this one.,16.5
demo-ux,ux-048,ux-q13,choice,Which of these features would you use? Select all that apply.,Recipe-based shopping lists; Live order tracking; Substitution preferences per item; Price alerts on favourites,25
demo-ux,ux-048,ux-q14,scale,"How likely are you to recommend Marrow to a friend? (0 = not at all, 10 = extremely)",7,10
demo-ux,ux-048,ux-q15,open,Anything else you want to tell the Marrow team?,No problems at all with this one.,15.6
demo-ux,ux-049,ux-q01,choice,How often do you order groceries online?,About once a week,4.9
demo-ux,ux-049,ux-q02,prototype,"Task 1: Using the Marrow prototype, add a bag of oranges to your basket and proceed to checkout.",completed;9,48.2
demo-ux,ux-049,ux-q03,open,"What, if anything, was confusing about adding an item to the basket?","Nothing really confusing, the plus button on the product card did what I expected. Maybe make the basket badge animate when something is added.",31.4
demo-ux,ux-049,ux-q04,scale,"How easy was it to complete Task 1? (1 = very hard, 7 = very easy)",7,2.4
demo-ux,ux-049,ux-q05,firstclick,Where would you click first to change your delivery address?,"0.061,0.806",6.5
demo-ux,ux-049,ux-q06,firstclick,Where would you click first to find yesterday's order?,"0.945,0.56",5.7
demo-ux,ux-049,ux-q07,prototype,Task 2: Schedule a delivery for tomorrow between 6 and 8 pm.,gave_up;0,5
demo-ux,ux-049,ux-q08,open,Describe how you went about scheduling the delivery. What did you expect to see?,"The second task showed a spinner and never finished loading, so I couldn't try it.",36.8
demo-ux,ux-049,ux-q09,scale,"How confident are you that the delivery would arrive in the slot you chose? (1 = not at all, 7 = completely)",5,3.2
demo-ux,ux-049,ux-q10,firstclick,Where would you click first to apply a promo code?,"0.694,0.485",4.7
demo-ux,ux-049,ux-q11,website,Visit the Marrow help centre and find out how to report a missing item.,false,22.2
demo-ux,ux-049,ux-q12,open,How did finding the missing-item instructions go? What would you change?,I searched for 'missing item' in the help centre and the second article explained how to report it from the order page.,48.8
demo-ux,ux-049,ux-q13,choice,Which of these features would you use? Select all that apply.,Scheduled recurring deliveries; Live order tracking; Shared household basket,4.6
demo-ux,ux-049,ux-q14,scale,"How likely are you to recommend Marrow to a friend? (0 = not at all, 10 = extremely)",6,4.3
demo-ux,ux-049,ux-q15,open,Anything else you want to tell the Marrow team?,The onboarding asked for my address twice.,23.6
demo-ux,ux-050,ux-q01,choice,How often do you order groceries online?,About once a week,9
demo-ux,ux-050,ux-q02,prototype,"Task 1: Using the Marrow prototype, add a bag of oranges to your basket and proceed to checkout.",completed;17,155.3
demo-ux,ux-050,ux-q03,open,"What, if anything, was confusing about adding an item to the basket?","Took me a moment to find the basket, I was looking at the bottom bar but it sits top right.",82.6
demo-ux,ux-050,ux-q04,scale,"How easy was it to complete Task 1? (1 = very hard, 7 = very easy)",4,3.5
demo-ux,ux-050,ux-q05,firstclick,Where would you click first to change your delivery address?,"0.842,0.74",14.6
demo-ux,ux-050,ux-q06,firstclick,Where would you click first to find yesterday's order?,"0.968,0.569",21.1
demo-ux,ux-050,ux-q07,prototype,Task 2: Schedule a delivery for tomorrow between 6 and 8 pm.,partial;9,133.5
demo-ux,ux-050,ux-q08,open,Describe how you went about scheduling the delivery. What did you expect to see?,"The day tabs were clear but the time windows were two-hour blocks starting at odd hours, so I picked the closest one. The slot picker felt a bit cramped",214.4
demo-ux,ux-050,ux-q09,scale,"How confident are you that the delivery would arrive in the slot you chose? (1 = not at all, 7 = completely)",4,10.7
demo-ux,ux-050,ux-q10,firstclick,Where would you click first to apply a promo code?,"0.731,0.552",18.7
demo-ux,ux-050,ux-q11,website,Visit the Marrow help centre and find out how to report a missing item.,false,132.6
demo-ux,ux-050,ux-q12,open,How did finding the missing-item instructions go? What would you change?,"I browsed the orders section first, it wasn't there, then the search found it.",118.7
demo-ux,ux-050,ux-q13,choice,Which of these features would you use? Select all that apply.,Shared household basket,25.7
demo-ux,ux-050,ux-q14,scale,"How likely are you to recommend Marrow to a friend? (0 = not at all, 10 = extremely)",5,12.5
demo-ux,ux-050,ux-q15,open,Anything else you want to tell the Marrow team?,"The delivery fee should be shown earlier, before I fill the basket.",83.4
demo-ux,ux-051,ux-q01,choice,How often do you order groceries online?,About once a week,7.4
demo-ux,ux-051,ux-q02,prototype,"Task 1: Using the Marrow prototype, add a bag of oranges to your basket and proceed to checkout.",completed;4,100.6
demo-ux,ux-051,ux-q03,open,"What, if anything, was confusing about adding an item to the basket?","Nothing really confusing, the plus button on the product card did what I expected",64.1
demo-ux,ux-051,ux-q04,scale,"How easy was it to complete Task 1? (1 = very hard, 7 = very easy)",5,3.5
demo-ux,ux-051,ux-q05,firstclick,Where would you click first to change your delivery address?,"0.056,0.736",9.7
demo-ux,ux-051,ux-q06,firstclick,Where would you click first to find yesterday's order?,"0.457,0.421",5.8
demo-ux,ux-051,ux-q07,prototype,Task 2: Schedule a delivery for tomorrow between 6 and 8 pm.,completed;9,150.4
demo-ux,ux-051,ux-q08,open,Describe how you went about scheduling the delivery. What did you expect to see?,"i expected a calendar on the checkout page but the slots were in a separate screen behind 'delivery details'. It worked, just more steps than I expected.",101.8
demo-ux,ux-051,ux-q09,scale,"How confident are you that the delivery would arrive in the slot you chose? (1 = not at all, 7 = completely)",4,1.2
demo-ux,ux-051,ux-q10,firstclick,Where would you click first to apply a promo code?,"0.699,0.516",13.1
demo-ux,ux-051,ux-q11,website,Visit the Marrow help centre and find out how to report a missing item.,false,95.8
demo-ux,ux-051,ux-q12,open,How did finding the missing-item instructions go? What would you change?,"I browsed the orders section first, it wasn't there, then the search found it.",65.9
demo-ux,ux-051,ux-q13,choice,Which of these features would you use? Select all that apply.,Reorder a previous basket; Shared household basket,13.5
demo-ux,ux-051,ux-q14,scale,"How likely are you to recommend Marrow to a friend? (0 = not at all, 10 = extremely)",7,7.3
demo-ux,ux-051,ux-q15,open,Anything else you want to tell the Marrow team?,Please add a way to reorder last week's basket in one tap. Thanks for asking,30.8
demo-ux,ux-052,ux-q01,choice,How often do you order groceries online?,Several times a week,7
demo-ux,ux-052,ux-q02,prototype,"Task 1: Using the Marrow prototype, add a bag of oranges to your basket and proceed to checkout.",partial;3,99.7
demo-ux,ux-052,ux-q03,open,"What, if anything, was confusing about adding an item to the basket?","I expected a quantity picker before adding, instead it added one bag straight away.",67.8
demo-ux,ux-052,ux-q04,scale,"How easy was it to complete Task 1? (1 = very hard, 7 = very easy)",4,4.3
demo-ux,ux-052,ux-q05,firstclick,Where would you click first to change your delivery address?,"0.122,0.907",10.8
demo-ux,ux-052,ux-q06,firstclick,Where would you click first to find yesterday's order?,"0.954,0.554",6
demo-ux,ux-052,ux-q07,prototype,Task 2: Schedule a delivery for tomorrow between 6 and 8 pm.,partial;4,106.2
demo-ux,ux-052,ux-q08,open,Describe how you went about scheduling the delivery. What did you expect to see?,"The day tabs were clear but the time windows were two-hour blocks starting at odd hours, so I picked the closest one.",145.2
demo-ux,ux-052,ux-q09,scale,"How confident are you that the delivery would arrive in the slot you chose? (1 = not at all, 7 = completely)",5,1.9
demo-ux,ux-052,ux-q10,firstclick,Where would you click first to apply a promo code?,"0.713,0.51",6.1
demo-ux,ux-052,ux-q11,website,Visit the Marrow help centre and find out how to report a missing item.,false,102.8
demo-ux,ux-052,ux-q12,open,How did finding the missing-item instructions go? What would you change?,The help centre asked me to log in before showing anything which was annoying for a quick question.,59
demo-ux,ux-052,ux-q13,choice,Which of these features would you use? Select all that apply.,Reorder a previous basket; Recipe-based shopping lists; Shared household basket,6
demo-ux,ux-052,ux-q14,scale,"How likely are you to recommend Marrow to a friend? (0 = not at all, 10 = extremely)",3,4.8
demo-ux,ux-052,ux-q15,open,Anything else you want to tell the Marrow team?,The green colour scheme is pleasant but some text is low contrast,43.6
demo-ux,ux-053,ux-q01,choice,How often do you order groceries online?,Never,12.3
demo-ux,ux-053,ux-q02,prototype,"Task 1: Using the Marrow prototype, add a bag of oranges to your basket and proceed to checkout.",completed;9,79.7
demo-ux,ux-053,ux-q03,open,"What, if anything, was confusing about adding an item to the basket?","The checkout button is hidden under the basket summary, I scrolled past it twice.",50
demo-ux,ux-053,ux-q04,scale,"How easy was it to complete Task 1? (1 = very hard, 7 = very easy)",7,5.3
demo-ux,ux-053,ux-q05,firstclick,Where would you click first to change your delivery address?,"0.12,0.824",9.5
demo-ux,ux-053,ux-q06,firstclick,Where would you click first to find yesterday's order?,"0.914,0.61",9.1
demo-ux,ux-053,ux-q07,prototype,Task 2: Schedule a delivery for tomorrow between 6 and 8 pm.,completed;13,138
demo-ux,ux-053,ux-q08,open,Describe how you went about scheduling the delivery. What did you expect to see?,I found it under checkout but the evening slot said limited availability so I hesitated before choosing it.,54.8
demo-ux,ux-053,ux-q09,scale,"How confident are you that the delivery would arrive in the slot you chose? (1 = not at all, 7 = completely)",6,2.9
demo-ux,ux-053,ux-q10,firstclick,Where would you click first to apply a promo code?,"0.696,0.487",7.9
demo-ux,ux-053,ux-q11,website,Visit the Marrow help centre and find out how to report a missing item.,false,201.3
demo-ux,ux-053,ux-q12,open,How did finding the missing-item instructions go? What would you change?,"The instructions were clear once I found them, but 'report a problem' would be a better title than 'order discrepancies'.",57.5
demo-ux,ux-053,ux-q13,choice,Which of these features would you use? Select all that apply.,Reorder a previous basket; Price alerts on favourites,8.1
demo-ux,ux-053,ux-q14,scale,"How likely are you to recommend Marrow to a friend? (0 = not at all, 10 = extremely)",8,15.5
demo-ux,ux-053,ux-q15,open,Anything else you want to tell the Marrow team?,"Let me filter by dietary needs, I couldn't find a vegan filter anywhere. Thanks for asking.",24.5
demo-ux,ux-054,ux-q01,choice,How often do you order groceries online?,About once a week,4
demo-ux,ux-054,ux-q02,prototype,"Task 1: Using the Marrow prototype, add a bag of oranges to your basket and proceed to checkout.",completed;16,44.9
demo-ux,ux-054,ux-q03,open,"What, if anything, was confusing about adding an item to the basket?","The substitution toggle popped up before I even reached checkout, that threw me off. I use a similar app weekly so the pattern was familiar.",26.4
demo-ux,ux-054,ux-q04,scale,"How easy was it to complete Task 1? (1 = very hard, 7 = very easy)",6,3.2
demo-ux,ux-054,ux-q05,firstclick,Where would you click first to change your delivery address?,"0.112,0.73",8.8
demo-ux,ux-054,ux-q06,firstclick,Where would you click first to find yesterday's order?,"0.856,0.62",6
demo-ux,ux-054,ux-q07,prototype,Task 2: Schedule a delivery for tomorrow between 6 and 8 pm.,gave_up;0,4.3
demo-ux,ux-054,ux-q08,open,Describe how you went about scheduling the delivery. What did you expect to see?,"Nothing happened when the task started, the screen stayed blank so I couldn't do anything.",25
demo-ux,ux-054,ux-q09,scale,"How confident are you that the delivery would arrive in the slot you chose? (1 = not at all, 7 = completely)",5,3.3
demo-ux,ux-054,ux-q10,firstclick,Where would you click first to apply a promo code?,"0.761,0.522",3.6
demo-ux,ux-054,ux-q11,website,Visit the Marrow help centre and find out how to report a missing item.,false,137
demo-ux,ux-054,ux-q12,open,How did finding the missing-item instructions go? What would you change?,I had to scroll past a lot of promotional content before reaching the help links. I'd put the most common problems on the help home page.,45.1
demo-ux,ux-054,ux-q13,choice,Which of these features would you use? Select all that apply.,Reorder a previous basket; Scheduled recurring deliveries; Live order tracking; Shared household basket,9.8
demo-ux,ux-054,ux-q14,scale,"How likely are you to recommend Marrow to a friend? (0 = not at all, 10 = extremely)",4,2.1
demo-ux,ux-054,ux-q15,open,Anything else you want to tell the Marrow team?,"Not much to add, maybe a loyalty scheme would get me to switch. Happy to test again.",21.2
demo-ux,ux-055,ux-q01,choice,How often do you order groceries online?,Several times a week,6.3
demo-ux,ux-055,ux-q02,prototype,"Task 1: Using the Marrow prototype, add a bag of oranges to your basket and proceed to checkout.",completed;11,71.4
demo-ux,ux-055,ux-q03,open,"What, if anything, was confusing about adding an item to the basket?",It works well for what I need.,15.5
demo-ux,ux-055,ux-q04,scale,"How easy was it to complete Task 1? (1 = very hard, 7 = very easy)",5,8.2
demo-ux,ux-055,ux-q05,firstclick,Where would you click first to change your delivery address?,"0.183,0.768",8.6
demo-ux,ux-055,ux-q06,firstclick,Where would you click first to find yesterday's order?,"0.949,0.715",11.4
demo-ux,ux-055,ux-q07,prototype,Task 2: Schedule a delivery for tomorrow between 6 and 8 pm.,completed;8,373.4
demo-ux,ux-055,ux-q08,open,Describe how you went about scheduling the delivery. What did you expect to see?,It works well for what I need.,19.1
demo-ux,ux-055,ux-q09,scale,"How confident are you that the delivery would arrive in the slot you chose? (1 = not at all, 7 = completely)",5,4.4
demo-ux,ux-055,ux-q10,firstclick,Where would you click first to apply a promo code?,"0.741,0.448",12.2
demo-ux,ux-055,ux-q11,website,Visit the Marrow help centre and find out how to report a missing item.,false,187.4
demo-ux,ux-055,ux-q12,open,How did finding the missing-item instructions go? What would you change?,It works well for what I need.,23.1
demo-ux,ux-055,ux-q13,choice,Which of these features would you use? Select all that apply.,Live order tracking; Substitution preferences per item; Price alerts on favourites,16.6
demo-ux,ux-055,ux-q14,scale,"How likely are you to recommend Marrow to a friend? (0 = not at all, 10 = extremely)",6,10.1
demo-ux,ux-055,ux-q15,open,Anything else you want to tell the Marrow team?,It works well for what I need.,11.3
demo-ux,ux-056,ux-q01,choice,How often do you order groceries online?,About once a month,4.8
demo-ux,ux-056,ux-q02,prototype,"Task 1: Using the Marrow prototype, add a bag of oranges to your basket and proceed to checkout.",completed;14,108.8
demo-ux,ux-056,ux-q03,open,"What, if anything, was confusing about adding an item to the basket?",I wasn't sure if the price shown was per bag or per kilo. On a bigger screen it would probably be fine.,31.3
demo-ux,ux-056,ux-q04,scale,"How easy was it to complete Task 1? (1 = very hard, 7 = very easy)",2,3.2
demo-ux,ux-056,ux-q05,firstclick,Where would you click first to change your delivery address?,"0.263,0.309",2.7
demo-ux,ux-056,ux-q06,firstclick,Where would you click first to find yesterday's order?,"0.972,0.626",4.7
demo-ux,ux-056,ux-q07,prototype,Task 2: Schedule a delivery for tomorrow between 6 and 8 pm.,gave_up;0,6
demo-ux,ux-056,ux-q08,open,Describe how you went about scheduling the delivery. What did you expect to see?,"Nothing happened when the task started, the screen stayed blank so I couldn't do anything.",60.9
demo-ux,ux-056,ux-q09,scale,"How confident are you that the delivery would arrive in the slot you chose? (1 = not at all, 7 = completely)",2,1.9
demo-ux,ux-056,ux-q10,firstclick,Where would you click first to apply a promo code?,"0.69,0.497",19.9
demo-ux,ux-056,ux-q11,website,Visit the Marrow help centre and find out how to report a missing item.,false,41.3
demo-ux,ux-056,ux-q12,open,How did finding the missing-item instructions go? What would you change?,"Fine overall, two clicks from the help home page. I would make the search box bigger.",50.9
demo-ux,ux-056,ux-q13,choice,Which of these features would you use? Select all that apply.,Scheduled recurring deliveries,15.5
demo-ux,ux-056,ux-q14,scale,"How likely are you to recommend Marrow to a friend? (0 = not at all, 10 = extremely)",2,4.5
demo-ux,ux-056,ux-q15,open,Anything else you want to tell the Marrow team?,I'd like to see substitution preferences per item rather than one global toggle.,18.2
demo-ux,ux-057,ux-q01,choice,How often do you order groceries online?,A few times a year,9.3
demo-ux,ux-057,ux-q02,prototype,"Task 1: Using the Marrow prototype, add a bag of oranges to your basket and proceed to checkout.",completed;5,31.7
demo-ux,ux-057,ux-q03,open,"What, if anything, was confusing about adding an item to the basket?",I wasn't sure if the price shown was per bag or per kilo.,38.3
demo-ux,ux-057,ux-q04,scale,"How easy was it to complete Task 1? (1 = very hard, 7 = very easy)",3,2.4
demo-ux,ux-057,ux-q05,firstclick,Where would you click first to change your delivery address?,"0.093,0.865",6.2
demo-ux,ux-057,ux-q06,firstclick,Where would you click first to find yesterday's order?,"0.977,0.601",5.7
demo-ux,ux-057,ux-q07,prototype,Task 2: Schedule a delivery for tomorrow between 6 and 8 pm.,completed;11,46.9
demo-ux,ux-057,ux-q08,open,Describe how you went about scheduling the delivery. What did you expect to see?,"I opened the basket, found the delivery slot section and picked tomorrow evening, then scrolled to the six to eight option.",91.9
demo-ux,ux-057,ux-q09,scale,"How confident are you that the delivery would arrive in the slot you chose? (1 = not at all, 7 = completely)",4,3.6
demo-ux,ux-057,ux-q10,firstclick,Where would you click first to apply a promo code?,"0.699,0.624",5.2
demo-ux,ux-057,ux-q11,website,Visit the Marrow help centre and find out how to report a missing item.,false,26.7
demo-ux,ux-057,ux-q12,open,How did finding the missing-item instructions go? What would you change?,"Fine overall, two clicks from the help home page. I would make the search box bigger",43.8
demo-ux,ux-057,ux-q13,choice,Which of these features would you use? Select all that apply.,Reorder a previous basket,8.7
demo-ux,ux-057,ux-q14,scale,"How likely are you to recommend Marrow to a friend? (0 = not at all, 10 = extremely)",6,6.1
demo-ux,ux-057,ux-q15,open,Anything else you want to tell the Marrow team?,"prices seemed higher than my usual supermarket, that would be the deciding factor for me.",75
demo-ux,ux-058,ux-q01,choice,How often do you order groceries online?,A few times a year,8.8
demo-ux,ux-058,ux-q02,prototype,"Task 1: Using the Marrow prototype, add a bag of oranges to your basket and proceed to checkout.",partial;4,148.2
demo-ux,ux-058,ux-q03,open,"What, if anything, was confusing about adding an item to the basket?",Not sure really,27
demo-ux,ux-058,ux-q04,scale,"How easy was it to complete Task 1? (1 = very hard, 7 = very easy)",5,4.3
demo-ux,ux-058,ux-q05,firstclick,Where would you click first to change your delivery address?,"0.607,0.887",11.7
demo-ux,ux-058,ux-q06,firstclick,Where would you click first to find yesterday's order?,"1,0.64",7.8
demo-ux,ux-058,ux-q07,prototype,Task 2: Schedule a delivery for tomorrow between 6 and 8 pm.,completed;14,132.4
demo-ux,ux-058,ux-q08,open,Describe how you went about scheduling the delivery. What did you expect to see?,I don't know,41.8
demo-ux,ux-058,ux-q09,scale,"How confident are you that the delivery would arrive in the slot you chose? (1 = not at all, 7 = completely)",3,4.4
demo-ux,ux-058,ux-q10,firstclick,Where would you click first to apply a promo code?,"0.597,0.78",8.5
demo-ux,ux-058,ux-q11,website,Visit the Marrow help centre and find out how to report a missing item.,false,181.1
demo-ux,ux-058,ux-q12,open,How did finding the missing-item instructions go? What would you change?,I searched for 'missing item' in the help centre and the second article explained how to report it from the order page.,106.5
demo-ux,ux-058,ux-q13,choice,Which of these features would you use? Select all that apply.,Scheduled recurring deliveries; Live order tracking,10.7
demo-ux,ux-058,ux-q14,scale,"How likely are you to recommend Marrow to a friend? (0 = not at all, 10 = extremely)",6,9.2
demo-ux,ux-058,ux-q15,open,Anything else you want to tell the Marrow team?,I'd want a dark mode and bigger tap targets on the slot picker,39.6
demo-ux,ux-059,ux-q01,choice,How often do you order groceries online?,About once a week,12.1
demo-ux,ux-059,ux-q02,prototype,"Task 1: Using the Marrow prototype, add a bag of oranges to your basket and proceed to checkout.",completed;17,54.9
demo-ux,ux-059,ux-q03,open,"What, if anything, was confusing about adding an item to the basket?","The checkout button is hidden under the basket summary, I scrolled past it twice. Maybe make the basket badge animate when something is added",79.7
demo-ux,ux-059,ux-q04,scale,"How easy was it to complete Task 1? (1 = very hard, 7 = very easy)",5,2.5
demo-ux,ux-059,ux-q05,firstclick,Where would you click first to change your delivery address?,"0.908,0.221",7.4
demo-ux,ux-059,ux-q06,firstclick,Where would you click first to find yesterday's order?,"0.921,0.626",3.8
demo-ux,ux-059,ux-q07,prototype,Task 2: Schedule a delivery for tomorrow between 6 and 8 pm.,partial;14,87.2
demo-ux,ux-059,ux-q08,open,Describe how you went about scheduling the delivery. What did you expect to see?,I found it under checkout but the evening slot said limited availability so I hesitated before choosing it.,23.5
demo-ux,ux-059,ux-q09,scale,"How confident are you that the delivery would arrive in the slot you chose? (1 = not at all, 7 = completely)",6,3.1
demo-ux,ux-059,ux-q10,firstclick,Where would you click first to apply a promo code?,"0.756,0.402",4.8
demo-ux,ux-059,ux-q11,website,Visit the Marrow help centre and find out how to report a missing item.,false,15.5
demo-ux,ux-059,ux-q12,open,How did finding the missing-item instructions go? What would you change?,"I browsed the orders section first, it wasn't there, then the search found it.",42.3
demo-ux,ux-059,ux-q13,choice,Which of these features would you use? Select all that apply.,Live order tracking; Substitution preferences per item; Price alerts on favourites,8.5
demo-ux,ux-059,ux-q14,scale,"How likely are you to recommend Marrow to a friend? (0 = not at all, 10 = extremely)",6,4.2
demo-ux,ux-059,ux-q15,open,Anything else you want to tell the Marrow team?,"Nothing else, the test was clear and the tasks were realistic.",21.3
demo-ux,ux-060,ux-q01,choice,How often do you order groceries online?,Never,11.9
demo-ux,ux-060,ux-q02,prototype,"Task 1: Using the Marrow prototype, add a bag of oranges to your basket and proceed to checkout.",gave_up;5,32.8
demo-ux,ux-060,ux-q03,open,"What, if anything, was confusing about adding an item to the basket?",The search result showed loose oranges and a bag and I wasn't sure which one the task wanted.,67.1
demo-ux,ux-060,ux-q04,scale,"How easy was it to complete Task 1? (1 = very hard, 7 = very easy)",7,4.3
demo-ux,ux-060,ux-q05,firstclick,Where would you click first to change your delivery address?,"0.143,0.871",7
demo-ux,ux-060,ux-q06,firstclick,Where would you click first to find yesterday's order?,"0.988,0.674",7
demo-ux,ux-060,ux-q07,prototype,Task 2: Schedule a delivery for tomorrow between 6 and 8 pm.,partial;3,81.6
demo-ux,ux-060,ux-q08,open,Describe how you went about scheduling the delivery. What did you expect to see?,"I went to my account first thinking the schedule lived there, then backtracked to checkout. A default of tomorrow would save a tap.",95.5
demo-ux,ux-060,ux-q09,scale,"How confident are you that the delivery would arrive in the slot you chose? (1 = not at all, 7 = completely)",7,2.5
demo-ux,ux-060,ux-q10,firstclick,Where would you click first to apply a promo code?,"0.259,0.575",6.8
demo-ux,ux-060,ux-q11,website,Visit the Marrow help centre and find out how to report a missing item.,false,43.1
demo-ux,ux-060,ux-q12,open,How did finding the missing-item instructions go? What would you change?,"Fine overall, two clicks from the help home page. A direct link from the order would be better.",61.8
demo-ux,ux-060,ux-q13,choice,Which of these features would you use? Select all that apply.,Substitution preferences per item,0.9
demo-ux,ux-060,ux-q14,scale,"How likely are you to recommend Marrow to a friend? (0 = not at all, 10 = extremely)",10,2.6
demo-ux,ux-060,ux-q15,open,Anything else you want to tell the Marrow team?,"The delivery fee should be shown earlier, before I fill the basket.",24.1
demo-ux,ux-061,ux-q01,choice,How often do you order groceries online?,About once a month,8.3
demo-ux,ux-061,ux-q02,prototype,"Task 1: Using the Marrow prototype, add a bag of oranges to your basket and proceed to checkout.",completed;15,62.8
demo-ux,ux-061,ux-q03,open,"What, if anything, was confusing about adding an item to the basket?","Honestly the flow was fine, though the 'add' label is tiny on my phone. Maybe make the basket badge animate when something is added.",72.5
demo-ux,ux-061,ux-q04,scale,"How easy was it to complete Task 1? (1 = very hard, 7 = very easy)",4,11.2
demo-ux,ux-061,ux-q05,firstclick,Where would you click first to change your delivery address?,"0.025,0.816",12.9
demo-ux,ux-061,ux-q06,firstclick,Where would you click first to find yesterday's order?,"0.957,0.581",18.9
demo-ux,ux-061,ux-q07,prototype,Task 2: Schedule a delivery for tomorrow between 6 and 8 pm.,completed;7,70.4
demo-ux,ux-061,ux-q08,open,Describe how you went about scheduling the delivery. What did you expect to see?,"There was a list of days across the top and time windows below, I tapped tomorrow and then the evening slot.",121.3
demo-ux,ux-061,ux-q09,scale,"How confident are you that the delivery would arrive in the slot you chose? (1 = not at all, 7 = completely)",3,5.8
demo-ux,ux-061,ux-q10,firstclick,Where would you click first to apply a promo code?,"0.801,0.567",12.5
demo-ux,ux-061,ux-q11,website,Visit the Marrow help centre and find out how to report a missing item.,false,173.5
demo-ux,ux-061,ux-q12,open,How did finding the missing-item instructions go? What would you change?,"It took a while, the help centre groups articles by topic and 'missing item' sits under payments for some reason.",130.1
demo-ux,ux-061,ux-q13,choice,Which of these features would you use? Select all that apply.,Reorder a previous basket; Scheduled recurring deliveries; Recipe-based shopping lists; Price alerts on favourites,31.3
demo-ux,ux-061,ux-q14,scale,"How likely are you to recommend Marrow to a friend? (0 = not at all, 10 = extremely)",8,7.2
demo-ux,ux-061,ux-q15,open,Anything else you want to tell the Marrow team?,"Nothing else, the test was clear and the tasks were realistic. Thanks for asking.",52.8
demo-ux,ux-062,ux-q01,choice,How often do you order groceries online?,A few times a year,10.9
demo-ux,ux-062,ux-q02,prototype,"Task 1: Using the Marrow prototype, add a bag of oranges to your basket and proceed to checkout.",partial;4,174.8
demo-ux,ux-062,ux-q03,open,"What, if anything, was confusing about adding an item to the basket?","Nothing really confusing, the plus button on the product card did what I expected. I got there in the end though.",61.7
demo-ux,ux-062,ux-q04,scale,"How easy was it to complete Task 1? (1 = very hard, 7 = very easy)",4,8.6
demo-ux,ux-062,ux-q05,firstclick,Where would you click first to change your delivery address?,"0.264,0.078",8.9
demo-ux,ux-062,ux-q06,firstclick,Where would you click first to find yesterday's order?,"0.907,0.657",5.9
demo-ux,ux-062,ux-q07,prototype,Task 2: Schedule a delivery for tomorrow between 6 and 8 pm.,completed;5,134
demo-ux,ux-062,ux-q08,open,Describe how you went about scheduling the delivery. What did you expect to see?,"I tried tapping the delivery address thinking the time would be there, it wasn't, so I kept scrolling",51.3
demo-ux,ux-062,ux-q09,scale,"How confident are you that the delivery would arrive in the slot you chose? (1 = not at all, 7 = completely)",5,6.1
demo-ux,ux-062,ux-q10,firstclick,Where would you click first to apply a promo code?,"0.487,0.857",12.7
demo-ux,ux-062,ux-q11,website,Visit the Marrow help centre and find out how to report a missing item.,false,198.8
demo-ux,ux-062,ux-q12,open,How did finding the missing-item instructions go? What would you change?,"Found it quickly through the search bar, though the article was long and the actual steps were at the bottom.",64.7
demo-ux,ux-062,ux-q13,choice,Which of these features would you use? Select all that apply.,Scheduled recurring deliveries; Price alerts on favourites,18.6
demo-ux,ux-062,ux-q14,scale,"How likely are you to recommend Marrow to a friend? (0 = not at all, 10 = extremely)",7,10.7
demo-ux,ux-062,ux-q15,open,Anything else you want to tell the Marrow team?,"Let me filter by dietary needs, I couldn't find a vegan filter anywhere.",44.5
demo-ux,ux-063,ux-q01,choice,How often do you order groceries online?,About once a week,5.9
demo-ux,ux-063,ux-q02,prototype,"Task 1: Using the Marrow prototype, add a bag of oranges to your basket and proceed to checkout.",gave_up;7,46.4
demo-ux,ux-063,ux-q03,open,"What, if anything, was confusing about adding an item to the basket?","Adding was easy, proceeding to checkout was less obvious because the button only appears after a scroll. Maybe make the basket badge animate when something is added.",63.6
demo-ux,ux-063,ux-q04,scale,"How easy was it to complete Task 1? (1 = very hard, 7 = very easy)",3,3
demo-ux,ux-063,ux-q05,firstclick,Where would you click first to change your delivery address?,"0.035,0.83",2.3
demo-ux,ux-063,ux-q06,firstclick,Where would you click first to find yesterday's order?,"0.21,0.103",2.9
demo-ux,ux-063,ux-q07,prototype,Task 2: Schedule a delivery for tomorrow between 6 and 8 pm.,completed;14,67.4
demo-ux,ux-063,ux-q08,open,Describe how you went about scheduling the delivery. What did you expect to see?,"I tried tapping the delivery address thinking the time would be there, it wasn't, so I kept scrolling.",34.6
demo-ux,ux-063,ux-q09,scale,"How confident are you that the delivery would arrive in the slot you chose? (1 = not at all, 7 = completely)",5,3.2
demo-ux,ux-063,ux-q10,firstclick,Where would you click first to apply a promo code?,"0.741,0.522",2.6
demo-ux,ux-063,ux-q11,website,Visit the Marrow help centre and find out how to report a missing item.,false,42.3
demo-ux,ux-063,ux-q12,open,How did finding the missing-item instructions go? What would you change?,"I browsed the orders section first, it wasn't there, then the search found it.",43.7
demo-ux,ux-063,ux-q13,choice,Which of these features would you use? Select all that apply.,Scheduled recurring deliveries; Recipe-based shopping lists,7.2
demo-ux,ux-063,ux-q14,scale,"How likely are you to recommend Marrow to a friend? (0 = not at all, 10 = extremely)",7,2.7
demo-ux,ux-063,ux-q15,open,Anything else you want to tell the Marrow team?,I'd want a dark mode and bigger tap targets on the slot picker,29.5
demo-ux,ux-064,ux-q01,choice,How often do you order groceries online?,Never,1.8
demo-ux,ux-064,ux-q02,prototype,"Task 1: Using the Marrow prototype, add a bag of oranges to your basket and proceed to checkout.",partial;1,14.3
demo-ux,ux-064,ux-q03,open,"What, if anything, was confusing about adding an item to the basket?",all good,4.4
demo-ux,ux-064,ux-q04,scale,"How easy was it to complete Task 1? (1 = very hard, 7 = very easy)",7,0.6
demo-ux,ux-064,ux-q05,firstclick,Where would you click first to change your delivery address?,"0.792,0.151",2.6
demo-ux,ux-064,ux-q06,firstclick,Where would you click first to find yesterday's order?,"0.082,0.086",0.8
demo-ux,ux-064,ux-q07,prototype,Task 2: Schedule a delivery for tomorrow between 6 and 8 pm.,partial;0,14.1
demo-ux,ux-064,ux-q08,open,Describe how you went about scheduling the delivery. What did you expect to see?,nothing,9.3
demo-ux,ux-064,ux-q09,scale,"How confident are you that the delivery would arrive in the slot you chose? (1 = not at all, 7 = completely)",7,0.6
demo-ux,ux-064,ux-q10,firstclick,Where would you click first to apply a promo code?,"0.875,0.521",3
demo-ux,ux-064,ux-q11,website,Visit the Marrow help centre and find out how to report a missing item.,true,10.9
demo-ux,ux-064,ux-q12,open,How did finding the missing-item instructions go? What would you change?,fine,7.5
demo-ux,ux-064,ux-q13,choice,Which of these features would you use? Select all that apply.,Price alerts on favourites,3
demo-ux,ux-064,ux-q14,scale,"How likely are you to recommend Marrow to a friend? (0 = not at all, 10 = extremely)",10,1
demo-ux,ux-064,ux-q15,open,Anything else you want to tell the Marrow team?,nice,10.3
demo-ux,ux-065,ux-q01,choice,How often do you order groceries online?,A few times a year,6.8
demo-ux,ux-065,ux-q02,prototype,"Task 1: Using the Marrow prototype, add a bag of oranges to your basket and proceed to checkout.",partial;7,75.3
demo-ux,ux-065,ux-q03,open,"What, if anything, was confusing about adding an item to the basket?","Honestly the flow was fine, though the 'add' label is tiny on my phone. On a bigger screen it would probably be fine",103.7
demo-ux,ux-065,ux-q04,scale,"How easy was it to complete Task 1? (1 = very hard, 7 = very easy)",3,2.9
demo-ux,ux-065,ux-q05,firstclick,Where would you click first to change your delivery address?,"0.18,0.286",3.7
demo-ux,ux-065,ux-q06,firstclick,Where would you click first to find yesterday's order?,"0.813,0.75",18.6
demo-ux,ux-065,ux-q07,prototype,Task 2: Schedule a delivery for tomorrow between 6 and 8 pm.,completed;16,130.4
demo-ux,ux-065,ux-q08,open,Describe how you went about scheduling the delivery. What did you expect to see?,"I expected to see the slot picker before payment and that's where it was, so no surprises",56.5
demo-ux,ux-065,ux-q09,scale,"How confident are you that the delivery would arrive in the slot you chose? (1 = not at all, 7 = completely)",4,6
demo-ux,ux-065,ux-q10,firstclick,Where would you click first to apply a promo code?,"0.661,0.594",8.5
demo-ux,ux-065,ux-q11,website,Visit the Marrow help centre and find out how to report a missing item.,false,62.5
demo-ux,ux-065,ux-q12,open,How did finding the missing-item instructions go? What would you change?,"I found a chat button before I found the article, so I'd probably just use chat in real life. I'd put the most common problems on the help home page",51.8
demo-ux,ux-065,ux-q13,choice,Which of these features would you use? Select all that apply.,Live order tracking,12.4
demo-ux,ux-065,ux-q14,scale,"How likely are you to recommend Marrow to a friend? (0 = not at all, 10 = extremely)",7,2.6
demo-ux,ux-065,ux-q15,open,Anything else you want to tell the Marrow team?,I'd like to see substitution preferences per item rather than one global toggle.,23.4
demo-ux,ux-066,ux-q01,choice,How often do you order groceries online?,About once a month,24.2
demo-ux,ux-066,ux-q02,prototype,"Task 1: Using the Marrow prototype, add a bag of oranges to your basket and proceed to checkout.",completed;6,120.7
demo-ux,ux-066,ux-q03,open,"What, if anything, was confusing about adding an item to the basket?","Nothing really confusing, the plus button on the product card did what I expected.",147.2
demo-ux,ux-066,ux-q04,scale,"How easy was it to complete Task 1? (1 = very hard, 7 = very easy)",5,8.5
demo-ux,ux-066,ux-q05,firstclick,Where would you click first to change your delivery address?,"0.084,0.804",10.9
demo-ux,ux-066,ux-q06,firstclick,Where would you click first to find yesterday's order?,"0.91,0.63",14.2
demo-ux,ux-066,ux-q07,prototype,Task 2: Schedule a delivery for tomorrow between 6 and 8 pm.,completed;6,98.1
demo-ux,ux-066,ux-q08,open,Describe how you went about scheduling the delivery. What did you expect to see?,I expected a calendar on the checkout page but the slots were in a separate screen behind 'delivery details'.,106
demo-ux,ux-066,ux-q09,scale,"How confident are you that the delivery would arrive in the slot you chose? (1 = not at all, 7 = completely)",6,4.6
demo-ux,ux-066,ux-q10,firstclick,Where would you click first to apply a promo code?,"0.736,0.55",28.3
demo-ux,ux-066,ux-q11,website,Visit the Marrow help centre and find out how to report a missing item.,false,205.2
demo-ux,ux-066,ux-q12,open,How did finding the missing-item instructions go? What would you change?,"i found a chat button before I found the article, so I'd probably just use chat in real life.",88.5
demo-ux,ux-066,ux-q13,choice,Which of these features would you use? Select all that apply.,Reorder a previous basket; Recipe-based shopping lists; Live order tracking; Substitution preferences per item,18.3
demo-ux,ux-066,ux-q14,scale,"How likely are you to recommend Marrow to a friend? (0 = not at all, 10 = extremely)",8,11.1
demo-ux,ux-066,ux-q15,open,Anything else you want to tell the Marrow team?,The green colour scheme is pleasant but some text is low contrast.,79.6
demo-ux,ux-067,ux-q01,choice,How often do you order groceries online?,A few times a year,16.3
demo-ux,ux-067,ux-q02,prototype,"Task 1: Using the Marrow prototype, add a bag of oranges to your basket and proceed to checkout.",completed;13,80.6
demo-ux,ux-067,ux-q03,open,"What, if anything, was confusing about adding an item to the basket?",The basket icon didn't update right away so I wasn't sure the oranges had actually been added. I got there in the end though,137.1
demo-ux,ux-067,ux-q04,scale,"How easy was it to complete Task 1? (1 = very hard, 7 = very easy)",4,12.4
demo-ux,ux-067,ux-q05,firstclick,Where would you click first to change your delivery address?,"0.39,0.122",13.7
demo-ux,ux-067,ux-q06,firstclick,Where would you click first to find yesterday's order?,"0.984,0.706",9.8
demo-ux,ux-067,ux-q07,prototype,Task 2: Schedule a delivery for tomorrow between 6 and 8 pm.,completed;11,90
demo-ux,ux-067,ux-q08,open,Describe how you went about scheduling the delivery. What did you expect to see?,"i expected to see the slot picker before payment and that's where it was, so no surprises.",73.3
demo-ux,ux-067,ux-q09,scale,"How confident are you that the delivery would arrive in the slot you chose? (1 = not at all, 7 = completely)",7,5.7
demo-ux,ux-067,ux-q10,firstclick,Where would you click first to apply a promo code?,"0.726,0.467",15.4
demo-ux,ux-067,ux-q11,website,Visit the Marrow help centre and find out how to report a missing item.,false,190.8
demo-ux,ux-067,ux-q12,open,How did finding the missing-item instructions go? What would you change?,I searched for 'missing item' in the help centre and the second article explained how to report it from the order page. I would make the search box bigger.,201.6
demo-ux,ux-067,ux-q13,choice,Which of these features would you use? Select all that apply.,Live order tracking; Substitution preferences per item; Price alerts on favourites,44.5
demo-ux,ux-067,ux-q14,scale,"How likely are you to recommend Marrow to a friend? (0 = not at all, 10 = extremely)",10,10.3
demo-ux,ux-067,ux-q15,open,Anything else you want to tell the Marrow team?,The onboarding asked for my address twice.,28.8
demo-ux,ux-068,ux-q01,choice,How often do you order groceries online?,Never,1.1
demo-ux,ux-068,ux-q02,prototype,"Task 1: Using the Marrow prototype, add a bag of oranges to your basket and proceed to checkout.",partial;0,8.3
demo-ux,ux-068,ux-q03,open,"What, if anything, was confusing about adding an item to the basket?",fine i guess,5.8
demo-ux,ux-068,ux-q04,scale,"How easy was it to complete Task 1? (1 = very hard, 7 = very easy)",1,0.6
demo-ux,ux-068,ux-q05,firstclick,Where would you click first to change your delivery address?,"0.579,0.426",1.7
demo-ux,ux-068,ux-q06,firstclick,Where would you click first to find yesterday's order?,"0.475,0.81",0.9
demo-ux,ux-068,ux-q07,prototype,Task 2: Schedule a delivery for tomorrow between 6 and 8 pm.,partial;2,13.9
demo-ux,ux-068,ux-q08,open,Describe how you went about scheduling the delivery. What did you expect to see?,no,8.2
demo-ux,ux-068,ux-q09,scale,"How confident are you that the delivery would arrive in the slot you chose? (1 = not at all, 7 = completely)",7,0.9
demo-ux,ux-068,ux-q10,firstclick,Where would you click first to apply a promo code?,"0.363,0.812",0.9
demo-ux,ux-068,ux-q11,website,Visit the Marrow help centre and find out how to report a missing item.,true,18.5
demo-ux,ux-068,ux-q12,open,How did finding the missing-item instructions go? What would you change?,dont know,12.7
demo-ux,ux-068,ux-q13,choice,Which of these features would you use? Select all that apply.,Substitution preferences per item,3.1
demo-ux,ux-068,ux-q14,scale,"How likely are you to recommend Marrow to a friend? (0 = not at all, 10 = extremely)",10,0.9
demo-ux,ux-068,ux-q15,open,Anything else you want to tell the Marrow team?,all good,4
demo-ux,ux-069,ux-q01,choice,How often do you order groceries online?,Several times a week,3.8
demo-ux,ux-069,ux-q02,prototype,"Task 1: Using the Marrow prototype, add a bag of oranges to your basket and proceed to checkout.",completed;6,104.2
demo-ux,ux-069,ux-q03,open,"What, if anything, was confusing about adding an item to the basket?","Nothing really confusing, the plus button on the product card did what I expected. I got there in the end though.",43.7
demo-ux,ux-069,ux-q04,scale,"How easy was it to complete Task 1? (1 = very hard, 7 = very easy)",5,3.6
demo-ux,ux-069,ux-q05,firstclick,Where would you click first to change your delivery address?,"0.073,0.738",3.6
demo-ux,ux-069,ux-q06,firstclick,Where would you click first to find yesterday's order?,"0.741,0.156",4.5
demo-ux,ux-069,ux-q07,prototype,Task 2: Schedule a delivery for tomorrow between 6 and 8 pm.,gave_up;0,5.3
demo-ux,ux-069,ux-q08,open,Describe how you went about scheduling the delivery. What did you expect to see?,"Blank screen on my side, I expected the same checkout flow as the first task but nothing appeared.",24.1
demo-ux,ux-069,ux-q09,scale,"How confident are you that the delivery would arrive in the slot you chose? (1 = not at all, 7 = completely)",5,5.1
demo-ux,ux-069,ux-q10,firstclick,Where would you click first to apply a promo code?,"0.68,0.542",2.8
demo-ux,ux-069,ux-q11,website,Visit the Marrow help centre and find out how to report a missing item.,false,32.3
demo-ux,ux-069,ux-q12,open,How did finding the missing-item instructions go? What would you change?,"I found a chat button before I found the article, so I'd probably just use chat in real life.",29.2
demo-ux,ux-069,ux-q13,choice,Which of these features would you use? Select all that apply.,None of these,14.6
demo-ux,ux-069,ux-q14,scale,"How likely are you to recommend Marrow to a friend? (0 = not at all, 10 = extremely)",5,2.2
demo-ux,ux-069,ux-q15,open,Anything else you want to tell the Marrow team?,"Nothing else, the test was clear and the tasks were realistic.",17.4
demo-ux,ux-070,ux-q01,choice,How often do you order groceries online?,Several times a week,2.7
demo-ux,ux-070,ux-q02,prototype,"Task 1: Using the Marrow prototype, add a bag of oranges to your basket and proceed to checkout.",completed;13,36.6
demo-ux,ux-070,ux-q03,open,"What, if anything, was confusing about adding an item to the basket?",fghj,13.8
demo-ux,ux-070,ux-q04,scale,"How easy was it to complete Task 1? (1 = very hard, 7 = very easy)",4,5.5
demo-ux,ux-070,ux-q05,firstclick,Where would you click first to change your delivery address?,"0.106,0.875",5.1
demo-ux,ux-070,ux-q06,firstclick,Where would you click first to find yesterday's order?,"0.934,0.666",9.5
demo-ux,ux-070,ux-q07,prototype,Task 2: Schedule a delivery for tomorrow between 6 and 8 pm.,completed;13,73.9
demo-ux,ux-070,ux-q08,open,Describe how you went about scheduling the delivery. What did you expect to see?,7,10.6
demo-ux,ux-070,ux-q09,scale,"How confident are you that the delivery would arrive in the slot you chose? (1 = not at all, 7 = completely)",7,1.3
demo-ux,ux-070,ux-q10,firstclick,Where would you click first to apply a promo code?,"0.353,0.313",6.3
demo-ux,ux-070,ux-q11,website,Visit the Marrow help centre and find out how to report a missing item.,true,22.9
demo-ux,ux-070,ux-q12,open,How did finding the missing-item instructions go? What would you change?,2,12.6
demo-ux,ux-070,ux-q13,choice,Which of these features would you use? Select all that apply.,Substitution preferences per item; Shared household basket,29.8
demo-ux,ux-070,ux-q14,scale,"How likely are you to recommend Marrow to a friend? (0 = not at all, 10 = extremely)",5,14.9
demo-ux,ux-070,ux-q15,open,Anything else you want to tell the Marrow team?,18,13.6
demo-ux,ux-071,ux-q01,choice,How often do you order groceries online?,About once a month,16.2
demo-ux,ux-071,ux-q02,prototype,"Task 1: Using the Marrow prototype, add a bag of oranges to your basket and proceed to checkout.",completed;4,60.5
demo-ux,ux-071,ux-q03,open,"What, if anything, was confusing about adding an item to the basket?",The search result showed loose oranges and a bag and I wasn't sure which one the task wanted Took me way too damn long to spot the button.,73.7
demo-ux,ux-071,ux-q04,scale,"How easy was it to complete Task 1? (1 = very hard, 7 = very easy)",5,6.2
demo-ux,ux-071,ux-q05,firstclick,Where would you click first to change your delivery address?,"0.115,0.753",5.6
demo-ux,ux-071,ux-q06,firstclick,Where would you click first to find yesterday's order?,"0.913,0.532",9
demo-ux,ux-071,ux-q07,prototype,Task 2: Schedule a delivery for tomorrow between 6 and 8 pm.,completed;5,104.4
demo-ux,ux-071,ux-q08,open,Describe how you went about scheduling the delivery. What did you expect to see?,"Pretty straightforward, checkout then 'choose a slot' then tomorrow then 6 to 8 pm.",108.2
demo-ux,ux-071,ux-q09,scale,"How confident are you that the delivery would arrive in the slot you chose? (1 = not at all, 7 = completely)",5,8.9
demo-ux,ux-071,ux-q10,firstclick,Where would you click first to apply a promo code?,"0.709,0.403",5.4
demo-ux,ux-071,ux-q11,website,Visit the Marrow help centre and find out how to report a missing item.,false,115.9
demo-ux,ux-071,ux-q12,open,How did finding the missing-item instructions go? What would you change?,"i browsed the orders section first, it wasn't there, then the search found it.",54.4
demo-ux,ux-071,ux-q13,choice,Which of these features would you use? Select all that apply.,Substitution preferences per item,14.7
demo-ux,ux-071,ux-q14,scale,"How likely are you to recommend Marrow to a friend? (0 = not at all, 10 = extremely)",8,6.8
demo-ux,ux-071,ux-q15,open,Anything else you want to tell the Marrow team?,The green colour scheme is pleasant but some text is low contrast.,32.4
demo-ux,ux-072,ux-q01,choice,How often do you order groceries online?,Never,8.8
demo-ux,ux-072,ux-q02,prototype,"Task 1: Using the Marrow prototype, add a bag of oranges to your basket and proceed to checkout.",completed;5,45.9
demo-ux,ux-072,ux-q03,open,"What, if anything, was confusing about adding an item to the basket?","took me a moment to find the basket, I was looking at the bottom bar but it sits top right. I got there in the end though.",62.7
demo-ux,ux-072,ux-q04,scale,"How easy was it to complete Task 1? (1 = very hard, 7 = very easy)",3,2.9
demo-ux,ux-072,ux-q05,firstclick,Where would you click first to change your delivery address?,"0.1,0.809",15.5
demo-ux,ux-072,ux-q06,firstclick,Where would you click first to find yesterday's order?,"0.929,0.563",7.4
demo-ux,ux-072,ux-q07,prototype,Task 2: Schedule a delivery for tomorrow between 6 and 8 pm.,completed;14,94.1
demo-ux,ux-072,ux-q08,open,Describe how you went about scheduling the delivery. What did you expect to see?,I expected a calendar on the checkout page but the slots were in a separate screen behind 'delivery details'.,83.6
demo-ux,ux-072,ux-q09,scale,"How confident are you that the delivery would arrive in the slot you chose? (1 = not at all, 7 = completely)",5,1.8
demo-ux,ux-072,ux-q10,firstclick,Where would you click first to apply a promo code?,"0.761,0.751",5.6
demo-ux,ux-072,ux-q11,website,Visit the Marrow help centre and find out how to report a missing item.,false,110.9
demo-ux,ux-072,ux-q12,open,How did finding the missing-item instructions go? What would you change?,"I browsed the orders section first, it wasn't there, then the search found it. Took me about a minute.",53
demo-ux,ux-072,ux-q13,choice,Which of these features would you use? Select all that apply.,Live order tracking,9.4
demo-ux,ux-072,ux-q14,scale,"How likely are you to recommend Marrow to a friend? (0 = not at all, 10 = extremely)",5,4.7
demo-ux,ux-072,ux-q15,open,Anything else you want to tell the Marrow team?,"The app feels fast and the product photos are good, I'd try it for a real order. That's all from me.",29.3
demo-ux,ux-073,ux-q01,choice,How often do you order groceries online?,Several times a week,12.4
demo-ux,ux-073,ux-q02,prototype,"Task 1: Using the Marrow prototype, add a bag of oranges to your basket and proceed to checkout.",partial;3,42.1
demo-ux,ux-073,ux-q03,open,"What, if anything, was confusing about adding an item to the basket?","Adding was easy, proceeding to checkout was less obvious because the button only appears after a scroll. A small confirmation toast would help",56.3
demo-ux,ux-073,ux-q04,scale,"How easy was it to complete Task 1? (1 = very hard, 7 = very easy)",6,3.4
demo-ux,ux-073,ux-q05,firstclick,Where would you click first to change your delivery address?,"0.453,0.624",1.9
demo-ux,ux-073,ux-q06,firstclick,Where would you click first to find yesterday's order?,"0.453,0.624",2.7
demo-ux,ux-073,ux-q07,prototype,Task 2: Schedule a delivery for tomorrow between 6 and 8 pm.,completed;20,69.8
demo-ux,ux-073,ux-q08,open,Describe how you went about scheduling the delivery. What did you expect to see?,I expected a 'schedule for later' button on the basket page and had to hunt for it in checkout instead. A default of tomorrow would save a tap.,70
demo-ux,ux-073,ux-q09,scale,"How confident are you that the delivery would arrive in the slot you chose? (1 = not at all, 7 = completely)",6,3.1
demo-ux,ux-073,ux-q10,firstclick,Where would you click first to apply a promo code?,"0.453,0.624",2.3
demo-ux,ux-073,ux-q11,website,Visit the Marrow help centre and find out how to report a missing item.,false,47.2
demo-ux,ux-073,ux-q12,open,How did finding the missing-item instructions go? What would you change?,It was easy.,15.9
demo-ux,ux-073,ux-q13,choice,Which of these features would you use? Select all that apply.,Shared household basket,9.2
demo-ux,ux-073,ux-q14,scale,"How likely are you to recommend Marrow to a friend? (0 = not at all, 10 = extremely)",10,2.5
demo-ux,ux-073,ux-q15,open,Anything else you want to tell the Marrow team?,Pretty simple.,40.9
demo-ux,ux-074,ux-q01,choice,How often do you order groceries online?,About once a week,6
demo-ux,ux-074,ux-q02,prototype,"Task 1: Using the Marrow prototype, add a bag of oranges to your basket and proceed to checkout.",completed;7,96.5
demo-ux,ux-074,ux-q03,open,"What, if anything, was confusing about adding an item to the basket?","Took me a moment to find the basket, I was looking at the bottom bar but it sits top right.",68.9
demo-ux,ux-074,ux-q04,scale,"How easy was it to complete Task 1? (1 = very hard, 7 = very easy)",6,2.1
demo-ux,ux-074,ux-q05,firstclick,Where would you click first to change your delivery address?,"0.067,0.841",5.3
demo-ux,ux-074,ux-q06,firstclick,Where would you click first to find yesterday's order?,"0.94,0.637",4
demo-ux,ux-074,ux-q07,prototype,Task 2: Schedule a delivery for tomorrow between 6 and 8 pm.,completed;7,81.3
demo-ux,ux-074,ux-q08,open,Describe how you went about scheduling the delivery. What did you expect to see?,"I expected to see the slot picker before payment and that's where it was, so no surprises.",39.3
demo-ux,ux-074,ux-q09,scale,"How confident are you that the delivery would arrive in the slot you chose? (1 = not at all, 7 = completely)",6,2.7
demo-ux,ux-074,ux-q10,firstclick,Where would you click first to apply a promo code?,"0.685,0.621",7
demo-ux,ux-074,ux-q11,website,Visit the Marrow help centre and find out how to report a missing item.,false,50.1
demo-ux,ux-074,ux-q12,open,How did finding the missing-item instructions go? What would you change?,"Fine overall, two clicks from the help home page. Otherwise no complaints.",27.6
demo-ux,ux-074,ux-q13,choice,Which of these features would you use? Select all that apply.,Scheduled recurring deliveries; Live order tracking; Price alerts on favourites,6.9
demo-ux,ux-074,ux-q14,scale,"How likely are you to recommend Marrow to a friend? (0 = not at all, 10 = extremely)",8,1.7
demo-ux,ux-074,ux-q15,open,Anything else you want to tell the Marrow team?,I'd want a dark mode and bigger tap targets on the slot picker. Overall a decent experience.,19.5
demo-ux,ux-075,ux-q01,choice,How often do you order groceries online?,About once a week,13.3
demo-ux,ux-075,ux-q02,prototype,"Task 1: Using the Marrow prototype, add a bag of oranges to your basket and proceed to checkout.",gave_up;0,3.3
demo-ux,ux-075,ux-q03,open,"What, if anything, was confusing about adding an item to the basket?",all good,16.6
demo-ux,ux-075,ux-q04,scale,"How easy was it to complete Task 1? (1 = very hard, 7 = very easy)",6,4.6
demo-ux,ux-075,ux-q05,firstclick,Where would you click first to change your delivery address?,"0.153,0.787",16.1
demo-ux,ux-075,ux-q06,firstclick,Where would you click first to find yesterday's order?,"0.295,0.238",14.3
demo-ux,ux-075,ux-q07,prototype,Task 2: Schedule a delivery for tomorrow between 6 and 8 pm.,gave_up;0,3.4
demo-ux,ux-075,ux-q08,open,Describe how you went about scheduling the delivery. What did you expect to see?,everything was easy,23
demo-ux,ux-075,ux-q09,scale,"How confident are you that the delivery would arrive in the slot you chose? (1 = not at all, 7 = completely)",3,9
demo-ux,ux-075,ux-q10,firstclick,Where would you click first to apply a promo code?,"0.791,0.439",6.1
demo-ux,ux-075,ux-q11,website,Visit the Marrow help centre and find out how to report a missing item.,true,5.2
demo-ux,ux-075,ux-q12,open,How did finding the missing-item instructions go? What would you change?,everything was easy,17.7
demo-ux,ux-075,ux-q13,choice,Which of these features would you use? Select all that apply.,Substitution preferences per item; Price alerts on favourites,27.3
demo-ux,ux-075,ux-q14,scale,"How likely are you to recommend Marrow to a friend? (0 = not at all, 10 = extremely)",5,9.9
demo-ux,ux-075,ux-q15,open,Anything else you want to tell the Marrow team?,everything was easy,12.7
demo-ux,ux-076,ux-q01,choice,How often do you order groceries online?,Never,7.2
demo-ux,ux-076,ux-q02,prototype,"Task 1: Using the Marrow prototype, add a bag of oranges to your basket and proceed to checkout.",completed;14,86.9
demo-ux,ux-076,ux-q03,open,"What, if anything, was confusing about adding an item to the basket?","Nothing really confusing, the plus button on the product card did what I expected. Otherwise it worked as I expected",32.6
demo-ux,ux-076,ux-q04,scale,"How easy was it to complete Task 1? (1 = very hard, 7 = very easy)",5,8.7
demo-ux,ux-076,ux-q05,firstclick,Where would you click first to change your delivery address?,"0.161,0.179",10.1
demo-ux,ux-076,ux-q06,firstclick,Where would you click first to find yesterday's order?,"0.962,0.566",6.9
demo-ux,ux-076,ux-q07,prototype,Task 2: Schedule a delivery for tomorrow between 6 and 8 pm.,completed;9,120.7
demo-ux,ux-076,ux-q08,open,Describe how you went about scheduling the delivery. What did you expect to see?,"I opened the basket, found the delivery slot section and picked tomorrow evening, then scrolled to the six to eight option.",48.5
demo-ux,ux-076,ux-q09,scale,"How confident are you that the delivery would arrive in the slot you chose? (1 = not at all, 7 = completely)",4,5
demo-ux,ux-076,ux-q10,firstclick,Where would you click first to apply a promo code?,"0.711,0.555",7.9
demo-ux,ux-076,ux-q11,website,Visit the Marrow help centre and find out how to report a missing item.,false,245
demo-ux,ux-076,ux-q12,open,How did finding the missing-item instructions go? What would you change?,"It took a while, the help centre groups articles by topic and 'missing item' sits under payments for some reason.",81.9
demo-ux,ux-076,ux-q13,choice,Which of these features would you use? Select all that apply.,Scheduled recurring deliveries; Recipe-based shopping lists; Shared household basket,13.4
demo-ux,ux-076,ux-q14,scale,"How likely are you to recommend Marrow to a friend? (0 = not at all, 10 = extremely)",6,6
demo-ux,ux-076,ux-q15,open,Anything else you want to tell the Marrow team?,"The delivery fee should be shown earlier, before I fill the basket.",53.2
demo-ux,ux-077,ux-q01,choice,How often do you order groceries online?,Never,2.5
demo-ux,ux-077,ux-q02,prototype,"Task 1: Using the Marrow prototype, add a bag of oranges to your basket and proceed to checkout.",gave_up;2,14.5
demo-ux,ux-077,ux-q03,open,"What, if anything, was confusing about adding an item to the basket?",fine,6.8
demo-ux,ux-077,ux-q04,scale,"How easy was it to complete Task 1? (1 = very hard, 7 = very easy)",7,0.6
demo-ux,ux-077,ux-q05,firstclick,Where would you click first to change your delivery address?,"0.942,0.106",4.1
demo-ux,ux-077,ux-q06,firstclick,Where would you click first to find yesterday's order?,"0.19,0.658",3.8
demo-ux,ux-077,ux-q07,prototype,Task 2: Schedule a delivery for tomorrow between 6 and 8 pm.,partial;0,25
demo-ux,ux-077,ux-q08,open,Describe how you went about scheduling the delivery. What did you expect to see?,fine i guess,9.4
demo-ux,ux-077,ux-q09,scale,"How confident are you that the delivery would arrive in the slot you chose? (1 = not at all, 7 = completely)",7,0.8
demo-ux,ux-077,ux-q10,firstclick,Where would you click first to apply a promo code?,"0.68,0.282",1.5
demo-ux,ux-077,ux-q11,website,Visit the Marrow help centre and find out how to report a missing item.,true,19.8
demo-ux,ux-077,ux-q12,open,How did finding the missing-item instructions go? What would you change?,nice,9.1
demo-ux,ux-077,ux-q13,choice,Which of these features would you use? Select all that apply.,Recipe-based shopping lists,2.4
demo-ux,ux-077,ux-q14,scale,"How likely are you to recommend Marrow to a friend? (0 = not at all, 10 = extremely)",10,3.1
demo-ux,ux-077,ux-q15,open,Anything else you want to tell the Marrow team?,good,11.7
demo-ux,ux-078,ux-q01,choice,How often do you order groceries online?,About once a month,13.2
demo-ux,ux-078,ux-q02,prototype,"Task 1: Using the Marrow prototype, add a bag of oranges to your basket and proceed to checkout.",gave_up;2,152.8
demo-ux,ux-078,ux-q03,open,"What, if anything, was confusing about adding an item to the basket?","Honestly the flow was fine, though the 'add' label is tiny on my phone.",59.4
demo-ux,ux-078,ux-q04,scale,"How easy was it to complete Task 1? (1 = very hard, 7 = very easy)",4,9.1
demo-ux,ux-078,ux-q05,firstclick,Where would you click first to change your delivery address?,"0.08,0.824",8.1
demo-ux,ux-078,ux-q06,firstclick,Where would you click first to find yesterday's order?,"0.974,0.574",12.5
demo-ux,ux-078,ux-q07,prototype,Task 2: Schedule a delivery for tomorrow between 6 and 8 pm.,completed;6,100.7
demo-ux,ux-078,ux-q08,open,Describe how you went about scheduling the delivery. What did you expect to see?,"I went to my account first thinking the schedule lived there, then backtracked to checkout. It worked, just more steps than I expected.",114.9
demo-ux,ux-078,ux-q09,scale,"How confident are you that the delivery would arrive in the slot you chose? (1 = not at all, 7 = completely)",6,6.2
demo-ux,ux-078,ux-q10,firstclick,Where would you click first to apply a promo code?,"0.734,0.543",10.8
demo-ux,ux-078,ux-q11,website,Visit the Marrow help centre and find out how to report a missing item.,false,115.1
demo-ux,ux-078,ux-q12,open,How did finding the missing-item instructions go? What would you change?,"It took a while, the help centre groups articles by topic and 'missing item' sits under payments for some reason. I would make the search box bigger.",84.8
demo-ux,ux-078,ux-q13,choice,Which of these features would you use? Select all that apply.,Reorder a previous basket; Recipe-based shopping lists; Live order tracking,21.4
demo-ux,ux-078,ux-q14,scale,"How likely are you to recommend Marrow to a friend? (0 = not at all, 10 = extremely)",6,11.1
demo-ux,ux-078,ux-q15,open,Anything else you want to tell the Marrow team?,The green colour scheme is pleasant but some text is low contrast,22.5
demo-ux,ux-079,ux-q01,choice,How often do you order groceries online?,A few times a year,6.6
demo-ux,ux-079,ux-q02,prototype,"Task 1: Using the Marrow prototype, add a bag of oranges to your basket and proceed to checkout.",completed;6,99.5
demo-ux,ux-079,ux-q03,open,"What, if anything, was confusing about adding an item to the basket?","Honestly the flow was fine, though the 'add' label is tiny on my phone.",33.3
demo-ux,ux-079,ux-q04,scale,"How easy was it to complete Task 1? (1 = very hard, 7 = very easy)",5,2
demo-ux,ux-079,ux-q05,firstclick,Where would you click first to change your delivery address?,"0.042,0.775",10.4
demo-ux,ux-079,ux-q06,firstclick,Where would you click first to find yesterday's order?,"0.955,0.677",9
demo-ux,ux-079,ux-q07,prototype,Task 2: Schedule a delivery for tomorrow between 6 and 8 pm.,completed;9,116.6
demo-ux,ux-079,ux-q08,open,Describe how you went about scheduling the delivery. What did you expect to see?,"I tried tapping the delivery address thinking the time would be there, it wasn't, so I kept scrolling. It worked, just more steps than I expected.",63
demo-ux,ux-079,ux-q09,scale,"How confident are you that the delivery would arrive in the slot you chose? (1 = not at all, 7 = completely)",5,4.2
demo-ux,ux-079,ux-q10,firstclick,Where would you click first to apply a promo code?,"0.669,0.557",10.8
demo-ux,ux-079,ux-q11,website,Visit the Marrow help centre and find out how to report a missing item.,false,70.5
demo-ux,ux-079,ux-q12,open,How did finding the missing-item instructions go? What would you change?,I had to scroll past a lot of promotional content before reaching the help links.,50.3
demo-ux,ux-079,ux-q13,choice,Which of these features would you use? Select all that apply.,Live order tracking,19.6
demo-ux,ux-079,ux-q14,scale,"How likely are you to recommend Marrow to a friend? (0 = not at all, 10 = extremely)",7,2.7
demo-ux,ux-079,ux-q15,open,Anything else you want to tell the Marrow team?,"The app feels fast and the product photos are good, I'd try it for a real order.",31.8
demo-ux,ux-080,ux-q01,choice,How often do you order groceries online?,Several times a week,7.3
demo-ux,ux-080,ux-q02,prototype,"Task 1: Using the Marrow prototype, add a bag of oranges to your basket and proceed to checkout.",completed;4,105.9
demo-ux,ux-080,ux-q03,open,"What, if anything, was confusing about adding an item to the basket?","Adding was easy, proceeding to checkout was less obvious because the button only appears after a scroll. I use a similar app weekly so the pattern was familiar.",52.8
demo-ux,ux-080,ux-q04,scale,"How easy was it to complete Task 1? (1 = very hard, 7 = very easy)",6,2.9
demo-ux,ux-080,ux-q05,firstclick,Where would you click first to change your delivery address?,"0.238,0.077",6.7
demo-ux,ux-080,ux-q06,firstclick,Where would you click first to find yesterday's order?,"0.917,0.519",6.1
demo-ux,ux-080,ux-q07,prototype,Task 2: Schedule a delivery for tomorrow between 6 and 8 pm.,completed;7,95.5
demo-ux,ux-080,ux-q08,open,Describe how you went about scheduling the delivery. What did you expect to see?,"I opened the basket, found the delivery slot section and picked tomorrow evening, then scrolled to the six to eight option. The slot picker felt a bit cramped.",75.8
demo-ux,ux-080,ux-q09,scale,"How confident are you that the delivery would arrive in the slot you chose? (1 = not at all, 7 = completely)",6,6.8
demo-ux,ux-080,ux-q10,firstclick,Where would you click first to apply a promo code?,"0.623,0.473",5.7
demo-ux,ux-080,ux-q11,website,Visit the Marrow help centre and find out how to report a missing item.,true,37.7
demo-ux,ux-080,ux-q12,open,How did finding the missing-item instructions go? What would you change?,I searched for 'missing item' in the help centre and the second article explained how to report it from the order page. I would make the search box bigger.,85.4
demo-ux,ux-080,ux-q13,choice,Which of these features would you use? Select all that apply.,Scheduled recurring deliveries; Recipe-based shopping lists,13
demo-ux,ux-080,ux-q14,scale,"How likely are you to recommend Marrow to a friend? (0 = not at all, 10 = extremely)",10,2.7
demo-ux,ux-080,ux-q15,open,Anything else you want to tell the Marrow team?,"Let me filter by dietary needs, I couldn't find a vegan filter anywhere. Overall a decent experience.",33.2
demo-ux,ux-081,ux-q01,choice,How often do you order groceries online?,Never,11.7
demo-ux,ux-081,ux-q02,prototype,"Task 1: Using the Marrow prototype, add a bag of oranges to your basket and proceed to checkout.",partial;4,70.9
demo-ux,ux-081,ux-q03,open,"What, if anything, was confusing about adding an item to the basket?","Adding was easy, proceeding to checkout was less obvious because the button only appears after a scroll. A small confirmation toast would help.",50
demo-ux,ux-081,ux-q04,scale,"How easy was it to complete Task 1? (1 = very hard, 7 = very easy)",6,10.1
demo-ux,ux-081,ux-q05,firstclick,Where would you click first to change your delivery address?,"0.123,0.853",5.1
demo-ux,ux-081,ux-q06,firstclick,Where would you click first to find yesterday's order?,"0.336,0.707",5.2
demo-ux,ux-081,ux-q07,prototype,Task 2: Schedule a delivery for tomorrow between 6 and 8 pm.,completed;13,112.2
demo-ux,ux-081,ux-q08,open,Describe how you went about scheduling the delivery. What did you expect to see?,"There was a list of days across the top and time windows below, I tapped tomorrow and then the evening slot. A default of tomorrow would save a tap.",61.7
demo-ux,ux-081,ux-q09,scale,"How confident are you that the delivery would arrive in the slot you chose? (1 = not at all, 7 = completely)",5,5
demo-ux,ux-081,ux-q10,firstclick,Where would you click first to apply a promo code?,"0.711,0.529",8.7
demo-ux,ux-081,ux-q11,website,Visit the Marrow help centre and find out how to report a missing item.,false,94.3
demo-ux,ux-081,ux-q12,open,How did finding the missing-item instructions go? What would you change?,"It took a while, the help centre groups articles by topic and 'missing item' sits under payments for some reason.",66
demo-ux,ux-081,ux-q13,choice,Which of these features would you use? Select all that apply.,Reorder a previous basket; Live order tracking; Shared household basket,18.6
demo-ux,ux-081,ux-q14,scale,"How likely are you to recommend Marrow to a friend? (0 = not at all, 10 = extremely)",6,8.2
demo-ux,ux-081,ux-q15,open,Anything else you want to tell the Marrow team?,The green colour scheme is pleasant but some text is low contrast.,40.4
demo-ux,ux-082,ux-q01,choice,How often do you order groceries online?,About once a week,10.4
demo-ux,ux-082,ux-q02,prototype,"Task 1: Using the Marrow prototype, add a bag of oranges to your basket and proceed to checkout.",completed;12,41.7
demo-ux,ux-082,ux-q03,open,"What, if anything, was confusing about adding an item to the basket?","Nothing confusing, pretty standard grocery app pattern. It just needs clearer labels",35.9
demo-ux,ux-082,ux-q04,scale,"How easy was it to complete Task 1? (1 = very hard, 7 = very easy)",6,3.4
demo-ux,ux-082,ux-q05,firstclick,Where would you click first to change your delivery address?,"0.074,0.74",4.1
demo-ux,ux-082,ux-q06,firstclick,Where would you click first to find yesterday's order?,"0.956,0.619",3
demo-ux,ux-082,ux-q07,prototype,Task 2: Schedule a delivery for tomorrow between 6 and 8 pm.,gave_up;0,5.8
demo-ux,ux-082,ux-q08,open,Describe how you went about scheduling the delivery. What did you expect to see?,"The prototype never loaded for me, I just saw a grey screen and gave up after a few seconds.",42
demo-ux,ux-082,ux-q09,scale,"How confident are you that the delivery would arrive in the slot you chose? (1 = not at all, 7 = completely)",5,1.6
demo-ux,ux-082,ux-q10,firstclick,Where would you click first to apply a promo code?,"0.815,0.398",9.4
demo-ux,ux-082,ux-q11,website,Visit the Marrow help centre and find out how to report a missing item.,true,61.1
demo-ux,ux-082,ux-q12,open,How did finding the missing-item instructions go? What would you change?,"I found a chat button before I found the article, so I'd probably just use chat in real life.",32.9
demo-ux,ux-082,ux-q13,choice,Which of these features would you use? Select all that apply.,Reorder a previous basket; Live order tracking; Substitution preferences per item; Price alerts on favourites,5.7
demo-ux,ux-082,ux-q14,scale,"How likely are you to recommend Marrow to a friend? (0 = not at all, 10 = extremely)",7,2.4
demo-ux,ux-082,ux-q15,open,Anything else you want to tell the Marrow team?,I'd like to see substitution preferences per item rather than one global toggle.,21.7
demo-ux,ux-083,ux-q01,choice,How often do you order groceries online?,Several times a week,6.7
demo-ux,ux-083,ux-q02,prototype,"Task 1: Using the Marrow prototype, add a bag of oranges to your basket and proceed to checkout.",partial;5,84.5
demo-ux,ux-083,ux-q03,open,"What, if anything, was confusing about adding an item to the basket?","honestly the flow was fine, though the 'add' label is tiny on my phone.",66.9
demo-ux,ux-083,ux-q04,scale,"How easy was it to complete Task 1? (1 = very hard, 7 = very easy)",4,6.1
demo-ux,ux-083,ux-q05,firstclick,Where would you click first to change your delivery address?,"0.078,0.793",12
demo-ux,ux-083,ux-q06,firstclick,Where would you click first to find yesterday's order?,"0.126,0.954",24.5
demo-ux,ux-083,ux-q07,prototype,Task 2: Schedule a delivery for tomorrow between 6 and 8 pm.,completed;8,166.3
demo-ux,ux-083,ux-q08,open,Describe how you went about scheduling the delivery. What did you expect to see?,"I opened the basket, found the delivery slot section and picked tomorrow evening, then scrolled to the six to eight option",115.6
demo-ux,ux-083,ux-q09,scale,"How confident are you that the delivery would arrive in the slot you chose? (1 = not at all, 7 = completely)",5,9
demo-ux,ux-083,ux-q10,firstclick,Where would you click first to apply a promo code?,"0.575,0.873",10.5
demo-ux,ux-083,ux-q11,website,Visit the Marrow help centre and find out how to report a missing item.,false,148.5
demo-ux,ux-083,ux-q12,open,How did finding the missing-item instructions go? What would you change?,The help centre asked me to log in before showing anything which was annoying for a quick question.,83.6
demo-ux,ux-083,ux-q13,choice,Which of these features would you use? Select all that apply.,None of these,15.7
demo-ux,ux-083,ux-q14,scale,"How likely are you to recommend Marrow to a friend? (0 = not at all, 10 = extremely)",4,3.1
demo-ux,ux-083,ux-q15,open,Anything else you want to tell the Marrow team?,I'd like to see substitution preferences per item rather than one global toggle,56
demo-ux,ux-084,ux-q01,choice,How often do you order groceries online?,Never,7.8
demo-ux,ux-084,ux-q02,prototype,"Task 1: Using the Marrow prototype, add a bag of oranges to your basket and proceed to checkout.",completed;8,113.2
demo-ux,ux-084,ux-q03,open,"What, if anything, was confusing about adding an item to the basket?",No problems at all with this one.,15.4
demo-ux,ux-084,ux-q04,scale,"How easy was it to complete Task 1? (1 = very hard, 7 = very easy)",7,4.5
demo-ux,ux-084,ux-q05,firstclick,Where would you click first to change your delivery address?,"0.091,0.886",5.8
demo-ux,ux-084,ux-q06,firstclick,Where would you click first to find yesterday's order?,"0.963,0.634",7.3
demo-ux,ux-084,ux-q07,prototype,Task 2: Schedule a delivery for tomorrow between 6 and 8 pm.,completed;13,71.5
demo-ux,ux-084,ux-q08,open,Describe how you went about scheduling the delivery. What did you expect to see?,No problems at all with this one.,15.3
demo-ux,ux-084,ux-q09,scale,"How confident are you that the delivery would arrive in the slot you chose? (1 = not at all, 7 = completely)",5,2.6
demo-ux,ux-084,ux-q10,firstclick,Where would you click first to apply a promo code?,"0.763,0.518",4.6
demo-ux,ux-084,ux-q11,website,Visit the Marrow help centre and find out how to report a missing item.,false,50.4
demo-ux,ux-084,ux-q12,open,How did finding the missing-item instructions go? What would you change?,No problems at all with this one.,16.6
demo-ux,ux-084,ux-q13,choice,Which of these features would you use? Select all that apply.,Substitution preferences per item,16
demo-ux,ux-084,ux-q14,scale,"How likely are you to recommend Marrow to a friend? (0 = not at all, 10 = extremely)",5,8.7
demo-ux,ux-084,ux-q15,open,Anything else you want to tell the Marrow team?,No problems at all with this one.,12.6
demo-ux,ux-085,ux-q01,choice,How often do you order groceries online?,Several times a week,13.8
demo-ux,ux-085,ux-q02,prototype,"Task 1: Using the Marrow prototype, add a bag of oranges to your basket and proceed to checkout.",completed;7,75.4
demo-ux,ux-085,ux-q03,open,"What, if anything, was confusing about adding an item to the basket?","Took me a moment to find the basket, I was looking at the bottom bar but it sits top right. I got there in the end though.",88.1
demo-ux,ux-085,ux-q04,scale,"How easy was it to complete Task 1? (1 = very hard, 7 = very easy)",7,7.5
demo-ux,ux-085,ux-q05,firstclick,Where would you click first to change your delivery address?,"0,0.779",16.6
demo-ux,ux-085,ux-q06,firstclick,Where would you click first to find yesterday's order?,"0.909,0.624",9.3
demo-ux,ux-085,ux-q07,prototype,Task 2: Schedule a delivery for tomorrow between 6 and 8 pm.,completed;8,236.6
demo-ux,ux-085,ux-q08,open,Describe how you went about scheduling the delivery. What did you expect to see?,I found it under checkout but the evening slot said limited availability so I hesitated before choosing it.,74.7
demo-ux,ux-085,ux-q09,scale,"How confident are you that the delivery would arrive in the slot you chose? (1 = not at all, 7 = completely)",4,5.1
demo-ux,ux-085,ux-q10,firstclick,Where would you click first to apply a promo code?,"0.295,0.531",11.5
demo-ux,ux-085,ux-q11,website,Visit the Marrow help centre and find out how to report a missing item.,false,109.8
demo-ux,ux-085,ux-q12,open,How did finding the missing-item instructions go? What would you change?,I had to scroll past a lot of promotional content before reaching the help links.,89.9
demo-ux,ux-085,ux-q13,choice,Which of these features would you use? Select all that apply.,None of these,13.4
demo-ux,ux-085,ux-q14,scale,"How likely are you to recommend Marrow to a friend? (0 = not at all, 10 = extremely)",10,12.9
demo-ux,ux-085,ux-q15,open,Anything else you want to tell the Marrow team?,"Nothing else, the test was clear and the tasks were realistic. Overall a decent experience.",48.3
demo-ux,ux-086,ux-q01,choice,How often do you order groceries online?,Several times a week,13.2
demo-ux,ux-086,ux-q02,prototype,"Task 1: Using the Marrow prototype, add a bag of oranges to your basket and proceed to checkout.",completed;7,73.1
demo-ux,ux-086,ux-q03,open,"What, if anything, was confusing about adding an item to the basket?","Honestly the flow was fine, though the 'add' label is tiny on my phone.",40.5
demo-ux,ux-086,ux-q04,scale,"How easy was it to complete Task 1? (1 = very hard, 7 = very easy)",6,5.6
demo-ux,ux-086,ux-q05,firstclick,Where would you click first to change your delivery address?,"0.087,0.777",8
demo-ux,ux-086,ux-q06,firstclick,Where would you click first to find yesterday's order?,"0.937,0.729",9.9
demo-ux,ux-086,ux-q07,prototype,Task 2: Schedule a delivery for tomorrow between 6 and 8 pm.,completed;7,69.7
demo-ux,ux-086,ux-q08,open,Describe how you went about scheduling the delivery. What did you expect to see?,I expected a calendar on the checkout page but the slots were in a separate screen behind 'delivery details'.,58.8
demo-ux,ux-086,ux-q09,scale,"How confident are you that the delivery would arrive in the slot you chose? (1 = not at all, 7 = completely)",6,7.4
demo-ux,ux-086,ux-q10,firstclick,Where would you click first to apply a promo code?,"0.89,0.425",5.8
demo-ux,ux-086,ux-q11,website,Visit the Marrow help centre and find out how to report a missing item.,false,322.9
demo-ux,ux-086,ux-q12,open,How did finding the missing-item instructions go? What would you change?,I searched for 'missing item' in the help centre and the second article explained how to report it from the order page. I'd put the most common problems on the help home page.,130.8
demo-ux,ux-086,ux-q13,choice,Which of these features would you use? Select all that apply.,Live order tracking; Substitution preferences per item; Price alerts on favourites,12.8
demo-ux,ux-086,ux-q14,scale,"How likely are you to recommend Marrow to a friend? (0 = not at all, 10 = extremely)",9,3.3
demo-ux,ux-086,ux-q15,open,Anything else you want to tell the Marrow team?,The green colour scheme is pleasant but some text is low contrast. Keep it simple please,56.9
demo-ux,ux-087,ux-q01,choice,How often do you order groceries online?,Several times a week,8.6
demo-ux,ux-087,ux-q02,prototype,"Task 1: Using the Marrow prototype, add a bag of oranges to your basket and proceed to checkout.",completed;8,51.2
demo-ux,ux-087,ux-q03,open,"What, if anything, was confusing about adding an item to the basket?","Nothing really confusing, the plus button on the product card did what I expected.",33.8
demo-ux,ux-087,ux-q04,scale,"How easy was it to complete Task 1? (1 = very hard, 7 = very easy)",2,4.3
demo-ux,ux-087,ux-q05,firstclick,Where would you click first to change your delivery address?,"0.06,0.764",6.4
demo-ux,ux-087,ux-q06,firstclick,Where would you click first to find yesterday's order?,"0.918,0.622",5.8
demo-ux,ux-087,ux-q07,prototype,Task 2: Schedule a delivery for tomorrow between 6 and 8 pm.,completed;15,112.3
demo-ux,ux-087,ux-q08,open,Describe how you went about scheduling the delivery. What did you expect to see?,"There was a list of days across the top and time windows below, I tapped tomorrow and then the evening slot.",44.7
demo-ux,ux-087,ux-q09,scale,"How confident are you that the delivery would arrive in the slot you chose? (1 = not at all, 7 = completely)",3,3.6
demo-ux,ux-087,ux-q10,firstclick,Where would you click first to apply a promo code?,"0.739,0.445",4
demo-ux,ux-087,ux-q11,website,Visit the Marrow help centre and find out how to report a missing item.,true,74.7
demo-ux,ux-087,ux-q12,open,How did finding the missing-item instructions go? What would you change?,"It took a while, the help centre groups articles by topic and 'missing item' sits under payments for some reason. Otherwise no complaints.",49.4
demo-ux,ux-087,ux-q13,choice,Which of these features would you use? Select all that apply.,Scheduled recurring deliveries,16.5
demo-ux,ux-087,ux-q14,scale,"How likely are you to recommend Marrow to a friend? (0 = not at all, 10 = extremely)",3,3.3
demo-ux,ux-087,ux-q15,open,Anything else you want to tell the Marrow team?,"Not much to add, maybe a loyalty scheme would get me to switch",23
demo-ux,ux-088,ux-q01,choice,How often do you order groceries online?,A few times a year,14.7
demo-ux,ux-088,ux-q02,prototype,"Task 1: Using the Marrow prototype, add a bag of oranges to your basket and proceed to checkout.",partial;7,33.6
demo-ux,ux-088,ux-q03,open,"What, if anything, was confusing about adding an item to the basket?",The basket icon didn't update right away so I wasn't sure the oranges had actually been added.,35.8
demo-ux,ux-088,ux-q04,scale,"How easy was it to complete Task 1? (1 = very hard, 7 = very easy)",4,2.3
demo-ux,ux-088,ux-q05,firstclick,Where would you click first to change your delivery address?,"0.054,0.902",5.9
demo-ux,ux-088,ux-q06,firstclick,Where would you click first to find yesterday's order?,"0.443,0.262",12.4
demo-ux,ux-088,ux-q07,prototype,Task 2: Schedule a delivery for tomorrow between 6 and 8 pm.,gave_up;6,40.3
demo-ux,ux-088,ux-q08,open,Describe how you went about scheduling the delivery. What did you expect to see?,I found it under checkout but the evening slot said limited availability so I hesitated before choosing it.,77.3
demo-ux,ux-088,ux-q09,scale,"How confident are you that the delivery would arrive in the slot you chose? (1 = not at all, 7 = completely)",4,5.1
demo-ux,ux-088,ux-q10,firstclick,Where would you click first to apply a promo code?,"0.849,0.15",4.5
demo-ux,ux-088,ux-q11,website,Visit the Marrow help centre and find out how to report a missing item.,false,60.2
demo-ux,ux-088,ux-q12,open,How did finding the missing-item instructions go? What would you change?,I searched for 'missing item' in the help centre and the second article explained how to report it from the order page,40.1
demo-ux,ux-088,ux-q13,choice,Which of these features would you use? Select all that apply.,Scheduled recurring deliveries,13.8
demo-ux,ux-088,ux-q14,scale,"How likely are you to recommend Marrow to a friend? (0 = not at all, 10 = extremely)",3,2.6
demo-ux,ux-088,ux-q15,open,Anything else you want to tell the Marrow team?,"prices seemed higher than my usual supermarket, that would be the deciding factor for me.",16.5
demo-ux,ux-089,ux-q01,choice,How often do you order groceries online?,A few times a year,8.4
demo-ux,ux-089,ux-q02,prototype,"Task 1: Using the Marrow prototype, add a bag of oranges to your basket and proceed to checkout.",completed;7,99.6
demo-ux,ux-089,ux-q03,open,"What, if anything, was confusing about adding an item to the basket?","Nothing really confusing, the plus button on the product card did what I expected. A small confirmation toast would help.",56.4
demo-ux,ux-089,ux-q04,scale,"How easy was it to complete Task 1? (1 = very hard, 7 = very easy)",4,2.3
demo-ux,ux-089,ux-q05,firstclick,Where would you click first to change your delivery address?,"0.503,0.686",2.3
demo-ux,ux-089,ux-q06,firstclick,Where would you click first to find yesterday's order?,"0.503,0.686",1.9
demo-ux,ux-089,ux-q07,prototype,Task 2: Schedule a delivery for tomorrow between 6 and 8 pm.,completed;6,292.3
demo-ux,ux-089,ux-q08,open,Describe how you went about scheduling the delivery. What did you expect to see?,"There was a list of days across the top and time windows below, I tapped tomorrow and then the evening slot. It worked, just more steps than I expected.",79.5
demo-ux,ux-089,ux-q09,scale,"How confident are you that the delivery would arrive in the slot you chose? (1 = not at all, 7 = completely)",1,4.3
demo-ux,ux-089,ux-q10,firstclick,Where would you click first to apply a promo code?,"0.503,0.686",2.1
demo-ux,ux-089,ux-q11,website,Visit the Marrow help centre and find out how to report a missing item.,true,83.3
demo-ux,ux-089,ux-q12,open,How did finding the missing-item instructions go? What would you change?,"Fine, no issues.",38.5
demo-ux,ux-089,ux-q13,choice,Which of these features would you use? Select all that apply.,Live order tracking; Price alerts on favourites,11.5
demo-ux,ux-089,ux-q14,scale,"How likely are you to recommend Marrow to a friend? (0 = not at all, 10 = extremely)",9,7.9
demo-ux,ux-089,ux-q15,open,Anything else you want to tell the Marrow team?,Pretty simple.,10.2
demo-ux,ux-090,ux-q01,choice,How often do you order groceries online?,Several times a week,25.9
demo-ux,ux-090,ux-q02,prototype,"Task 1: Using the Marrow prototype, add a bag of oranges to your basket and proceed to checkout.",completed;3,172.7
demo-ux,ux-090,ux-q03,open,"What, if anything, was confusing about adding an item to the basket?","Took me a moment to find the basket, I was looking at the bottom bar but it sits top right.",64.2
demo-ux,ux-090,ux-q04,scale,"How easy was it to complete Task 1? (1 = very hard, 7 = very easy)",1,7.6
demo-ux,ux-090,ux-q05,firstclick,Where would you click first to change your delivery address?,"0.11,0.822",22.1
demo-ux,ux-090,ux-q06,firstclick,Where would you click first to find yesterday's order?,"0.901,0.575",12
demo-ux,ux-090,ux-q07,prototype,Task 2: Schedule a delivery for tomorrow between 6 and 8 pm.,completed;16,210.1
demo-ux,ux-090,ux-q08,open,Describe how you went about scheduling the delivery. What did you expect to see?,"I went to my account first thinking the schedule lived there, then backtracked to checkout. A default of tomorrow would save a tap",262.1
demo-ux,ux-090,ux-q09,scale,"How confident are you that the delivery would arrive in the slot you chose? (1 = not at all, 7 = completely)",4,11.3
demo-ux,ux-090,ux-q10,firstclick,Where would you click first to apply a promo code?,"0.715,0.458",19.1
demo-ux,ux-090,ux-q11,website,Visit the Marrow help centre and find out how to report a missing item.,false,328.8
demo-ux,ux-090,ux-q12,open,How did finding the missing-item instructions go? What would you change?,"It took a while, the help centre groups articles by topic and 'missing item' sits under payments for some reason. A direct link from the order would be better.",69.8
demo-ux,ux-090,ux-q13,choice,Which of these features would you use? Select all that apply.,Scheduled recurring deliveries; Recipe-based shopping lists; Shared household basket; Price alerts on favourites,26.7
demo-ux,ux-090,ux-q14,scale,"How likely are you to recommend Marrow to a friend? (0 = not at all, 10 = extremely)",6,5.3
demo-ux,ux-090,ux-q15,open,Anything else you want to tell the Marrow team?,The green colour scheme is pleasant but some text is low contrast.,81.9
demo-ux,ux-091,ux-q01,choice,How often do you order groceries online?,About once a week,12.5
demo-ux,ux-091,ux-q02,prototype,"Task 1: Using the Marrow prototype, add a bag of oranges to your basket and proceed to checkout.",gave_up;4,106.8
demo-ux,ux-091,ux-q03,open,"What, if anything, was confusing about adding an item to the basket?","Adding was easy, proceeding to checkout was less obvious because the button only appears after a scroll. It just needs clearer labels.",54.3
demo-ux,ux-091,ux-q04,scale,"How easy was it to complete Task 1? (1 = very hard, 7 = very easy)",5,5
demo-ux,ux-091,ux-q05,firstclick,Where would you click first to change your delivery address?,"0.116,0.898",10.3
demo-ux,ux-091,ux-q06,firstclick,Where would you click first to find yesterday's order?,"0.943,0.593",27.2
demo-ux,ux-091,ux-q07,prototype,Task 2: Schedule a delivery for tomorrow between 6 and 8 pm.,gave_up;4,89.5
demo-ux,ux-091,ux-q08,open,Describe how you went about scheduling the delivery. What did you expect to see?,"I expected to see the slot picker before payment and that's where it was, so no surprises.",82.1
demo-ux,ux-091,ux-q09,scale,"How confident are you that the delivery would arrive in the slot you chose? (1 = not at all, 7 = completely)",5,4.8
demo-ux,ux-091,ux-q10,firstclick,Where would you click first to apply a promo code?,"0.747,0.52",8.6
demo-ux,ux-091,ux-q11,website,Visit the Marrow help centre and find out how to report a missing item.,false,156.2
demo-ux,ux-091,ux-q12,open,How did finding the missing-item instructions go? What would you change?,"I found a chat button before I found the article, so I'd probably just use chat in real life.",41.8
demo-ux,ux-091,ux-q13,choice,Which of these features would you use? Select all that apply.,Recipe-based shopping lists; Live order tracking; Substitution preferences per item; Price alerts on favourites,16.3
demo-ux,ux-091,ux-q14,scale,"How likely are you to recommend Marrow to a friend? (0 = not at all, 10 = extremely)",5,2.9
demo-ux,ux-091,ux-q15,open,Anything else you want to tell the Marrow team?,"The delivery fee should be shown earlier, before I fill the basket. Keep it simple please.",29.7
demo-ux,ux-092,ux-q01,choice,How often do you order groceries online?,About once a month,10.5
demo-ux,ux-092,ux-q02,prototype,"Task 1: Using the Marrow prototype, add a bag of oranges to your basket and proceed to checkout.",partial;5,49.3
demo-ux,ux-092,ux-q03,open,"What, if anything, was confusing about adding an item to the basket?",Don't know,18.5
demo-ux,ux-092,ux-q04,scale,"How easy was it to complete Task 1? (1 = very hard, 7 = very easy)",5,2.4
demo-ux,ux-092,ux-q05,firstclick,Where would you click first to change your delivery address?,"0.038,0.68",6.4
demo-ux,ux-092,ux-q06,firstclick,Where would you click first to find yesterday's order?,"0.857,0.542",4.8
demo-ux,ux-092,ux-q07,prototype,Task 2: Schedule a delivery for tomorrow between 6 and 8 pm.,completed;10,92.2
demo-ux,ux-092,ux-q08,open,Describe how you went about scheduling the delivery. What did you expect to see?,Don't know,31
demo-ux,ux-092,ux-q09,scale,"How confident are you that the delivery would arrive in the slot you chose? (1 = not at all, 7 = completely)",4,5
demo-ux,ux-092,ux-q10,firstclick,Where would you click first to apply a promo code?,"0.212,0.968",2.8
demo-ux,ux-092,ux-q11,website,Visit the Marrow help centre and find out how to report a missing item.,false,43.8
demo-ux,ux-092,ux-q12,open,How did finding the missing-item instructions go? What would you change?,I had to scroll past a lot of promotional content before reaching the help links.,43.4
demo-ux,ux-092,ux-q13,choice,Which of these features would you use? Select all that apply.,None of these,9.4
demo-ux,ux-092,ux-q14,scale,"How likely are you to recommend Marrow to a friend? (0 = not at all, 10 = extremely)",6,3.8
demo-ux,ux-092,ux-q15,open,Anything else you want to tell the Marrow team?,"Nothing else, the test was clear and the tasks were realistic.",31.1
demo-ux,ux-093,ux-q01,choice,How often do you order groceries online?,About once a month,13.8
demo-ux,ux-093,ux-q02,prototype,"Task 1: Using the Marrow prototype, add a bag of oranges to your basket and proceed to checkout.",completed;11,76.2
demo-ux,ux-093,ux-q03,open,"What, if anything, was confusing about adding an item to the basket?","Adding was easy, proceeding to checkout was less obvious because the button only appears after a scroll. Otherwise it worked as I expected.",70.4
demo-ux,ux-093,ux-q04,scale,"How easy was it to complete Task 1? (1 = very hard, 7 = very easy)",4,3.4
demo-ux,ux-093,ux-q05,firstclick,Where would you click first to change your delivery address?,"0.03,0.887",11.5
demo-ux,ux-093,ux-q06,firstclick,Where would you click first to find yesterday's order?,"0.926,0.553",13.8
demo-ux,ux-093,ux-q07,prototype,Task 2: Schedule a delivery for tomorrow between 6 and 8 pm.,gave_up;0,3.1
demo-ux,ux-093,ux-q08,open,Describe how you went about scheduling the delivery. What did you expect to see?,"It didn't load, I waited a bit and then pressed give up because there was nothing to click.",129.5
demo-ux,ux-093,ux-q09,scale,"How confident are you that the delivery would arrive in the slot you chose? (1 = not at all, 7 = completely)",3,6.9
demo-ux,ux-093,ux-q10,firstclick,Where would you click first to apply a promo code?,"0.958,0.743",7.5
demo-ux,ux-093,ux-q11,website,Visit the Marrow help centre and find out how to report a missing item.,false,204.4
demo-ux,ux-093,ux-q12,open,How did finding the missing-item instructions go? What would you change?,"i found a chat button before I found the article, so I'd probably just use chat in real life.",58.7
demo-ux,ux-093,ux-q13,choice,Which of these features would you use? Select all that apply.,Reorder a previous basket; Recipe-based shopping lists; Live order tracking; Substitution preferences per item,31
demo-ux,ux-093,ux-q14,scale,"How likely are you to recommend Marrow to a friend? (0 = not at all, 10 = extremely)",4,14.9
demo-ux,ux-093,ux-q15,open,Anything else you want to tell the Marrow team?,"The app feels fast and the product photos are good, I'd try it for a real order.",80.1
demo-ux,ux-094,ux-q01,choice,How often do you order groceries online?,A few times a year,8.9
demo-ux,ux-094,ux-q02,prototype,"Task 1: Using the Marrow prototype, add a bag of oranges to your basket and proceed to checkout.",completed;11,88.4
demo-ux,ux-094,ux-q03,open,"What, if anything, was confusing about adding an item to the basket?",zxcv zxcv,16.3
demo-ux,ux-094,ux-q04,scale,"How easy was it to complete Task 1? (1 = very hard, 7 = very easy)",2,3.7
demo-ux,ux-094,ux-q05,firstclick,Where would you click first to change your delivery address?,"0.314,0.608",6.4
demo-ux,ux-094,ux-q06,firstclick,Where would you click first to find yesterday's order?,"0.918,0.573",12.3
demo-ux,ux-094,ux-q07,prototype,Task 2: Schedule a delivery for tomorrow between 6 and 8 pm.,completed;10,92.6
demo-ux,ux-094,ux-q08,open,Describe how you went about scheduling the delivery. What did you expect to see?,10,15.7
demo-ux,ux-094,ux-q09,scale,"How confident are you that the delivery would arrive in the slot you chose? (1 = not at all, 7 = completely)",5,5.6
demo-ux,ux-094,ux-q10,firstclick,Where would you click first to apply a promo code?,"0.656,0.415",8.5
demo-ux,ux-094,ux-q11,website,Visit the Marrow help centre and find out how to report a missing item.,false,114
demo-ux,ux-094,ux-q12,open,How did finding the missing-item instructions go? What would you change?,asdkjh qwe,13.9
demo-ux,ux-094,ux-q13,choice,Which of these features would you use? Select all that apply.,Substitution preferences per item,15.3
demo-ux,ux-094,ux-q14,scale,"How likely are you to recommend Marrow to a friend? (0 = not at all, 10 = extremely)",7,4
demo-ux,ux-094,ux-q15,open,Anything else you want to tell the Marrow team?,85,14.1
demo-ux,ux-095,ux-q01,choice,How often do you order groceries online?,Several times a week,18.4
demo-ux,ux-095,ux-q02,prototype,"Task 1: Using the Marrow prototype, add a bag of oranges to your basket and proceed to checkout.",completed;13,309.5
demo-ux,ux-095,ux-q03,open,"What, if anything, was confusing about adding an item to the basket?","The checkout button is hidden under the basket summary, I scrolled past it twice. I got there in the end though.",128.3
demo-ux,ux-095,ux-q04,scale,"How easy was it to complete Task 1? (1 = very hard, 7 = very easy)",7,12.1
demo-ux,ux-095,ux-q05,firstclick,Where would you click first to change your delivery address?,"0.468,0.086",16.8
demo-ux,ux-095,ux-q06,firstclick,Where would you click first to find yesterday's order?,"0.894,0.603",7.7
demo-ux,ux-095,ux-q07,prototype,Task 2: Schedule a delivery for tomorrow between 6 and 8 pm.,completed;8,93.1
demo-ux,ux-095,ux-q08,open,Describe how you went about scheduling the delivery. What did you expect to see?,I expected a calendar on the checkout page but the slots were in a separate screen behind 'delivery details'.,203.3
demo-ux,ux-095,ux-q09,scale,"How confident are you that the delivery would arrive in the slot you chose? (1 = not at all, 7 = completely)",4,8.6
demo-ux,ux-095,ux-q10,firstclick,Where would you click first to apply a promo code?,"0.614,0.649",15.1
demo-ux,ux-095,ux-q11,website,Visit the Marrow help centre and find out how to report a missing item.,true,133
demo-ux,ux-095,ux-q12,open,How did finding the missing-item instructions go? What would you change?,"Fine overall, two clicks from the help home page. I would make the search box bigger.",93.7
demo-ux,ux-095,ux-q13,choice,Which of these features would you use? Select all that apply.,Recipe-based shopping lists; Shared household basket,17.4
demo-ux,ux-095,ux-q14,scale,"How likely are you to recommend Marrow to a friend? (0 = not at all, 10 = extremely)",6,13.4
demo-ux,ux-095,ux-q15,open,Anything else you want to tell the Marrow team?,"Let me filter by dietary needs, I couldn't find a vegan filter anywhere.",57
demo-ux,ux-096,ux-q01,choice,How often do you order groceries online?,About once a month,6.8
demo-ux,ux-096,ux-q02,prototype,"Task 1: Using the Marrow prototype, add a bag of oranges to your basket and proceed to checkout.",partial;3,44.1
demo-ux,ux-096,ux-q03,open,"What, if anything, was confusing about adding an item to the basket?","Nothing really confusing, the plus button on the product card did what I expected. Otherwise it worked as I expected.",61.4
demo-ux,ux-096,ux-q04,scale,"How easy was it to complete Task 1? (1 = very hard, 7 = very easy)",3,3.4
demo-ux,ux-096,ux-q05,firstclick,Where would you click first to change your delivery address?,"0.094,0.818",4.2
demo-ux,ux-096,ux-q06,firstclick,Where would you click first to find yesterday's order?,"0.909,0.687",10.8
demo-ux,ux-096,ux-q07,prototype,Task 2: Schedule a delivery for tomorrow between 6 and 8 pm.,completed;20,95.8
demo-ux,ux-096,ux-q08,open,Describe how you went about scheduling the delivery. What did you expect to see?,I found it under checkout but the evening slot said limited availability so I hesitated before choosing it. I would have preferred a calendar view,57.8
demo-ux,ux-096,ux-q09,scale,"How confident are you that the delivery would arrive in the slot you chose? (1 = not at all, 7 = completely)",4,2
demo-ux,ux-096,ux-q10,firstclick,Where would you click first to apply a promo code?,"0.733,0.405",5.9
demo-ux,ux-096,ux-q11,website,Visit the Marrow help centre and find out how to report a missing item.,false,58.7
demo-ux,ux-096,ux-q12,open,How did finding the missing-item instructions go? What would you change?,"I browsed the orders section first, it wasn't there, then the search found it.",33.5
demo-ux,ux-096,ux-q13,choice,Which of these features would you use? Select all that apply.,Reorder a previous basket; Live order tracking; Price alerts on favourites,9.3
demo-ux,ux-096,ux-q14,scale,"How likely are you to recommend Marrow to a friend? (0 = not at all, 10 = extremely)",7,8.1
demo-ux,ux-096,ux-q15,open,Anything else you want to tell the Marrow team?,"Nothing else, the test was clear and the tasks were realistic",49.3
demo-ux,ux-097,ux-q01,choice,How often do you order groceries online?,Never,8.7
demo-ux,ux-097,ux-q02,prototype,"Task 1: Using the Marrow prototype, add a bag of oranges to your basket and proceed to checkout.",gave_up;0,3.8
demo-ux,ux-097,ux-q03,open,"What, if anything, was confusing about adding an item to the basket?",it was easy,10.7
demo-ux,ux-097,ux-q04,scale,"How easy was it to complete Task 1? (1 = very hard, 7 = very easy)",3,9.2
demo-ux,ux-097,ux-q05,firstclick,Where would you click first to change your delivery address?,"0.842,0.173",16
demo-ux,ux-097,ux-q06,firstclick,Where would you click first to find yesterday's order?,"0.394,0.956",5.4
demo-ux,ux-097,ux-q07,prototype,Task 2: Schedule a delivery for tomorrow between 6 and 8 pm.,gave_up;0,3.3
demo-ux,ux-097,ux-q08,open,Describe how you went about scheduling the delivery. What did you expect to see?,It was easy.,14.8
demo-ux,ux-097,ux-q09,scale,"How confident are you that the delivery would arrive in the slot you chose? (1 = not at all, 7 = completely)",5,4.6
demo-ux,ux-097,ux-q10,firstclick,Where would you click first to apply a promo code?,"0.698,0.541",5.1
demo-ux,ux-097,ux-q11,website,Visit the Marrow help centre and find out how to report a missing item.,true,4.3
demo-ux,ux-097,ux-q12,open,How did finding the missing-item instructions go? What would you change?,it was fine,27.3
demo-ux,ux-097,ux-q13,choice,Which of these features would you use? Select all that apply.,Scheduled recurring deliveries; Shared household basket; Price alerts on favourites,12.3
demo-ux,ux-097,ux-q14,scale,"How likely are you to recommend Marrow to a friend? (0 = not at all, 10 = extremely)",8,2.9
demo-ux,ux-097,ux-q15,open,Anything else you want to tell the Marrow team?,easy enough,16
demo-ux,ux-098,ux-q01,choice,How often do you order groceries online?,Several times a week,6.9
demo-ux,ux-098,ux-q02,prototype,"Task 1: Using the Marrow prototype, add a bag of oranges to your basket and proceed to checkout.",completed;7,122.5
demo-ux,ux-098,ux-q03,open,"What, if anything, was confusing about adding an item to the basket?","i expected a quantity picker before adding, instead it added one bag straight away. Maybe make the basket badge animate when something is added.",79.6
demo-ux,ux-098,ux-q04,scale,"How easy was it to complete Task 1? (1 = very hard, 7 = very easy)",7,1.5
demo-ux,ux-098,ux-q05,firstclick,Where would you click first to change your delivery address?,"0.11,0.918",9.2
demo-ux,ux-098,ux-q06,firstclick,Where would you click first to find yesterday's order?,"0.853,0.655",5.4
demo-ux,ux-098,ux-q07,prototype,Task 2: Schedule a delivery for tomorrow between 6 and 8 pm.,completed;21,41.8
demo-ux,ux-098,ux-q08,open,Describe how you went about scheduling the delivery. What did you expect to see?,"There was a list of days across the top and time windows below, I tapped tomorrow and then the evening slot. The confirmation screen made it clear which slot I chose.",55.2
demo-ux,ux-098,ux-q09,scale,"How confident are you that the delivery would arrive in the slot you chose? (1 = not at all, 7 = completely)",7,2.2
demo-ux,ux-098,ux-q10,firstclick,Where would you click first to apply a promo code?,"0.729,0.52",5.3
demo-ux,ux-098,ux-q11,website,Visit the Marrow help centre and find out how to report a missing item.,false,66
demo-ux,ux-098,ux-q12,open,How did finding the missing-item instructions go? What would you change?,"Found it quickly through the search bar, though the article was long and the actual steps were at the bottom.",43.1
demo-ux,ux-098,ux-q13,choice,Which of these features would you use? Select all that apply.,Reorder a previous basket; Scheduled recurring deliveries; Live order tracking; Shared household basket,5.7
demo-ux,ux-098,ux-q14,scale,"How likely are you to recommend Marrow to a friend? (0 = not at all, 10 = extremely)",7,4.4
demo-ux,ux-098,ux-q15,open,Anything else you want to tell the Marrow team?,"Prices seemed higher than my usual supermarket, that would be the deciding factor for me.",19.7
demo-ux,ux-099,ux-q01,choice,How often do you order groceries online?,Never,9.7
demo-ux,ux-099,ux-q02,prototype,"Task 1: Using the Marrow prototype, add a bag of oranges to your basket and proceed to checkout.",completed;9,137.1
demo-ux,ux-099,ux-q03,open,"What, if anything, was confusing about adding an item to the basket?","The substitution toggle popped up before I even reached checkout, that threw me off. On a bigger screen it would probably be fine.",59.1
demo-ux,ux-099,ux-q04,scale,"How easy was it to complete Task 1? (1 = very hard, 7 = very easy)",4,6.4
demo-ux,ux-099,ux-q05,firstclick,Where would you click first to change your delivery address?,"0.568,0.428",6.6
demo-ux,ux-099,ux-q06,firstclick,Where would you click first to find yesterday's order?,"0.194,0.055",11.7
demo-ux,ux-099,ux-q07,prototype,Task 2: Schedule a delivery for tomorrow between 6 and 8 pm.,gave_up;8,37.6
demo-ux,ux-099,ux-q08,open,Describe how you went about scheduling the delivery. What did you expect to see?,"the day tabs were clear but the time windows were two-hour blocks starting at odd hours, so I picked the closest one. I liked that it showed the delivery fee per slot",224.4
demo-ux,ux-099,ux-q09,scale,"How confident are you that the delivery would arrive in the slot you chose? (1 = not at all, 7 = completely)",4,4.8
demo-ux,ux-099,ux-q10,firstclick,Where would you click first to apply a promo code?,"0.664,0.614",10.9
demo-ux,ux-099,ux-q11,website,Visit the Marrow help centre and find out how to report a missing item.,true,62.5
demo-ux,ux-099,ux-q12,open,How did finding the missing-item instructions go? What would you change?,"I browsed the orders section first, it wasn't there, then the search found it. I'd put the most common problems on the help home page.",108.9
demo-ux,ux-099,ux-q13,choice,Which of these features would you use? Select all that apply.,Reorder a previous basket; Recipe-based shopping lists; Live order tracking,12.2
demo-ux,ux-099,ux-q14,scale,"How likely are you to recommend Marrow to a friend? (0 = not at all, 10 = extremely)",7,7.7
demo-ux,ux-099,ux-q15,open,Anything else you want to tell the Marrow team?,I'd want a dark mode and bigger tap targets on the slot picker.,39.5
demo-ux,ux-100,ux-q01,choice,How often do you order groceries online?,Never,5.1
demo-ux,ux-100,ux-q02,prototype,"Task 1: Using the Marrow prototype, add a bag of oranges to your basket and proceed to checkout.",completed;9,105.7
demo-ux,ux-100,ux-q03,open,"What, if anything, was confusing about adding an item to the basket?","Nothing really confusing, the plus button on the product card did what I expected. A small confirmation toast would help",46.6
demo-ux,ux-100,ux-q04,scale,"How easy was it to complete Task 1? (1 = very hard, 7 = very easy)",5,3.8
demo-ux,ux-100,ux-q05,firstclick,Where would you click first to change your delivery address?,"0.025,0.918",7.1
demo-ux,ux-100,ux-q06,firstclick,Where would you click first to find yesterday's order?,"0.073,0.157",6.9
demo-ux,ux-100,ux-q07,prototype,Task 2: Schedule a delivery for tomorrow between 6 and 8 pm.,completed;10,65
demo-ux,ux-100,ux-q08,open,Describe how you went about scheduling the delivery. What did you expect to see?,i expected a 'schedule for later' button on the basket page and had to hunt for it in checkout instead.,91.3
demo-ux,ux-100,ux-q09,scale,"How confident are you that the delivery would arrive in the slot you chose? (1 = not at all, 7 = completely)",7,3.9
demo-ux,ux-100,ux-q10,firstclick,Where would you click first to apply a promo code?,"0.646,0.501",8.7
demo-ux,ux-100,ux-q11,website,Visit the Marrow help centre and find out how to report a missing item.,false,93.3
demo-ux,ux-100,ux-q12,open,How did finding the missing-item instructions go? What would you change?,"Fine overall, two clicks from the help home page. Otherwise no complaints.",60
demo-ux,ux-100,ux-q13,choice,Which of these features would you use? Select all that apply.,Recipe-based shopping lists; Shared household basket,15.1
demo-ux,ux-100,ux-q14,scale,"How likely are you to recommend Marrow to a friend? (0 = not at all, 10 = extremely)",4,4.4
demo-ux,ux-100,ux-q15,open,Anything else you want to tell the Marrow team?,"let me filter by dietary needs, I couldn't find a vegan filter anywhere. Keep it simple please.",63.3
demo-consumer,co-001,co-q01,choice,Which best describes how often you eat packaged savoury snacks?,Most days,23.3
demo-consumer,co-001,co-q02,choice,Which snack brands have you bought in the last three months? Select all that apply.,Crunchfield,8.4
demo-consumer,co-001,co-q03,matrix,"Thinking about Kettlebird crisps, how much do you agree with each statement?","{""Kettlebird tastes better than other brands"":[""Neither agree nor disagree""],""Kettlebird is good value for money"":[""Neither agree nor disagree""],""Kettlebird uses quality ingredients"":[""Neither agree nor disagree""],""Kettlebird is a brand I trust"":[""Disagree""],""Kettlebird is easy to find in shops"":[""Agree""],""Kettlebird is a brand for people like me"":[""Neither agree nor disagree""]}",42.5
demo-consumer,co-001,co-q04,open,What comes to mind when you think of Kettlebird?,The sharing bags are huge and I never finish one on my own.,37.9
demo-consumer,co-001,co-q05,choice,Where do you usually buy snacks? Select all that apply.,Online grocery delivery; Farm shop or deli; Cinema or venue; Discount store,8.6
demo-consumer,co-001,co-q06,scale,"How would you rate Kettlebird on taste? (1 = poor, 5 = excellent)",3,8.9
demo-consumer,co-001,co-q07,scale,"How would you rate Kettlebird on price? (1 = poor, 5 = excellent)",3,3.9
demo-consumer,co-001,co-q08,scale,"How would you rate Kettlebird on packaging? (1 = poor, 5 = excellent)",4,3
demo-consumer,co-001,co-q09,scale,"How would you rate Kettlebird on availability? (1 = poor, 5 = excellent)",4,3.4
demo-consumer,co-001,co-q10,scale,"How would you rate Kettlebird on variety? (1 = poor, 5 = excellent)",3,13.4
demo-consumer,co-001,co-q11,scale,"How would you rate Kettlebird on healthiness? (1 = poor, 5 = excellent)",3,4.3
demo-consumer,co-001,co-q12,matrix,How much do you agree with these statements about snack packaging?,"{""Resealable bags are important to me"":[""Strongly disagree""],""I notice the packaging design when choosing snacks"":[""Disagree""],""Paper packaging makes me think a brand is sustainable"":[""Strongly agree""],""I read the ingredient list before buying"":[""Agree""],""Sharing bags are too large for me"":[""Disagree""],""Clear nutrition labels influence what I buy"":[""Neither agree nor disagree""]}",97
demo-consumer,co-001,co-q13,open,Have you tried the new Kettlebird Sea Salt & Thyme flavour?,yes,19
demo-consumer,co-001,co-q14,choice,Which flavours would you like Kettlebird to launch next? Select all that apply.,Sour cream & chive; Honey mustard,29.2
demo-consumer,co-001,co-q15,matrix,How much do you agree with these statements about snacking occasions?,"{""I snack mainly in the evening"":[""Disagree""],""I buy snacks on impulse"":[""Neither agree nor disagree""],""I plan snacks as part of the weekly shop"":[""Agree""],""I prefer savoury snacks over sweet ones"":[""Agree""],""I eat more snacks when watching TV"":[""Disagree""],""I try to limit how often I snack"":[""Neither agree nor disagree""]}",41.8
demo-consumer,co-001,co-q16,choice,On which occasions do you snack? Select all that apply.,With a drink in the evening; Watching films or TV; Road trips,16.3
demo-consumer,co-001,co-q17,open,"If you could change one thing about Kettlebird, what would it be?",Fewer broken crisps at the bottom of the bag.,66.4
demo-consumer,co-001,co-q18,choice,How likely are you to buy Kettlebird in the next month?,Likely,11.7
demo-consumer,co-002,co-q01,choice,Which best describes how often you eat packaged savoury snacks?,Most days,9.7
demo-consumer,co-002,co-q02,choice,Which snack brands have you bought in the last three months? Select all that apply.,Kettlebird,18.9
demo-consumer,co-002,co-q03,matrix,"Thinking about Kettlebird crisps, how much do you agree with each statement?","{""Kettlebird tastes better than other brands"":[""Strongly disagree""],""Kettlebird is good value for money"":[""Neither agree nor disagree""],""Kettlebird uses quality ingredients"":[""Disagree""],""Kettlebird is a brand I trust"":[""Disagree""],""Kettlebird is easy to find in shops"":[""Neither agree nor disagree""],""Kettlebird is a brand for people like me"":[""Neither agree nor disagree""]}",61.8
demo-consumer,co-002,co-q04,open,What comes to mind when you think of Kettlebird?,"The orange kettle logo and that strong vinegar flavour, I always think of pub snacks.",45.8
demo-consumer,co-002,co-q05,choice,Where do you usually buy snacks? Select all that apply.,Petrol station; Farm shop or deli; Vending machine,14
demo-consumer,co-002,co-q06,scale,"How would you rate Kettlebird on taste? (1 = poor, 5 = excellent)",3,6.3
demo-consumer,co-002,co-q07,scale,"How would you rate Kettlebird on price? (1 = poor, 5 = excellent)",2,7.5
demo-consumer,co-002,co-q08,scale,"How would you rate Kettlebird on packaging? (1 = poor, 5 = excellent)",4,5.8
demo-consumer,co-002,co-q09,scale,"How would you rate Kettlebird on availability? (1 = poor, 5 = excellent)",2,6
demo-consumer,co-002,co-q10,scale,"How would you rate Kettlebird on variety? (1 = poor, 5 = excellent)",1,6
demo-consumer,co-002,co-q11,scale,"How would you rate Kettlebird on healthiness? (1 = poor, 5 = excellent)",4,4.1
demo-consumer,co-002,co-q12,matrix,How much do you agree with these statements about snack packaging?,"{""Resealable bags are important to me"":[""Agree""],""I notice the packaging design when choosing snacks"":[""Neither agree nor disagree""],""Paper packaging makes me think a brand is sustainable"":[""Disagree""],""I read the ingredient list before buying"":[""Neither agree nor disagree""],""Sharing bags are too large for me"":[""Disagree""],""Clear nutrition labels influence what I buy"":[""Neither agree nor disagree""]}",28.6
demo-consumer,co-002,co-q13,open,Have you tried the new Kettlebird Sea Salt & Thyme flavour?,Yes.,9.1
demo-consumer,co-002,co-q14,choice,Which flavours would you like Kettlebird to launch next? Select all that apply.,Smoked paprika; Black pepper & lime; Honey mustard; Truffle; Cheese & onion; Salted caramel,16.1
demo-consumer,co-002,co-q15,matrix,How much do you agree with these statements about snacking occasions?,"{""I snack mainly in the evening"":[""Neither agree nor disagree""],""I buy snacks on impulse"":[""Disagree""],""I plan snacks as part of the weekly shop"":[""Disagree""],""I prefer savoury snacks over sweet ones"":[""Strongly disagree""],""I eat more snacks when watching TV"":[""Neither agree nor disagree""],""I try to limit how often I snack"":[""Neither agree nor disagree""]}",46.3
demo-consumer,co-002,co-q16,choice,On which occasions do you snack? Select all that apply.,Mid-afternoon at work; Late at night,16.9
demo-consumer,co-002,co-q17,open,"If you could change one thing about Kettlebird, what would it be?","Lower the price a little, it's hard to justify over the supermarket's own brand",82.6
demo-consumer,co-002,co-q18,choice,How likely are you to buy Kettlebird in the next month?,Unlikely,0.9
demo-consumer,co-003,co-q01,choice,Which best describes how often you eat packaged savoury snacks?,Most days,11.7
demo-consumer,co-003,co-q02,choice,Which snack brands have you bought in the last three months? Select all that apply.,Crunchfield,10.5
demo-consumer,co-003,co-q03,matrix,"Thinking about Kettlebird crisps, how much do you agree with each statement?","{""Kettlebird tastes better than other brands"":[""Neither agree nor disagree""],""Kettlebird is good value for money"":[""Agree""],""Kettlebird uses quality ingredients"":[""Neither agree nor disagree""],""Kettlebird is a brand I trust"":[""Agree""],""Kettlebird is easy to find in shops"":[""Neither agree nor disagree""],""Kettlebird is a brand for people like me"":[""Agree""]}",86.7
demo-consumer,co-003,co-q04,open,What comes to mind when you think of Kettlebird?,"Quality potatoes, you can tell from the texture. Could be cheaper though.",48.9
demo-consumer,co-003,co-q05,choice,Where do you usually buy snacks? Select all that apply.,Large supermarket; Online grocery delivery; Farm shop or deli; Vending machine; Somewhere else,14.6
demo-consumer,co-003,co-q06,scale,"How would you rate Kettlebird on taste? (1 = poor, 5 = excellent)",3,3.7
demo-consumer,co-003,co-q07,scale,"How would you rate Kettlebird on price? (1 = poor, 5 = excellent)",3,4.5
demo-consumer,co-003,co-q08,scale,"How would you rate Kettlebird on packaging? (1 = poor, 5 = excellent)",4,2.7
demo-consumer,co-003,co-q09,scale,"How would you rate Kettlebird on availability? (1 = poor, 5 = excellent)",5,5.6
demo-consumer,co-003,co-q10,scale,"How would you rate Kettlebird on variety? (1 = poor, 5 = excellent)",4,4.9
demo-consumer,co-003,co-q11,scale,"How would you rate Kettlebird on healthiness? (1 = poor, 5 = excellent)",4,7.8
demo-consumer,co-003,co-q12,matrix,How much do you agree with these statements about snack packaging?,"{""Resealable bags are important to me"":[""Strongly agree""],""I notice the packaging design when choosing snacks"":[""Neither agree nor disagree""],""Paper packaging makes me think a brand is sustainable"":[""Disagree""],""I read the ingredient list before buying"":[""Neither agree nor disagree""],""Sharing bags are too large for me"":[""Strongly disagree""],""Clear nutrition labels influence what I buy"":[""Neither agree nor disagree""]}",29
demo-consumer,co-003,co-q13,open,Have you tried the new Kettlebird Sea Salt & Thyme flavour?,Yes,10.2
demo-consumer,co-003,co-q14,choice,Which flavours would you like Kettlebird to launch next? Select all that apply.,Truffle; Cheese & onion; Rosemary & garlic,19.8
demo-consumer,co-003,co-q15,matrix,How much do you agree with these statements about snacking occasions?,"{""I snack mainly in the evening"":[""Disagree""],""I buy snacks on impulse"":[""Agree""],""I plan snacks as part of the weekly shop"":[""Agree""],""I prefer savoury snacks over sweet ones"":[""Agree""],""I eat more snacks when watching TV"":[""Neither agree nor disagree""],""I try to limit how often I snack"":[""Agree""]}",68
demo-consumer,co-003,co-q16,choice,On which occasions do you snack? Select all that apply.,At lunch; Late at night,14
demo-consumer,co-003,co-q17,open,"If you could change one thing about Kettlebird, what would it be?","Lower the price a little, it's hard to justify over the supermarket's own brand.",64.9
demo-consumer,co-003,co-q18,choice,How likely are you to buy Kettlebird in the next month?,Likely,6.4
demo-consumer,co-004,co-q01,choice,Which best describes how often you eat packaged savoury snacks?,A few times a month,27.5
demo-consumer,co-004,co-q02,choice,Which snack brands have you bought in the last three months? Select all that apply.,Old Mill Crisps,27.6
demo-consumer,co-004,co-q03,matrix,"Thinking about Kettlebird crisps, how much do you agree with each statement?","{""Kettlebird tastes better than other brands"":[""Strongly agree""],""Kettlebird is good value for money"":[""Neither agree nor disagree""],""Kettlebird uses quality ingredients"":[""Strongly agree""],""Kettlebird is a brand I trust"":[""Agree""],""Kettlebird is easy to find in shops"":[""Strongly agree""],""Kettlebird is a brand for people like me"":[""Strongly agree""]}",90.5
demo-consumer,co-004,co-q04,open,What comes to mind when you think of Kettlebird?,"I think of road trips, we always grab a bag at the services.",65.2
demo-consumer,co-004,co-q05,choice,Where do you usually buy snacks? Select all that apply.,Large supermarket; Petrol station,32.8
demo-consumer,co-004,co-q06,scale,"How would you rate Kettlebird on taste? (1 = poor, 5 = excellent)",5,16.8
demo-consumer,co-004,co-q07,scale,"How would you rate Kettlebird on price? (1 = poor, 5 = excellent)",5,5.1
demo-consumer,co-004,co-q08,scale,"How would you rate Kettlebird on packaging? (1 = poor, 5 = excellent)",5,4.6
demo-consumer,co-004,co-q09,scale,"How would you rate Kettlebird on availability? (1 = poor, 5 = excellent)",4,11.9
demo-consumer,co-004,co-q10,scale,"How would you rate Kettlebird on variety? (1 = poor, 5 = excellent)",5,7
demo-consumer,co-004,co-q11,scale,"How would you rate Kettlebird on healthiness? (1 = poor, 5 = excellent)",5,10.3
demo-consumer,co-004,co-q12,matrix,How much do you agree with these statements about snack packaging?,"{""Resealable bags are important to me"":[""Agree""],""I notice the packaging design when choosing snacks"":[""Strongly agree""],""Paper packaging makes me think a brand is sustainable"":[""Strongly agree""],""I read the ingredient list before buying"":[""Agree""],""Sharing bags are too large for me"":[""Strongly agree""],""Clear nutrition labels influence what I buy"":[""Strongly agree""]}",80.9
demo-consumer,co-004,co-q13,open,Have you tried the new Kettlebird Sea Salt & Thyme flavour?,"yes, bought two bags and they were gone in a day, very moreish.",56
demo-consumer,co-004,co-q14,choice,Which flavours would you like Kettlebird to launch next? Select all that apply.,Smoked paprika; Sour cream & chive; Truffle; Cheese & onion; Salted caramel,8
demo-consumer,co-004,co-q15,matrix,How much do you agree with these statements about snacking occasions?,"{""I snack mainly in the evening"":[""Strongly agree""],""I buy snacks on impulse"":[""Strongly agree""],""I plan snacks as part of the weekly shop"":[""Agree""],""I prefer savoury snacks over sweet ones"":[""Strongly agree""],""I eat more snacks when watching TV"":[""Agree""],""I try to limit how often I snack"":[""Strongly agree""]}",49.3
demo-consumer,co-004,co-q16,choice,On which occasions do you snack? Select all that apply.,Late at night,10.4
demo-consumer,co-004,co-q17,open,"If you could change one thing about Kettlebird, what would it be?","Multipacks please, I don't want a sharing bag every time.",52.6
demo-consumer,co-004,co-q18,choice,How likely are you to buy Kettlebird in the next month?,Likely,4.7
demo-consumer,co-005,co-q01,choice,Which best describes how often you eat packaged savoury snacks?,Rarely or never,10.6
demo-consumer,co-005,co-q02,choice,Which snack brands have you bought in the last three months? Select all that apply.,Tumbleroot,15.9
demo-consumer,co-005,co-q03,matrix,"Thinking about Kettlebird crisps, how much do you agree with each statement?","{""Kettlebird tastes better than other brands"":[""Strongly disagree""],""Kettlebird is good value for money"":[""Disagree""],""Kettlebird uses quality ingredients"":[""Strongly agree""],""Kettlebird is a brand I trust"":[""Strongly disagree""],""Kettlebird is easy to find in shops"":[""Neither agree nor disagree""],""Kettlebird is a brand for people like me"":[""Neither agree nor disagree""]}",67
demo-consumer,co-005,co-q04,open,What comes to mind when you think of Kettlebird?,Good crunch but too much salt on the paprika one.,33.5
demo-consumer,co-005,co-q05,choice,Where do you usually buy snacks? Select all that apply.,Large supermarket; Local convenience store; Online grocery delivery; Somewhere else,13.9
demo-consumer,co-005,co-q06,scale,"How would you rate Kettlebird on taste? (1 = poor, 5 = excellent)",3,4.2
demo-consumer,co-005,co-q07,scale,"How would you rate Kettlebird on price? (1 = poor, 5 = excellent)",4,3.5
demo-consumer,co-005,co-q08,scale,"How would you rate Kettlebird on packaging? (1 = poor, 5 = excellent)",4,3.8
demo-consumer,co-005,co-q09,scale,"How would you rate Kettlebird on availability? (1 = poor, 5 = excellent)",3,3.2
demo-consumer,co-005,co-q10,scale,"How would you rate Kettlebird on variety? (1 = poor, 5 = excellent)",3,5.5
demo-consumer,co-005,co-q11,scale,"How would you rate Kettlebird on healthiness? (1 = poor, 5 = excellent)",4,4
demo-consumer,co-005,co-q12,matrix,How much do you agree with these statements about snack packaging?,"{""Resealable bags are important to me"":[""Neither agree nor disagree""],""I notice the packaging design when choosing snacks"":[""Disagree""],""Paper packaging makes me think a brand is sustainable"":[""Agree""],""I read the ingredient list before buying"":[""Disagree""],""Sharing bags are too large for me"":[""Strongly agree""],""Clear nutrition labels influence what I buy"":[""Neither agree nor disagree""]}",30.9
demo-consumer,co-005,co-q13,open,Have you tried the new Kettlebird Sea Salt & Thyme flavour?,Nope,7.2
demo-consumer,co-005,co-q14,choice,Which flavours would you like Kettlebird to launch next? Select all that apply.,Black pepper & lime; Cheese & onion; Salted caramel; Wasabi; Rosemary & garlic,12.5
demo-consumer,co-005,co-q15,matrix,How much do you agree with these statements about snacking occasions?,"{""I snack mainly in the evening"":[""Neither agree nor disagree""],""I buy snacks on impulse"":[""Disagree""],""I plan snacks as part of the weekly shop"":[""Agree""],""I prefer savoury snacks over sweet ones"":[""Agree""],""I eat more snacks when watching TV"":[""Agree""],""I try to limit how often I snack"":[""Strongly agree""]}",74
demo-consumer,co-005,co-q16,choice,On which occasions do you snack? Select all that apply.,At lunch; Road trips,6.9
demo-consumer,co-005,co-q17,open,"If you could change one thing about Kettlebird, what would it be?","Multipacks please, I don't want a sharing bag every time. Otherwise I'm happy with them.",86.9
demo-consumer,co-005,co-q18,choice,How likely are you to buy Kettlebird in the next month?,Very likely,4.7
demo-consumer,co-006,co-q01,choice,Which best describes how often you eat packaged savoury snacks?,A few times a month,2.1
demo-consumer,co-006,co-q02,choice,Which snack brands have you bought in the last three months? Select all that apply.,Saltwater Co.,4
demo-consumer,co-006,co-q03,matrix,"Thinking about Kettlebird crisps, how much do you agree with each statement?","{""Kettlebird tastes better than other brands"":[""Disagree""],""Kettlebird is good value for money"":[""Disagree""],""Kettlebird uses quality ingredients"":[""Disagree""],""Kettlebird is a brand I trust"":[""Disagree""],""Kettlebird is easy to find in shops"":[""Disagree""],""Kettlebird is a brand for people like me"":[""Disagree""]}",10.7
demo-consumer,co-006,co-q04,open,What comes to mind when you think of Kettlebird?,easy,7.1
demo-consumer,co-006,co-q05,choice,Where do you usually buy snacks? Select all that apply.,Large supermarket,2.2
demo-consumer,co-006,co-q06,scale,"How would you rate Kettlebird on taste? (1 = poor, 5 = excellent)",1,0.6
demo-consumer,co-006,co-q07,scale,"How would you rate Kettlebird on price? (1 = poor, 5 = excellent)",5,1.1
demo-consumer,co-006,co-q08,scale,"How would you rate Kettlebird on packaging? (1 = poor, 5 = excellent)",5,0.7
demo-consumer,co-006,co-q09,scale,"How would you rate Kettlebird on availability? (1 = poor, 5 = excellent)",4,0.6
demo-consumer,co-006,co-q10,scale,"How would you rate Kettlebird on variety? (1 = poor, 5 = excellent)",4,0.7
demo-consumer,co-006,co-q11,scale,"How would you rate Kettlebird on healthiness? (1 = poor, 5 = excellent)",5,0.6
demo-consumer,co-006,co-q12,matrix,How much do you agree with these statements about snack packaging?,"{""Resealable bags are important to me"":[""Disagree""],""I notice the packaging design when choosing snacks"":[""Disagree""],""Paper packaging makes me think a brand is sustainable"":[""Disagree""],""I read the ingredient list before buying"":[""Disagree""],""Sharing bags are too large for me"":[""Disagree""],""Clear nutrition labels influence what I buy"":[""Disagree""]}",4.2
demo-consumer,co-006,co-q13,open,Have you tried the new Kettlebird Sea Salt & Thyme flavour?,fine,5.3
demo-consumer,co-006,co-q14,choice,Which flavours would you like Kettlebird to launch next? Select all that apply.,Rosemary & garlic,2.4
demo-consumer,co-006,co-q15,matrix,How much do you agree with these statements about snacking occasions?,"{""I snack mainly in the evening"":[""Agree""],""I buy snacks on impulse"":[""Agree""],""I plan snacks as part of the weekly shop"":[""Agree""],""I prefer savoury snacks over sweet ones"":[""Agree""],""I eat more snacks when watching TV"":[""Agree""],""I try to limit how often I snack"":[""Agree""]}",5.9
demo-consumer,co-006,co-q16,choice,On which occasions do you snack? Select all that apply.,Parties and gatherings,3.3
demo-consumer,co-006,co-q17,open,"If you could change one thing about Kettlebird, what would it be?",yes,10.3
demo-consumer,co-006,co-q18,choice,How likely are you to buy Kettlebird in the next month?,Very unlikely,1.5
demo-consumer,co-007,co-q01,choice,Which best describes how often you eat packaged savoury snacks?,Every day,11.4
demo-consumer,co-007,co-q02,choice,Which snack brands have you bought in the last three months? Select all that apply.,Marsh & Fennel,26.4
demo-consumer,co-007,co-q03,matrix,"Thinking about Kettlebird crisps, how much do you agree with each statement?","{""Kettlebird tastes better than other brands"":[""Neither agree nor disagree""],""Kettlebird is good value for money"":[""Neither agree nor disagree""],""Kettlebird uses quality ingredients"":[""Neither agree nor disagree""],""Kettlebird is a brand I trust"":[""Agree""],""Kettlebird is easy to find in shops"":[""Neither agree nor disagree""],""Kettlebird is a brand for people like me"":[""Neither agree nor disagree""]}",45.3
demo-consumer,co-007,co-q04,open,What comes to mind when you think of Kettlebird?,Good crunch but too much salt on the paprika one,18.7
demo-consumer,co-007,co-q05,choice,Where do you usually buy snacks? Select all that apply.,Large supermarket; Local convenience store; Online grocery delivery; Cinema or venue; Discount store,13.4
demo-consumer,co-007,co-q06,scale,"How would you rate Kettlebird on taste? (1 = poor, 5 = excellent)",5,5
demo-consumer,co-007,co-q07,scale,"How would you rate Kettlebird on price? (1 = poor, 5 = excellent)",4,5.6
demo-consumer,co-007,co-q08,scale,"How would you rate Kettlebird on packaging? (1 = poor, 5 = excellent)",4,5.6
demo-consumer,co-007,co-q09,scale,"How would you rate Kettlebird on availability? (1 = poor, 5 = excellent)",4,1.7
demo-consumer,co-007,co-q10,scale,"How would you rate Kettlebird on variety? (1 = poor, 5 = excellent)",4,4.1
demo-consumer,co-007,co-q11,scale,"How would you rate Kettlebird on healthiness? (1 = poor, 5 = excellent)",3,4.2
demo-consumer,co-007,co-q12,matrix,How much do you agree with these statements about snack packaging?,"{""Resealable bags are important to me"":[""Disagree""],""I notice the packaging design when choosing snacks"":[""Neither agree nor disagree""],""Paper packaging makes me think a brand is sustainable"":[""Agree""],""I read the ingredient list before buying"":[""Strongly agree""],""Sharing bags are too large for me"":[""Neither agree nor disagree""],""Clear nutrition labels influence what I buy"":[""Neither agree nor disagree""]}",51.6
demo-consumer,co-007,co-q13,open,Have you tried the new Kettlebird Sea Salt & Thyme flavour?,Yes,10.7
demo-consumer,co-007,co-q14,choice,Which flavours would you like Kettlebird to launch next? Select all that apply.,Pickled onion,7.4
demo-consumer,co-007,co-q15,matrix,How much do you agree with these statements about snacking occasions?,"{""I snack mainly in the evening"":[""Neither agree nor disagree""],""I buy snacks on impulse"":[""Neither agree nor disagree""],""I plan snacks as part of the weekly shop"":[""Neither agree nor disagree""],""I prefer savoury snacks over sweet ones"":[""Agree""],""I eat more snacks when watching TV"":[""Agree""],""I try to limit how often I snack"":[""Strongly agree""]}",62.1
demo-consumer,co-007,co-q16,choice,On which occasions do you snack? Select all that apply.,At lunch; Road trips; Mid-afternoon at work; Late at night,15.8
demo-consumer,co-007,co-q17,open,"If you could change one thing about Kettlebird, what would it be?","Make the bags resealable, half the time the crisps go soft before I finish them.",176
demo-consumer,co-007,co-q18,choice,How likely are you to buy Kettlebird in the next month?,Likely,6.3
demo-consumer,co-008,co-q01,choice,Which best describes how often you eat packaged savoury snacks?,Rarely or never,5.2
demo-consumer,co-008,co-q02,choice,Which snack brands have you bought in the last three months? Select all that apply.,Saltwater Co.; Brindle Snacks; Supermarket own brand,5.9
demo-consumer,co-008,co-q03,matrix,"Thinking about Kettlebird crisps, how much do you agree with each statement?","{""Kettlebird tastes better than other brands"":[""Neither agree nor disagree""],""Kettlebird is good value for money"":[""Disagree""],""Kettlebird uses quality ingredients"":[""Neither agree nor disagree""],""Kettlebird is a brand I trust"":[""Neither agree nor disagree""],""Kettlebird is easy to find in shops"":[""Neither agree nor disagree""],""Kettlebird is a brand for people like me"":[""Neither agree nor disagree""]}",19.1
demo-consumer,co-008,co-q04,open,What comes to mind when you think of Kettlebird?,hjkl,11
demo-consumer,co-008,co-q05,choice,Where do you usually buy snacks? Select all that apply.,Large supermarket; Petrol station; Online grocery delivery; Farm shop or deli; Vending machine,12.8
demo-consumer,co-008,co-q06,scale,"How would you rate Kettlebird on taste? (1 = poor, 5 = excellent)",3,1.1
demo-consumer,co-008,co-q07,scale,"How would you rate Kettlebird on price? (1 = poor, 5 = excellent)",3,3.5
demo-consumer,co-008,co-q08,scale,"How would you rate Kettlebird on packaging? (1 = poor, 5 = excellent)",2,1.8
demo-consumer,co-008,co-q09,scale,"How would you rate Kettlebird on availability? (1 = poor, 5 = excellent)",3,10.5
demo-consumer,co-008,co-q10,scale,"How would you rate Kettlebird on variety? (1 = poor, 5 = excellent)",2,3.9
demo-consumer,co-008,co-q11,scale,"How would you rate Kettlebird on healthiness? (1 = poor, 5 = excellent)",3,3.5
demo-consumer,co-008,co-q12,matrix,How much do you agree with these statements about snack packaging?,"{""Resealable bags are important to me"":[""Neither agree nor disagree""],""I notice the packaging design when choosing snacks"":[""Neither agree nor disagree""],""Paper packaging makes me think a brand is sustainable"":[""Neither agree nor disagree""],""I read the ingredient list before buying"":[""Disagree""],""Sharing bags are too large for me"":[""Disagree""],""Clear nutrition labels influence what I buy"":[""Neither agree nor disagree""]}",50.2
demo-consumer,co-008,co-q13,open,Have you tried the new Kettlebird Sea Salt & Thyme flavour?,dfgdfg sdf,4.9
demo-consumer,co-008,co-q14,choice,Which flavours would you like Kettlebird to launch next? Select all that apply.,Wasabi,9
demo-consumer,co-008,co-q15,matrix,How much do you agree with these statements about snacking occasions?,"{""I snack mainly in the evening"":[""Agree""],""I buy snacks on impulse"":[""Neither agree nor disagree""],""I plan snacks as part of the weekly shop"":[""Neither agree nor disagree""],""I prefer savoury snacks over sweet ones"":[""Agree""],""I eat more snacks when watching TV"":[""Agree""],""I try to limit how often I snack"":[""Neither agree nor disagree""]}",22.8
demo-consumer,co-008,co-q16,choice,On which occasions do you snack? Select all that apply.,Mid-afternoon at work,7.5
demo-consumer,co-008,co-q17,open,"If you could change one thing about Kettlebird, what would it be?",qwerty,10.6
demo-consumer,co-008,co-q18,choice,How likely are you to buy Kettlebird in the next month?,Unlikely,7.5
demo-consumer,co-009,co-q01,choice,Which best describes how often you eat packaged savoury snacks?,Rarely or never,6.5
demo-consumer,co-009,co-q02,choice,Which snack brands have you bought in the last three months? Select all that apply.,Marsh & Fennel; Crunchfield; Tumbleroot,28.1
demo-consumer,co-009,co-q03,matrix,"Thinking about Kettlebird crisps, how much do you agree with each statement?","{""Kettlebird tastes better than other brands"":[""Strongly agree""],""Kettlebird is good value for money"":[""Strongly agree""],""Kettlebird uses quality ingredients"":[""Agree""],""Kettlebird is a brand I trust"":[""Agree""],""Kettlebird is easy to find in shops"":[""Neither agree nor disagree""],""Kettlebird is a brand for people like me"":[""Strongly agree""]}",75.1
demo-consumer,co-009,co-q04,open,What comes to mind when you think of Kettlebird?,"Quality potatoes, you can tell from the texture. Decent brand overall.",33.7
demo-consumer,co-009,co-q05,choice,Where do you usually buy snacks? Select all that apply.,Petrol station; Farm shop or deli; Cinema or venue; Somewhere else,19.1
demo-consumer,co-009,co-q06,scale,"How would you rate Kettlebird on taste? (1 = poor, 5 = excellent)",5,14
demo-consumer,co-009,co-q07,scale,"How would you rate Kettlebird on price? (1 = poor, 5 = excellent)",5,6.9
demo-consumer,co-009,co-q08,scale,"How would you rate Kettlebird on packaging? (1 = poor, 5 = excellent)",4,3.9
demo-consumer,co-009,co-q09,scale,"How would you rate Kettlebird on availability? (1 = poor, 5 = excellent)",4,15.1
demo-consumer,co-009,co-q10,scale,"How would you rate Kettlebird on variety? (1 = poor, 5 = excellent)",5,6.3
demo-consumer,co-009,co-q11,scale,"How would you rate Kettlebird on healthiness? (1 = poor, 5 = excellent)",5,14.6
demo-consumer,co-009,co-q12,matrix,How much do you agree with these statements about snack packaging?,"{""Resealable bags are important to me"":[""Strongly agree""],""I notice the packaging design when choosing snacks"":[""Strongly agree""],""Paper packaging makes me think a brand is sustainable"":[""Strongly agree""],""I read the ingredient list before buying"":[""Agree""],""Sharing bags are too large for me"":[""Strongly agree""],""Clear nutrition labels influence what I buy"":[""Strongly agree""]}",76.7
demo-consumer,co-009,co-q13,open,Have you tried the new Kettlebird Sea Salt & Thyme flavour?,"Not yet, but it's on my list for the weekend shop.",31.1
demo-consumer,co-009,co-q14,choice,Which flavours would you like Kettlebird to launch next? Select all that apply.,Black pepper & lime; Wasabi; Pickled onion,15.7
demo-consumer,co-009,co-q15,matrix,How much do you agree with these statements about snacking occasions?,"{""I snack mainly in the evening"":[""Strongly agree""],""I buy snacks on impulse"":[""Strongly agree""],""I plan snacks as part of the weekly shop"":[""Neither agree nor disagree""],""I prefer savoury snacks over sweet ones"":[""Strongly agree""],""I eat more snacks when watching TV"":[""Agree""],""I try to limit how often I snack"":[""Strongly agree""]}",43
demo-consumer,co-009,co-q16,choice,On which occasions do you snack? Select all that apply.,With a drink in the evening; Watching films or TV; Late at night,11.8
demo-consumer,co-009,co-q17,open,"If you could change one thing about Kettlebird, what would it be?","Less salt on the paprika flavour, it's overpowering. Everything else is fine.",42.9
demo-consumer,co-009,co-q18,choice,How likely are you to buy Kettlebird in the next month?,Very unlikely,10.7
demo-consumer,co-010,co-q01,choice,Which best describes how often you eat packaged savoury snacks?,Rarely or never,14.2
demo-consumer,co-010,co-q02,choice,Which snack brands have you bought in the last three months? Select all that apply.,Marsh & Fennel; Old Mill Crisps; Brindle Snacks; Tumbleroot,10.5
demo-consumer,co-010,co-q03,matrix,"Thinking about Kettlebird crisps, how much do you agree with each statement?","{""Kettlebird tastes better than other brands"":[""Neither agree nor disagree""],""Kettlebird is good value for money"":[""Agree""],""Kettlebird uses quality ingredients"":[""Disagree""],""Kettlebird is a brand I trust"":[""Neither agree nor disagree""],""Kettlebird is easy to find in shops"":[""Neither agree nor disagree""],""Kettlebird is a brand for people like me"":[""Disagree""]}",20.2
demo-consumer,co-010,co-q04,open,What comes to mind when you think of Kettlebird?,No problems at all with this one.,10.3
demo-consumer,co-010,co-q05,choice,Where do you usually buy snacks? Select all that apply.,Discount store,31.1
demo-consumer,co-010,co-q06,scale,"How would you rate Kettlebird on taste? (1 = poor, 5 = excellent)",2,2.5
demo-consumer,co-010,co-q07,scale,"How would you rate Kettlebird on price? (1 = poor, 5 = excellent)",4,4.5
demo-consumer,co-010,co-q08,scale,"How would you rate Kettlebird on packaging? (1 = poor, 5 = excellent)",4,5.7
demo-consumer,co-010,co-q09,scale,"How would you rate Kettlebird on availability? (1 = poor, 5 = excellent)",3,2.5
demo-consumer,co-010,co-q10,scale,"How would you rate Kettlebird on variety? (1 = poor, 5 = excellent)",4,5.5
demo-consumer,co-010,co-q11,scale,"How would you rate Kettlebird on healthiness? (1 = poor, 5 = excellent)",3,4.4
demo-consumer,co-010,co-q12,matrix,How much do you agree with these statements about snack packaging?,"{""Resealable bags are important to me"":[""Agree""],""I notice the packaging design when choosing snacks"":[""Strongly agree""],""Paper packaging makes me think a brand is sustainable"":[""Strongly agree""],""I read the ingredient list before buying"":[""Strongly agree""],""Sharing bags are too large for me"":[""Neither agree nor disagree""],""Clear nutrition labels influence what I buy"":[""Agree""]}",35.7
demo-consumer,co-010,co-q13,open,Have you tried the new Kettlebird Sea Salt & Thyme flavour?,No problems at all with this one.,7.6
demo-consumer,co-010,co-q14,choice,Which flavours would you like Kettlebird to launch next? Select all that apply.,Black pepper & lime; Sweet chilli,30.5
demo-consumer,co-010,co-q15,matrix,How much do you agree with these statements about snacking occasions?,"{""I snack mainly in the evening"":[""Neither agree nor disagree""],""I buy snacks on impulse"":[""Neither agree nor disagree""],""I plan snacks as part of the weekly shop"":[""Agree""],""I prefer savoury snacks over sweet ones"":[""Agree""],""I eat more snacks when watching TV"":[""Agree""],""I try to limit how often I snack"":[""Neither agree nor disagree""]}",35.2
demo-consumer,co-010,co-q16,choice,On which occasions do you snack? Select all that apply.,At lunch; Parties and gatherings; Late at night; Picnics and outdoors,18
demo-consumer,co-010,co-q17,open,"If you could change one thing about Kettlebird, what would it be?",No problems at all with this one.,16.9
demo-consumer,co-010,co-q18,choice,How likely are you to buy Kettlebird in the next month?,Not sure,10.2
demo-consumer,co-011,co-q01,choice,Which best describes how often you eat packaged savoury snacks?,Most days,12
demo-consumer,co-011,co-q02,choice,Which snack brands have you bought in the last three months? Select all that apply.,Brindle Snacks; Tumbleroot,19.3
demo-consumer,co-011,co-q03,matrix,"Thinking about Kettlebird crisps, how much do you agree with each statement?","{""Kettlebird tastes better than other brands"":[""Agree""],""Kettlebird is good value for money"":[""Agree""],""Kettlebird uses quality ingredients"":[""Strongly agree""],""Kettlebird is a brand I trust"":[""Strongly agree""],""Kettlebird is easy to find in shops"":[""Agree""],""Kettlebird is a brand for people like me"":[""Strongly agree""]}",23.5
demo-consumer,co-011,co-q04,open,What comes to mind when you think of Kettlebird?,"not a brand I know well, I've seen it in the premium aisle. The bag is hard to reseal.",53.1
demo-consumer,co-011,co-q05,choice,Where do you usually buy snacks? Select all that apply.,Large supermarket; Local convenience store; Petrol station; Vending machine; Somewhere else,3
demo-consumer,co-011,co-q06,scale,"How would you rate Kettlebird on taste? (1 = poor, 5 = excellent)",5,4.2
demo-consumer,co-011,co-q07,scale,"How would you rate Kettlebird on price? (1 = poor, 5 = excellent)",3,1.6
demo-consumer,co-011,co-q08,scale,"How would you rate Kettlebird on packaging? (1 = poor, 5 = excellent)",5,3.1
demo-consumer,co-011,co-q09,scale,"How would you rate Kettlebird on availability? (1 = poor, 5 = excellent)",4,1.9
demo-consumer,co-011,co-q10,scale,"How would you rate Kettlebird on variety? (1 = poor, 5 = excellent)",5,4.3
demo-consumer,co-011,co-q11,scale,"How would you rate Kettlebird on healthiness? (1 = poor, 5 = excellent)",3,3.3
demo-consumer,co-011,co-q12,matrix,How much do you agree with these statements about snack packaging?,"{""Resealable bags are important to me"":[""Disagree""],""I notice the packaging design when choosing snacks"":[""Agree""],""Paper packaging makes me think a brand is sustainable"":[""Disagree""],""I read the ingredient list before buying"":[""Agree""],""Sharing bags are too large for me"":[""Agree""],""Clear nutrition labels influence what I buy"":[""Strongly agree""]}",16
demo-consumer,co-011,co-q13,open,Have you tried the new Kettlebird Sea Salt & Thyme flavour?,Yep,7.4
demo-consumer,co-011,co-q14,choice,Which flavours would you like Kettlebird to launch next? Select all that apply.,Sweet chilli; Wasabi,16.1
demo-consumer,co-011,co-q15,matrix,How much do you agree with these statements about snacking occasions?,"{""I snack mainly in the evening"":[""Agree""],""I buy snacks on impulse"":[""Neither agree nor disagree""],""I plan snacks as part of the weekly shop"":[""Disagree""],""I prefer savoury snacks over sweet ones"":[""Agree""],""I eat more snacks when watching TV"":[""Neither agree nor disagree""],""I try to limit how often I snack"":[""Neither agree nor disagree""]}",37.2
demo-consumer,co-011,co-q16,choice,On which occasions do you snack? Select all that apply.,With a drink in the evening; Picnics and outdoors,7.4
demo-consumer,co-011,co-q17,open,"If you could change one thing about Kettlebird, what would it be?",Fewer broken crisps at the bottom of the bag.,20.2
demo-consumer,co-011,co-q18,choice,How likely are you to buy Kettlebird in the next month?,Not sure,4
demo-consumer,co-012,co-q01,choice,Which best describes how often you eat packaged savoury snacks?,Rarely or never,6.7
demo-consumer,co-012,co-q02,choice,Which snack brands have you bought in the last three months? Select all that apply.,Kettlebird; Marsh & Fennel; Saltwater Co.; Supermarket own brand,8.9
demo-consumer,co-012,co-q03,matrix,"Thinking about Kettlebird crisps, how much do you agree with each statement?","{""Kettlebird tastes better than other brands"":[""Neither agree nor disagree""],""Kettlebird is good value for money"":[""Neither agree nor disagree""],""Kettlebird uses quality ingredients"":[""Neither agree nor disagree""],""Kettlebird is a brand I trust"":[""Strongly agree""],""Kettlebird is easy to find in shops"":[""Agree""],""Kettlebird is a brand for people like me"":[""Neither agree nor disagree""]}",30.6
demo-consumer,co-012,co-q04,open,What comes to mind when you think of Kettlebird?,"The chilli flavour is genuinely hot, which is rare for crisps. Could be cheaper though.",35.2
demo-consumer,co-012,co-q05,choice,Where do you usually buy snacks? Select all that apply.,Large supermarket; Local convenience store,11.5
demo-consumer,co-012,co-q06,scale,"How would you rate Kettlebird on taste? (1 = poor, 5 = excellent)",4,2.4
demo-consumer,co-012,co-q07,scale,"How would you rate Kettlebird on price? (1 = poor, 5 = excellent)",4,2.5
demo-consumer,co-012,co-q08,scale,"How would you rate Kettlebird on packaging? (1 = poor, 5 = excellent)",4,7.4
demo-consumer,co-012,co-q09,scale,"How would you rate Kettlebird on availability? (1 = poor, 5 = excellent)",4,2.2
demo-consumer,co-012,co-q10,scale,"How would you rate Kettlebird on variety? (1 = poor, 5 = excellent)",5,5.2
demo-consumer,co-012,co-q11,scale,"How would you rate Kettlebird on healthiness? (1 = poor, 5 = excellent)",4,3.3
demo-consumer,co-012,co-q12,matrix,How much do you agree with these statements about snack packaging?,"{""Resealable bags are important to me"":[""Agree""],""I notice the packaging design when choosing snacks"":[""Strongly agree""],""Paper packaging makes me think a brand is sustainable"":[""Agree""],""I read the ingredient list before buying"":[""Agree""],""Sharing bags are too large for me"":[""Disagree""],""Clear nutrition labels influence what I buy"":[""Strongly agree""]}",21.3
demo-consumer,co-012,co-q13,open,Have you tried the new Kettlebird Sea Salt & Thyme flavour?,no,17.2
demo-consumer,co-012,co-q14,choice,Which flavours would you like Kettlebird to launch next? Select all that apply.,Smoked paprika; Sour cream & chive; Cheese & onion; Wasabi; Plain unsalted,4.8
demo-consumer,co-012,co-q15,matrix,How much do you agree with these statements about snacking occasions?,"{""I snack mainly in the evening"":[""Neither agree nor disagree""],""I buy snacks on impulse"":[""Agree""],""I plan snacks as part of the weekly shop"":[""Neither agree nor disagree""],""I prefer savoury snacks over sweet ones"":[""Neither agree nor disagree""],""I eat more snacks when watching TV"":[""Neither agree nor disagree""],""I try to limit how often I snack"":[""Neither agree nor disagree""]}",36.6
demo-consumer,co-012,co-q16,choice,On which occasions do you snack? Select all that apply.,Watching films or TV; Road trips; Parties and gatherings; Late at night,13.9
demo-consumer,co-012,co-q17,open,"If you could change one thing about Kettlebird, what would it be?","Less salt on the paprika flavour, it's overpowering.",53.6
demo-consumer,co-012,co-q18,choice,How likely are you to buy Kettlebird in the next month?,Very unlikely,4.4
demo-consumer,co-013,co-q01,choice,Which best describes how often you eat packaged savoury snacks?,A few times a month,8
demo-consumer,co-013,co-q02,choice,Which snack brands have you bought in the last three months? Select all that apply.,Kettlebird; Marsh & Fennel; Crunchfield; Saltwater Co.; Supermarket own brand,11.2
demo-consumer,co-013,co-q03,matrix,"Thinking about Kettlebird crisps, how much do you agree with each statement?","{""Kettlebird tastes better than other brands"":[""Agree""],""Kettlebird is good value for money"":[""Agree""],""Kettlebird uses quality ingredients"":[""Agree""],""Kettlebird is a brand I trust"":[""Neither agree nor disagree""],""Kettlebird is easy to find in shops"":[""Neither agree nor disagree""],""Kettlebird is a brand for people like me"":[""Disagree""]}",98.2
demo-consumer,co-013,co-q04,open,What comes to mind when you think of Kettlebird?,"I think of road trips, we always grab a bag at the services.",56.3
demo-consumer,co-013,co-q05,choice,Where do you usually buy snacks? Select all that apply.,Large supermarket,24.8
demo-consumer,co-013,co-q06,scale,"How would you rate Kettlebird on taste? (1 = poor, 5 = excellent)",5,7.2
demo-consumer,co-013,co-q07,scale,"How would you rate Kettlebird on price? (1 = poor, 5 = excellent)",5,2
demo-consumer,co-013,co-q08,scale,"How would you rate Kettlebird on packaging? (1 = poor, 5 = excellent)",4,8.6
demo-consumer,co-013,co-q09,scale,"How would you rate Kettlebird on availability? (1 = poor, 5 = excellent)",4,7.9
demo-consumer,co-013,co-q10,scale,"How would you rate Kettlebird on variety? (1 = poor, 5 = excellent)",4,2.9
demo-consumer,co-013,co-q11,scale,"How would you rate Kettlebird on healthiness? (1 = poor, 5 = excellent)",5,6
demo-consumer,co-013,co-q12,matrix,How much do you agree with these statements about snack packaging?,"{""Resealable bags are important to me"":[""Agree""],""I notice the packaging design when choosing snacks"":[""Strongly agree""],""Paper packaging makes me think a brand is sustainable"":[""Neither agree nor disagree""],""I read the ingredient list before buying"":[""Strongly agree""],""Sharing bags are too large for me"":[""Agree""],""Clear nutrition labels influence what I buy"":[""Agree""]}",32.7
demo-consumer,co-013,co-q13,open,Have you tried the new Kettlebird Sea Salt & Thyme flavour?,"No, didn't know it existed until this survey.",31.6
demo-consumer,co-013,co-q14,choice,Which flavours would you like Kettlebird to launch next? Select all that apply.,Black pepper & lime; Honey mustard,13.4
demo-consumer,co-013,co-q15,matrix,How much do you agree with these statements about snacking occasions?,"{""I snack mainly in the evening"":[""Agree""],""I buy snacks on impulse"":[""Neither agree nor disagree""],""I plan snacks as part of the weekly shop"":[""Agree""],""I prefer savoury snacks over sweet ones"":[""Agree""],""I eat more snacks when watching TV"":[""Strongly agree""],""I try to limit how often I snack"":[""Agree""]}",42.6
demo-consumer,co-013,co-q16,choice,On which occasions do you snack? Select all that apply.,With a drink in the evening; Picnics and outdoors,18.9
demo-consumer,co-013,co-q17,open,"If you could change one thing about Kettlebird, what would it be?","The packaging looks dated, it needs a refresh.",50.6
demo-consumer,co-013,co-q18,choice,How likely are you to buy Kettlebird in the next month?,Very unlikely,9.9
demo-consumer,co-014,co-q01,choice,Which best describes how often you eat packaged savoury snacks?,A few times a week,8.1
demo-consumer,co-014,co-q02,choice,Which snack brands have you bought in the last three months? Select all that apply.,Marsh & Fennel; Pop Hollow; Crunchfield; Saltwater Co.; Tumbleroot,16.6
demo-consumer,co-014,co-q03,matrix,"Thinking about Kettlebird crisps, how much do you agree with each statement?","{""Kettlebird tastes better than other brands"":[""Agree""],""Kettlebird is good value for money"":[""Strongly agree""],""Kettlebird uses quality ingredients"":[""Agree""],""Kettlebird is a brand I trust"":[""Strongly agree""],""Kettlebird is easy to find in shops"":[""Strongly agree""],""Kettlebird is a brand for people like me"":[""Strongly agree""]}",26.2
demo-consumer,co-014,co-q04,open,What comes to mind when you think of Kettlebird?,"Crunchy, a bit greasy, the kind of crisps you buy when you want something better than the supermarket brand.",45.8
demo-consumer,co-014,co-q05,choice,Where do you usually buy snacks? Select all that apply.,Large supermarket; Online grocery delivery; Farm shop or deli; Vending machine; Cinema or venue,11.5
demo-consumer,co-014,co-q06,scale,"How would you rate Kettlebird on taste? (1 = poor, 5 = excellent)",4,2.6
demo-consumer,co-014,co-q07,scale,"How would you rate Kettlebird on price? (1 = poor, 5 = excellent)",3,2.2
demo-consumer,co-014,co-q08,scale,"How would you rate Kettlebird on packaging? (1 = poor, 5 = excellent)",4,8
demo-consumer,co-014,co-q09,scale,"How would you rate Kettlebird on availability? (1 = poor, 5 = excellent)",5,2.3
demo-consumer,co-014,co-q10,scale,"How would you rate Kettlebird on variety? (1 = poor, 5 = excellent)",5,3.9
demo-consumer,co-014,co-q11,scale,"How would you rate Kettlebird on healthiness? (1 = poor, 5 = excellent)",5,3.3
demo-consumer,co-014,co-q12,matrix,How much do you agree with these statements about snack packaging?,"{""Resealable bags are important to me"":[""Agree""],""I notice the packaging design when choosing snacks"":[""Strongly agree""],""Paper packaging makes me think a brand is sustainable"":[""Strongly agree""],""I read the ingredient list before buying"":[""Strongly agree""],""Sharing bags are too large for me"":[""Strongly agree""],""Clear nutrition labels influence what I buy"":[""Strongly agree""]}",31.2
demo-consumer,co-014,co-q13,open,Have you tried the new Kettlebird Sea Salt & Thyme flavour?,"Yes, bought two bags and they were gone in a day, very moreish.",18.8
demo-consumer,co-014,co-q14,choice,Which flavours would you like Kettlebird to launch next? Select all that apply.,Sour cream & chive; Black pepper & lime; Sweet chilli; Cheese & onion; Wasabi; Plain unsalted,22.6
demo-consumer,co-014,co-q15,matrix,How much do you agree with these statements about snacking occasions?,"{""I snack mainly in the evening"":[""Strongly agree""],""I buy snacks on impulse"":[""Strongly agree""],""I plan snacks as part of the weekly shop"":[""Agree""],""I prefer savoury snacks over sweet ones"":[""Strongly agree""],""I eat more snacks when watching TV"":[""Agree""],""I try to limit how often I snack"":[""Strongly agree""]}",24.5
demo-consumer,co-014,co-q16,choice,On which occasions do you snack? Select all that apply.,Picnics and outdoors,13.2
demo-consumer,co-014,co-q17,open,"If you could change one thing about Kettlebird, what would it be?",Add a baked or lower-fat option for people who want a lighter snack.,53.9
demo-consumer,co-014,co-q18,choice,How likely are you to buy Kettlebird in the next month?,Likely,6.2
demo-consumer,co-015,co-q01,choice,Which best describes how often you eat packaged savoury snacks?,Most days,7.1
demo-consumer,co-015,co-q02,choice,Which snack brands have you bought in the last three months? Select all that apply.,Marsh & Fennel; Pop Hollow; Crunchfield; Saltwater Co.; Tumbleroot,20.4
demo-consumer,co-015,co-q03,matrix,"Thinking about Kettlebird crisps, how much do you agree with each statement?","{""Kettlebird tastes better than other brands"":[""Agree""],""Kettlebird is good value for money"":[""Strongly agree""],""Kettlebird uses quality ingredients"":[""Agree""],""Kettlebird is a brand I trust"":[""Strongly agree""],""Kettlebird is easy to find in shops"":[""Agree""],""Kettlebird is a brand for people like me"":[""Strongly disagree""]}",41.2
demo-consumer,co-015,co-q04,open,What comes to mind when you think of Kettlebird?,hjkl,12.8
demo-consumer,co-015,co-q05,choice,Where do you usually buy snacks? Select all that apply.,Large supermarket; Petrol station; Farm shop or deli; Vending machine; Cinema or venue,7.3
demo-consumer,co-015,co-q06,scale,"How would you rate Kettlebird on taste? (1 = poor, 5 = excellent)",5,8.9
demo-consumer,co-015,co-q07,scale,"How would you rate Kettlebird on price? (1 = poor, 5 = excellent)",5,3.3
demo-consumer,co-015,co-q08,scale,"How would you rate Kettlebird on packaging? (1 = poor, 5 = excellent)",5,3.3
demo-consumer,co-015,co-q09,scale,"How would you rate Kettlebird on availability? (1 = poor, 5 = excellent)",4,2.9
demo-consumer,co-015,co-q10,scale,"How would you rate Kettlebird on variety? (1 = poor, 5 = excellent)",3,6.6
demo-consumer,co-015,co-q11,scale,"How would you rate Kettlebird on healthiness? (1 = poor, 5 = excellent)",4,3.4
demo-consumer,co-015,co-q12,matrix,How much do you agree with these statements about snack packaging?,"{""Resealable bags are important to me"":[""Neither agree nor disagree""],""I notice the packaging design when choosing snacks"":[""Agree""],""Paper packaging makes me think a brand is sustainable"":[""Neither agree nor disagree""],""I read the ingredient list before buying"":[""Strongly agree""],""Sharing bags are too large for me"":[""Neither agree nor disagree""],""Clear nutrition labels influence what I buy"":[""Neither agree nor disagree""]}",80.3
demo-consumer,co-015,co-q13,open,Have you tried the new Kettlebird Sea Salt & Thyme flavour?,qwerty,6.4
demo-consumer,co-015,co-q14,choice,Which flavours would you like Kettlebird to launch next? Select all that apply.,Cheese & onion; Rosemary & garlic,16.4
demo-consumer,co-015,co-q15,matrix,How much do you agree with these statements about snacking occasions?,"{""I snack mainly in the evening"":[""Agree""],""I buy snacks on impulse"":[""Agree""],""I plan snacks as part of the weekly shop"":[""Agree""],""I prefer savoury snacks over sweet ones"":[""Strongly agree""],""I eat more snacks when watching TV"":[""Neither agree nor disagree""],""I try to limit how often I snack"":[""Disagree""]}",69.2
demo-consumer,co-015,co-q16,choice,On which occasions do you snack? Select all that apply.,Watching films or TV; Late at night; Picnics and outdoors,16.7
demo-consumer,co-015,co-q17,open,"If you could change one thing about Kettlebird, what would it be?",dfgdfg sdf,13.7
demo-consumer,co-015,co-q18,choice,How likely are you to buy Kettlebird in the next month?,Very unlikely,9.8
demo-consumer,co-016,co-q01,choice,Which best describes how often you eat packaged savoury snacks?,A few times a month,7.7
demo-consumer,co-016,co-q02,choice,Which snack brands have you bought in the last three months? Select all that apply.,Kettlebird; Marsh & Fennel; Crunchfield; Old Mill Crisps; Saltwater Co.; Brindle Snacks; Tumbleroot; Supermarket own brand; None of these,6.6
demo-consumer,co-016,co-q03,matrix,"Thinking about Kettlebird crisps, how much do you agree with each statement?","{""Kettlebird tastes better than other brands"":[""Agree""],""Kettlebird is good value for money"":[""Strongly agree""],""Kettlebird uses quality ingredients"":[""Agree""],""Kettlebird is a brand I trust"":[""Agree""],""Kettlebird is easy to find in shops"":[""Strongly agree""],""Kettlebird is a brand for people like me"":[""Agree""]}",43.1
demo-consumer,co-016,co-q04,open,What comes to mind when you think of Kettlebird?,Good crisps.,15.5
demo-consumer,co-016,co-q05,choice,Where do you usually buy snacks? Select all that apply.,Large supermarket; Local convenience store; Petrol station; Online grocery delivery; Farm shop or deli; Vending machine; Cinema or venue; Discount store; Somewhere else,5.2
demo-consumer,co-016,co-q06,scale,"How would you rate Kettlebird on taste? (1 = poor, 5 = excellent)",4,2.5
demo-consumer,co-016,co-q07,scale,"How would you rate Kettlebird on price? (1 = poor, 5 = excellent)",4,3.5
demo-consumer,co-016,co-q08,scale,"How would you rate Kettlebird on packaging? (1 = poor, 5 = excellent)",4,2.2
demo-consumer,co-016,co-q09,scale,"How would you rate Kettlebird on availability? (1 = poor, 5 = excellent)",4,2.2
demo-consumer,co-016,co-q10,scale,"How would you rate Kettlebird on variety? (1 = poor, 5 = excellent)",4,3
demo-consumer,co-016,co-q11,scale,"How would you rate Kettlebird on healthiness? (1 = poor, 5 = excellent)",5,3.3
demo-consumer,co-016,co-q12,matrix,How much do you agree with these statements about snack packaging?,"{""Resealable bags are important to me"":[""Neither agree nor disagree""],""I notice the packaging design when choosing snacks"":[""Strongly agree""],""Paper packaging makes me think a brand is sustainable"":[""Strongly agree""],""I read the ingredient list before buying"":[""Strongly agree""],""Sharing bags are too large for me"":[""Agree""],""Clear nutrition labels influence what I buy"":[""Agree""]}",88.1
demo-consumer,co-016,co-q13,open,Have you tried the new Kettlebird Sea Salt & Thyme flavour?,Decent snack.,10.4
demo-consumer,co-016,co-q14,choice,Which flavours would you like Kettlebird to launch next? Select all that apply.,Smoked paprika; Sour cream & chive; Black pepper & lime; Honey mustard; Truffle; Sweet chilli; Cheese & onion; Salted caramel; Wasabi; Rosemary & garlic; Pickled onion; Plain unsalted,9.2
demo-consumer,co-016,co-q15,matrix,How much do you agree with these statements about snacking occasions?,"{""I snack mainly in the evening"":[""Neither agree nor disagree""],""I buy snacks on impulse"":[""Strongly agree""],""I plan snacks as part of the weekly shop"":[""Strongly agree""],""I prefer savoury snacks over sweet ones"":[""Strongly agree""],""I eat more snacks when watching TV"":[""Strongly agree""],""I try to limit how often I snack"":[""Neither agree nor disagree""]}",46.8
demo-consumer,co-016,co-q16,choice,On which occasions do you snack? Select all that apply.,With a drink in the evening; At lunch; Watching films or TV; Road trips; Parties and gatherings; Mid-afternoon at work; Picnics and outdoors,4.8
demo-consumer,co-016,co-q17,open,"If you could change one thing about Kettlebird, what would it be?","Make the bags resealable, half the time the crisps go soft before I finish them.",38.6
demo-consumer,co-016,co-q18,choice,How likely are you to buy Kettlebird in the next month?,Unlikely,3.9
demo-consumer,co-017,co-q01,choice,Which best describes how often you eat packaged savoury snacks?,Every day,7.7
demo-consumer,co-017,co-q02,choice,Which snack brands have you bought in the last three months? Select all that apply.,Kettlebird,14.9
demo-consumer,co-017,co-q03,matrix,"Thinking about Kettlebird crisps, how much do you agree with each statement?","{""Kettlebird tastes better than other brands"":[""Strongly agree""],""Kettlebird is good value for money"":[""Strongly agree""],""Kettlebird uses quality ingredients"":[""Agree""],""Kettlebird is a brand I trust"":[""Neither agree nor disagree""],""Kettlebird is easy to find in shops"":[""Agree""],""Kettlebird is a brand for people like me"":[""Agree""]}",63.9
demo-consumer,co-017,co-q04,open,What comes to mind when you think of Kettlebird?,"Rustic packaging, farmer imagery, slightly premium positioning.",31.5
demo-consumer,co-017,co-q05,choice,Where do you usually buy snacks? Select all that apply.,Online grocery delivery,15.8
demo-consumer,co-017,co-q06,scale,"How would you rate Kettlebird on taste? (1 = poor, 5 = excellent)",4,3.6
demo-consumer,co-017,co-q07,scale,"How would you rate Kettlebird on price? (1 = poor, 5 = excellent)",4,4.9
demo-consumer,co-017,co-q08,scale,"How would you rate Kettlebird on packaging? (1 = poor, 5 = excellent)",3,2.8
demo-consumer,co-017,co-q09,scale,"How would you rate Kettlebird on availability? (1 = poor, 5 = excellent)",5,8.2
demo-consumer,co-017,co-q10,scale,"How would you rate Kettlebird on variety? (1 = poor, 5 = excellent)",4,2.5
demo-consumer,co-017,co-q11,scale,"How would you rate Kettlebird on healthiness? (1 = poor, 5 = excellent)",4,2.5
demo-consumer,co-017,co-q12,matrix,How much do you agree with these statements about snack packaging?,"{""Resealable bags are important to me"":[""Agree""],""I notice the packaging design when choosing snacks"":[""Agree""],""Paper packaging makes me think a brand is sustainable"":[""Neither agree nor disagree""],""I read the ingredient list before buying"":[""Agree""],""Sharing bags are too large for me"":[""Neither agree nor disagree""],""Clear nutrition labels influence what I buy"":[""Neither agree nor disagree""]}",23.9
demo-consumer,co-017,co-q13,open,Have you tried the new Kettlebird Sea Salt & Thyme flavour?,"Yes, once at a friend's place, it tasted a bit like stuffing which I didn't mind.",52.1
demo-consumer,co-017,co-q14,choice,Which flavours would you like Kettlebird to launch next? Select all that apply.,Sour cream & chive; Black pepper & lime; Truffle; Sweet chilli; Cheese & onion; Salted caramel,12.7
demo-consumer,co-017,co-q15,matrix,How much do you agree with these statements about snacking occasions?,"{""I snack mainly in the evening"":[""Neither agree nor disagree""],""I buy snacks on impulse"":[""Neither agree nor disagree""],""I plan snacks as part of the weekly shop"":[""Strongly agree""],""I prefer savoury snacks over sweet ones"":[""Strongly agree""],""I eat more snacks when watching TV"":[""Neither agree nor disagree""],""I try to limit how often I snack"":[""Strongly agree""]}",38.6
demo-consumer,co-017,co-q16,choice,On which occasions do you snack? Select all that apply.,Watching films or TV; Parties and gatherings; Picnics and outdoors,6.6
demo-consumer,co-017,co-q17,open,"If you could change one thing about Kettlebird, what would it be?","Multipacks please, I don't want a sharing bag every time. Everything else is fine.",36.8
demo-consumer,co-017,co-q18,choice,How likely are you to buy Kettlebird in the next month?,Likely,4.6
demo-consumer,co-018,co-q01,choice,Which best describes how often you eat packaged savoury snacks?,A few times a week,5.6
demo-consumer,co-018,co-q02,choice,Which snack brands have you bought in the last three months? Select all that apply.,Crunchfield,17.1
demo-consumer,co-018,co-q03,matrix,"Thinking about Kettlebird crisps, how much do you agree with each statement?","{""Kettlebird tastes better than other brands"":[""Neither agree nor disagree""],""Kettlebird is good value for money"":[""Neither agree nor disagree""],""Kettlebird uses quality ingredients"":[""Neither agree nor disagree""],""Kettlebird is a brand I trust"":[""Neither agree nor disagree""],""Kettlebird is easy to find in shops"":[""Neither agree nor disagree""],""Kettlebird is a brand for people like me"":[""Neither agree nor disagree""]}",29.9
demo-consumer,co-018,co-q04,open,What comes to mind when you think of Kettlebird?,"The chilli flavour is genuinely hot, which is rare for crisps",41.2
demo-consumer,co-018,co-q05,choice,Where do you usually buy snacks? Select all that apply.,Petrol station; Online grocery delivery; Farm shop or deli; Cinema or venue,10.8
demo-consumer,co-018,co-q06,scale,"How would you rate Kettlebird on taste? (1 = poor, 5 = excellent)",3,4.1
demo-consumer,co-018,co-q07,scale,"How would you rate Kettlebird on price? (1 = poor, 5 = excellent)",3,3
demo-consumer,co-018,co-q08,scale,"How would you rate Kettlebird on packaging? (1 = poor, 5 = excellent)",2,3.3
demo-consumer,co-018,co-q09,scale,"How would you rate Kettlebird on availability? (1 = poor, 5 = excellent)",3,3.5
demo-consumer,co-018,co-q10,scale,"How would you rate Kettlebird on variety? (1 = poor, 5 = excellent)",4,2.5
demo-consumer,co-018,co-q11,scale,"How would you rate Kettlebird on healthiness? (1 = poor, 5 = excellent)",5,3.2
demo-consumer,co-018,co-q12,matrix,How much do you agree with these statements about snack packaging?,"{""Resealable bags are important to me"":[""Neither agree nor disagree""],""I notice the packaging design when choosing snacks"":[""Disagree""],""Paper packaging makes me think a brand is sustainable"":[""Strongly agree""],""I read the ingredient list before buying"":[""Agree""],""Sharing bags are too large for me"":[""Neither agree nor disagree""],""Clear nutrition labels influence what I buy"":[""Disagree""]}",16
demo-consumer,co-018,co-q13,open,Have you tried the new Kettlebird Sea Salt & Thyme flavour?,Yep,11.3
demo-consumer,co-018,co-q14,choice,Which flavours would you like Kettlebird to launch next? Select all that apply.,Sour cream & chive; Sweet chilli; Plain unsalted,7.5
demo-consumer,co-018,co-q15,matrix,How much do you agree with these statements about snacking occasions?,"{""I snack mainly in the evening"":[""Neither agree nor disagree""],""I buy snacks on impulse"":[""Neither agree nor disagree""],""I plan snacks as part of the weekly shop"":[""Neither agree nor disagree""],""I prefer savoury snacks over sweet ones"":[""Neither agree nor disagree""],""I eat more snacks when watching TV"":[""Agree""],""I try to limit how often I snack"":[""Disagree""]}",16.7
demo-consumer,co-018,co-q16,choice,On which occasions do you snack? Select all that apply.,Road trips; Mid-afternoon at work; Late at night; Picnics and outdoors,6.8
demo-consumer,co-018,co-q17,open,"If you could change one thing about Kettlebird, what would it be?","Lower the price a little, it's hard to justify over the supermarket's own brand.",27
demo-consumer,co-018,co-q18,choice,How likely are you to buy Kettlebird in the next month?,Very likely,9.2
demo-consumer,co-019,co-q01,choice,Which best describes how often you eat packaged savoury snacks?,Rarely or never,14.5
demo-consumer,co-019,co-q02,choice,Which snack brands have you bought in the last three months? Select all that apply.,Marsh & Fennel; Pop Hollow,16.1
demo-consumer,co-019,co-q03,matrix,"Thinking about Kettlebird crisps, how much do you agree with each statement?","{""Kettlebird tastes better than other brands"":[""Neither agree nor disagree""],""Kettlebird is good value for money"":[""Disagree""],""Kettlebird uses quality ingredients"":[""Neither agree nor disagree""],""Kettlebird is a brand I trust"":[""Neither agree nor disagree""],""Kettlebird is easy to find in shops"":[""Agree""],""Kettlebird is a brand for people like me"":[""Agree""]}",63.7
demo-consumer,co-019,co-q04,open,What comes to mind when you think of Kettlebird?,"Crunchy, a bit greasy, the kind of crisps you buy when you want something better than the supermarket brand.",60.6
demo-consumer,co-019,co-q05,choice,Where do you usually buy snacks? Select all that apply.,Vending machine,20.5
demo-consumer,co-019,co-q06,scale,"How would you rate Kettlebird on taste? (1 = poor, 5 = excellent)",4,5.8
demo-consumer,co-019,co-q07,scale,"How would you rate Kettlebird on price? (1 = poor, 5 = excellent)",3,8.8
demo-consumer,co-019,co-q08,scale,"How would you rate Kettlebird on packaging? (1 = poor, 5 = excellent)",3,3.8
demo-consumer,co-019,co-q09,scale,"How would you rate Kettlebird on availability? (1 = poor, 5 = excellent)",4,6.4
demo-consumer,co-019,co-q10,scale,"How would you rate Kettlebird on variety? (1 = poor, 5 = excellent)",4,2.5
demo-consumer,co-019,co-q11,scale,"How would you rate Kettlebird on healthiness? (1 = poor, 5 = excellent)",4,5.6
demo-consumer,co-019,co-q12,matrix,How much do you agree with these statements about snack packaging?,"{""Resealable bags are important to me"":[""Disagree""],""I notice the packaging design when choosing snacks"":[""Neither agree nor disagree""],""Paper packaging makes me think a brand is sustainable"":[""Strongly agree""],""I read the ingredient list before buying"":[""Disagree""],""Sharing bags are too large for me"":[""Agree""],""Clear nutrition labels influence what I buy"":[""Agree""]}",36
demo-consumer,co-019,co-q13,open,Have you tried the new Kettlebird Sea Salt & Thyme flavour?,Yes,9.6
demo-consumer,co-019,co-q14,choice,Which flavours would you like Kettlebird to launch next? Select all that apply.,Smoked paprika,15.2
demo-consumer,co-019,co-q15,matrix,How much do you agree with these statements about snacking occasions?,"{""I snack mainly in the evening"":[""Agree""],""I buy snacks on impulse"":[""Agree""],""I plan snacks as part of the weekly shop"":[""Neither agree nor disagree""],""I prefer savoury snacks over sweet ones"":[""Strongly agree""],""I eat more snacks when watching TV"":[""Disagree""],""I try to limit how often I snack"":[""Agree""]}",33.9
demo-consumer,co-019,co-q16,choice,On which occasions do you snack? Select all that apply.,Watching films or TV; Road trips; Parties and gatherings,8.5
demo-consumer,co-019,co-q17,open,"If you could change one thing about Kettlebird, what would it be?","Bring back the mature cheddar flavour, that was my favourite. Just my opinion.",51.8
demo-consumer,co-019,co-q18,choice,How likely are you to buy Kettlebird in the next month?,Not sure,7.2
demo-consumer,co-020,co-q01,choice,Which best describes how often you eat packaged savoury snacks?,A few times a month,5.2
demo-consumer,co-020,co-q02,choice,Which snack brands have you bought in the last three months? Select all that apply.,None of these,15.4
demo-consumer,co-020,co-q03,matrix,"Thinking about Kettlebird crisps, how much do you agree with each statement?","{""Kettlebird tastes better than other brands"":[""Disagree""],""Kettlebird is good value for money"":[""Neither agree nor disagree""],""Kettlebird uses quality ingredients"":[""Neither agree nor disagree""],""Kettlebird is a brand I trust"":[""Disagree""],""Kettlebird is easy to find in shops"":[""Neither agree nor disagree""],""Kettlebird is a brand for people like me"":[""Disagree""]}",57
demo-consumer,co-020,co-q04,open,What comes to mind when you think of Kettlebird?,"Honest ingredients and a short list on the back, I like that they don't hide stuff.",44.1
demo-consumer,co-020,co-q05,choice,Where do you usually buy snacks? Select all that apply.,Farm shop or deli; Discount store,15
demo-consumer,co-020,co-q06,scale,"How would you rate Kettlebird on taste? (1 = poor, 5 = excellent)",2,3.1
demo-consumer,co-020,co-q07,scale,"How would you rate Kettlebird on price? (1 = poor, 5 = excellent)",2,9.6
demo-consumer,co-020,co-q08,scale,"How would you rate Kettlebird on packaging? (1 = poor, 5 = excellent)",3,5
demo-consumer,co-020,co-q09,scale,"How would you rate Kettlebird on availability? (1 = poor, 5 = excellent)",5,3.4
demo-consumer,co-020,co-q10,scale,"How would you rate Kettlebird on variety? (1 = poor, 5 = excellent)",3,4.4
demo-consumer,co-020,co-q11,scale,"How would you rate Kettlebird on healthiness? (1 = poor, 5 = excellent)",3,2.9
demo-consumer,co-020,co-q12,matrix,How much do you agree with these statements about snack packaging?,"{""Resealable bags are important to me"":[""Agree""],""I notice the packaging design when choosing snacks"":[""Disagree""],""Paper packaging makes me think a brand is sustainable"":[""Disagree""],""I read the ingredient list before buying"":[""Agree""],""Sharing bags are too large for me"":[""Neither agree nor disagree""],""Clear nutrition labels influence what I buy"":[""Agree""]}",18.1
demo-consumer,co-020,co-q13,open,Have you tried the new Kettlebird Sea Salt & Thyme flavour?,"Not yet, but it's on my list for the weekend shop",23.7
demo-consumer,co-020,co-q14,choice,Which flavours would you like Kettlebird to launch next? Select all that apply.,Sour cream & chive; Plain unsalted,25.1
demo-consumer,co-020,co-q15,matrix,How much do you agree with these statements about snacking occasions?,"{""I snack mainly in the evening"":[""Strongly disagree""],""I buy snacks on impulse"":[""Disagree""],""I plan snacks as part of the weekly shop"":[""Disagree""],""I prefer savoury snacks over sweet ones"":[""Agree""],""I eat more snacks when watching TV"":[""Disagree""],""I try to limit how often I snack"":[""Disagree""]}",36
demo-consumer,co-020,co-q16,choice,On which occasions do you snack? Select all that apply.,Parties and gatherings,17.5
demo-consumer,co-020,co-q17,open,"If you could change one thing about Kettlebird, what would it be?","A clearer label about allergens, the print is tiny. That would make me buy them more often.",54.1
demo-consumer,co-020,co-q18,choice,How likely are you to buy Kettlebird in the next month?,Very likely,6.4
demo-consumer,co-021,co-q01,choice,Which best describes how often you eat packaged savoury snacks?,A few times a week,37.8
demo-consumer,co-021,co-q02,choice,Which snack brands have you bought in the last three months? Select all that apply.,Kettlebird; Marsh & Fennel; Pop Hollow; Crunchfield; Saltwater Co.; Brindle Snacks; Tumbleroot; Supermarket own brand; None of these,7.4
demo-consumer,co-021,co-q03,matrix,"Thinking about Kettlebird crisps, how much do you agree with each statement?","{""Kettlebird tastes better than other brands"":[""Neither agree nor disagree""],""Kettlebird is good value for money"":[""Disagree""],""Kettlebird uses quality ingredients"":[""Disagree""],""Kettlebird is a brand I trust"":[""Agree""],""Kettlebird is easy to find in shops"":[""Disagree""],""Kettlebird is a brand for people like me"":[""Neither agree nor disagree""]}",55.9
demo-consumer,co-021,co-q04,open,What comes to mind when you think of Kettlebird?,"The orange kettle logo and that strong vinegar flavour, I always think of pub snacks",92.6
demo-consumer,co-021,co-q05,choice,Where do you usually buy snacks? Select all that apply.,Large supermarket; Local convenience store; Petrol station; Online grocery delivery; Farm shop or deli; Vending machine; Cinema or venue; Discount store; Somewhere else,5.2
demo-consumer,co-021,co-q06,scale,"How would you rate Kettlebird on taste? (1 = poor, 5 = excellent)",2,6.8
demo-consumer,co-021,co-q07,scale,"How would you rate Kettlebird on price? (1 = poor, 5 = excellent)",3,6.1
demo-consumer,co-021,co-q08,scale,"How would you rate Kettlebird on packaging? (1 = poor, 5 = excellent)",3,8.5
demo-consumer,co-021,co-q09,scale,"How would you rate Kettlebird on availability? (1 = poor, 5 = excellent)",3,5.8
demo-consumer,co-021,co-q10,scale,"How would you rate Kettlebird on variety? (1 = poor, 5 = excellent)",4,3.5
demo-consumer,co-021,co-q11,scale,"How would you rate Kettlebird on healthiness? (1 = poor, 5 = excellent)",3,4.6
demo-consumer,co-021,co-q12,matrix,How much do you agree with these statements about snack packaging?,"{""Resealable bags are important to me"":[""Disagree""],""I notice the packaging design when choosing snacks"":[""Strongly disagree""],""Paper packaging makes me think a brand is sustainable"":[""Neither agree nor disagree""],""I read the ingredient list before buying"":[""Agree""],""Sharing bags are too large for me"":[""Neither agree nor disagree""],""Clear nutrition labels influence what I buy"":[""Neither agree nor disagree""]}",65.5
demo-consumer,co-021,co-q13,open,Have you tried the new Kettlebird Sea Salt & Thyme flavour?,"No, herb flavours aren't really my thing, I stick to salt and vinegar.",35.6
demo-consumer,co-021,co-q14,choice,Which flavours would you like Kettlebird to launch next? Select all that apply.,Smoked paprika; Sour cream & chive; Black pepper & lime; Honey mustard; Truffle; Sweet chilli; Salted caramel; Wasabi; Rosemary & garlic; Pickled onion; Plain unsalted,8.6
demo-consumer,co-021,co-q15,matrix,How much do you agree with these statements about snacking occasions?,"{""I snack mainly in the evening"":[""Agree""],""I buy snacks on impulse"":[""Agree""],""I plan snacks as part of the weekly shop"":[""Neither agree nor disagree""],""I prefer savoury snacks over sweet ones"":[""Neither agree nor disagree""],""I eat more snacks when watching TV"":[""Neither agree nor disagree""],""I try to limit how often I snack"":[""Agree""]}",70.8
demo-consumer,co-021,co-q16,choice,On which occasions do you snack? Select all that apply.,With a drink in the evening; At lunch; Watching films or TV; Road trips; Parties and gatherings; Mid-afternoon at work; Picnics and outdoors,5.8
demo-consumer,co-021,co-q17,open,"If you could change one thing about Kettlebird, what would it be?",Decent snack.,15.3
demo-consumer,co-021,co-q18,choice,How likely are you to buy Kettlebird in the next month?,Very unlikely,24.3
demo-consumer,co-022,co-q01,choice,Which best describes how often you eat packaged savoury snacks?,Most days,6.4
demo-consumer,co-022,co-q02,choice,Which snack brands have you bought in the last three months? Select all that apply.,Kettlebird; Marsh & Fennel; Pop Hollow; Crunchfield; Old Mill Crisps; Brindle Snacks; Tumbleroot; Supermarket own brand; None of these,8.7
demo-consumer,co-022,co-q03,matrix,"Thinking about Kettlebird crisps, how much do you agree with each statement?","{""Kettlebird tastes better than other brands"":[""Agree""],""Kettlebird is good value for money"":[""Agree""],""Kettlebird uses quality ingredients"":[""Strongly agree""],""Kettlebird is a brand I trust"":[""Neither agree nor disagree""],""Kettlebird is easy to find in shops"":[""Neither agree nor disagree""],""Kettlebird is a brand for people like me"":[""Strongly disagree""]}",51.4
demo-consumer,co-022,co-q04,open,What comes to mind when you think of Kettlebird?,"The orange kettle logo and that strong vinegar flavour, I always think of pub snacks.",53.8
demo-consumer,co-022,co-q05,choice,Where do you usually buy snacks? Select all that apply.,Large supermarket; Local convenience store; Petrol station; Online grocery delivery; Farm shop or deli; Vending machine; Cinema or venue; Discount store; Somewhere else,5.3
demo-consumer,co-022,co-q06,scale,"How would you rate Kettlebird on taste? (1 = poor, 5 = excellent)",3,9.1
demo-consumer,co-022,co-q07,scale,"How would you rate Kettlebird on price? (1 = poor, 5 = excellent)",3,10.6
demo-consumer,co-022,co-q08,scale,"How would you rate Kettlebird on packaging? (1 = poor, 5 = excellent)",4,2.6
demo-consumer,co-022,co-q09,scale,"How would you rate Kettlebird on availability? (1 = poor, 5 = excellent)",3,4.6
demo-consumer,co-022,co-q10,scale,"How would you rate Kettlebird on variety? (1 = poor, 5 = excellent)",4,4.7
demo-consumer,co-022,co-q11,scale,"How would you rate Kettlebird on healthiness? (1 = poor, 5 = excellent)",3,1.4
demo-consumer,co-022,co-q12,matrix,How much do you agree with these statements about snack packaging?,"{""Resealable bags are important to me"":[""Disagree""],""I notice the packaging design when choosing snacks"":[""Neither agree nor disagree""],""Paper packaging makes me think a brand is sustainable"":[""Agree""],""I read the ingredient list before buying"":[""Agree""],""Sharing bags are too large for me"":[""Strongly agree""],""Clear nutrition labels influence what I buy"":[""Agree""]}",66.4
demo-consumer,co-022,co-q13,open,Have you tried the new Kettlebird Sea Salt & Thyme flavour?,They are fine.,34
demo-consumer,co-022,co-q14,choice,Which flavours would you like Kettlebird to launch next? Select all that apply.,Smoked paprika; Sour cream & chive; Black pepper & lime; Honey mustard; Sweet chilli; Cheese & onion; Salted caramel; Wasabi; Rosemary & garlic; Pickled onion; Plain unsalted,8.4
demo-consumer,co-022,co-q15,matrix,How much do you agree with these statements about snacking occasions?,"{""I snack mainly in the evening"":[""Neither agree nor disagree""],""I buy snacks on impulse"":[""Strongly disagree""],""I plan snacks as part of the weekly shop"":[""Disagree""],""I prefer savoury snacks over sweet ones"":[""Agree""],""I eat more snacks when watching TV"":[""Disagree""],""I try to limit how often I snack"":[""Neither agree nor disagree""]}",42.1
demo-consumer,co-022,co-q16,choice,On which occasions do you snack? Select all that apply.,With a drink in the evening; At lunch; Watching films or TV; Road trips; Parties and gatherings; Mid-afternoon at work; Late at night; Picnics and outdoors,7.4
demo-consumer,co-022,co-q17,open,"If you could change one thing about Kettlebird, what would it be?","lower the price a little, it's hard to justify over the supermarket's own brand. Small thing but it matters.",77.6
demo-consumer,co-022,co-q18,choice,How likely are you to buy Kettlebird in the next month?,Very unlikely,12.5
demo-consumer,co-023,co-q01,choice,Which best describes how often you eat packaged savoury snacks?,Rarely or never,1.5
demo-consumer,co-023,co-q02,choice,Which snack brands have you bought in the last three months? Select all that apply.,Pop Hollow,4.9
demo-consumer,co-023,co-q03,matrix,"Thinking about Kettlebird crisps, how much do you agree with each statement?","{""Kettlebird tastes better than other brands"":[""Strongly disagree""],""Kettlebird is good value for money"":[""Strongly disagree""],""Kettlebird uses quality ingredients"":[""Strongly disagree""],""Kettlebird is a brand I trust"":[""Strongly disagree""],""Kettlebird is easy to find in shops"":[""Strongly disagree""],""Kettlebird is a brand for people like me"":[""Strongly disagree""]}",6.8
demo-consumer,co-023,co-q04,open,What comes to mind when you think of Kettlebird?,no,7.2
demo-consumer,co-023,co-q05,choice,Where do you usually buy snacks? Select all that apply.,Local convenience store,3.2
demo-consumer,co-023,co-q06,scale,"How would you rate Kettlebird on taste? (1 = poor, 5 = excellent)",5,0.6
demo-consumer,co-023,co-q07,scale,"How would you rate Kettlebird on price? (1 = poor, 5 = excellent)",5,1
demo-consumer,co-023,co-q08,scale,"How would you rate Kettlebird on packaging? (1 = poor, 5 = excellent)",5,0.6
demo-consumer,co-023,co-q09,scale,"How would you rate Kettlebird on availability? (1 = poor, 5 = excellent)",5,1.2
demo-consumer,co-023,co-q10,scale,"How would you rate Kettlebird on variety? (1 = poor, 5 = excellent)",5,0.6
demo-consumer,co-023,co-q11,scale,"How would you rate Kettlebird on healthiness? (1 = poor, 5 = excellent)",5,0.6
demo-consumer,co-023,co-q12,matrix,How much do you agree with these statements about snack packaging?,"{""Resealable bags are important to me"":[""Strongly disagree""],""I notice the packaging design when choosing snacks"":[""Strongly disagree""],""Paper packaging makes me think a brand is sustainable"":[""Strongly disagree""],""I read the ingredient list before buying"":[""Strongly disagree""],""Sharing bags are too large for me"":[""Strongly disagree""],""Clear nutrition labels influence what I buy"":[""Strongly disagree""]}",12
demo-consumer,co-023,co-q13,open,Have you tried the new Kettlebird Sea Salt & Thyme flavour?,easy,4
demo-consumer,co-023,co-q14,choice,Which flavours would you like Kettlebird to launch next? Select all that apply.,Pickled onion,2.1
demo-consumer,co-023,co-q15,matrix,How much do you agree with these statements about snacking occasions?,"{""I snack mainly in the evening"":[""Agree""],""I buy snacks on impulse"":[""Agree""],""I plan snacks as part of the weekly shop"":[""Agree""],""I prefer savoury snacks over sweet ones"":[""Agree""],""I eat more snacks when watching TV"":[""Agree""],""I try to limit how often I snack"":[""Agree""]}",5.3
demo-consumer,co-023,co-q16,choice,On which occasions do you snack? Select all that apply.,Road trips,0.9
demo-consumer,co-023,co-q17,open,"If you could change one thing about Kettlebird, what would it be?",it was ok,6.4
demo-consumer,co-023,co-q18,choice,How likely are you to buy Kettlebird in the next month?,Not sure,1.8
demo-consumer,co-024,co-q01,choice,Which best describes how often you eat packaged savoury snacks?,A few times a week,11
demo-consumer,co-024,co-q02,choice,Which snack brands have you bought in the last three months? Select all that apply.,Marsh & Fennel; Pop Hollow; Tumbleroot,13
demo-consumer,co-024,co-q03,matrix,"Thinking about Kettlebird crisps, how much do you agree with each statement?","{""Kettlebird tastes better than other brands"":[""Neither agree nor disagree""],""Kettlebird is good value for money"":[""Neither agree nor disagree""],""Kettlebird uses quality ingredients"":[""Agree""],""Kettlebird is a brand I trust"":[""Neither agree nor disagree""],""Kettlebird is easy to find in shops"":[""Strongly agree""],""Kettlebird is a brand for people like me"":[""Agree""]}",33.4
demo-consumer,co-024,co-q04,open,What comes to mind when you think of Kettlebird?,"Quality potatoes, you can tell from the texture.",33.9
demo-consumer,co-024,co-q05,choice,Where do you usually buy snacks? Select all that apply.,Online grocery delivery; Discount store; Somewhere else,16.4
demo-consumer,co-024,co-q06,scale,"How would you rate Kettlebird on taste? (1 = poor, 5 = excellent)",3,6.8
demo-consumer,co-024,co-q07,scale,"How would you rate Kettlebird on price? (1 = poor, 5 = excellent)",3,4.2
demo-consumer,co-024,co-q08,scale,"How would you rate Kettlebird on packaging? (1 = poor, 5 = excellent)",4,2.6
demo-consumer,co-024,co-q09,scale,"How would you rate Kettlebird on availability? (1 = poor, 5 = excellent)",3,5.1
demo-consumer,co-024,co-q10,scale,"How would you rate Kettlebird on variety? (1 = poor, 5 = excellent)",2,4.9
demo-consumer,co-024,co-q11,scale,"How would you rate Kettlebird on healthiness? (1 = poor, 5 = excellent)",3,2.5
demo-consumer,co-024,co-q12,matrix,How much do you agree with these statements about snack packaging?,"{""Resealable bags are important to me"":[""Agree""],""I notice the packaging design when choosing snacks"":[""Neither agree nor disagree""],""Paper packaging makes me think a brand is sustainable"":[""Strongly disagree""],""I read the ingredient list before buying"":[""Neither agree nor disagree""],""Sharing bags are too large for me"":[""Agree""],""Clear nutrition labels influence what I buy"":[""Neither agree nor disagree""]}",49.9
demo-consumer,co-024,co-q13,open,Have you tried the new Kettlebird Sea Salt & Thyme flavour?,Yes.,7.8
demo-consumer,co-024,co-q14,choice,Which flavours would you like Kettlebird to launch next? Select all that apply.,Smoked paprika; Sour cream & chive; Black pepper & lime; Truffle; Cheese & onion; Salted caramel,21.3
demo-consumer,co-024,co-q15,matrix,How much do you agree with these statements about snacking occasions?,"{""I snack mainly in the evening"":[""Agree""],""I buy snacks on impulse"":[""Agree""],""I plan snacks as part of the weekly shop"":[""Agree""],""I prefer savoury snacks over sweet ones"":[""Neither agree nor disagree""],""I eat more snacks when watching TV"":[""Neither agree nor disagree""],""I try to limit how often I snack"":[""Agree""]}",39.2
demo-consumer,co-024,co-q16,choice,On which occasions do you snack? Select all that apply.,With a drink in the evening; Late at night; Picnics and outdoors,20
demo-consumer,co-024,co-q17,open,"If you could change one thing about Kettlebird, what would it be?","better availability, I can only find them in two shops near me. Just my opinion.",32.4
demo-consumer,co-024,co-q18,choice,How likely are you to buy Kettlebird in the next month?,Very unlikely,8.5
demo-consumer,co-025,co-q01,choice,Which best describes how often you eat packaged savoury snacks?,Every day,9.3
demo-consumer,co-025,co-q02,choice,Which snack brands have you bought in the last three months? Select all that apply.,Kettlebird; Crunchfield; Old Mill Crisps; Tumbleroot; Supermarket own brand,27.5
demo-consumer,co-025,co-q03,matrix,"Thinking about Kettlebird crisps, how much do you agree with each statement?","{""Kettlebird tastes better than other brands"":[""Strongly agree""],""Kettlebird is good value for money"":[""Disagree""],""Kettlebird uses quality ingredients"":[""Neither agree nor disagree""],""Kettlebird is a brand I trust"":[""Agree""],""Kettlebird is easy to find in shops"":[""Disagree""],""Kettlebird is a brand for people like me"":[""Disagree""]}",77.8
demo-consumer,co-025,co-q04,open,What comes to mind when you think of Kettlebird?,"The orange kettle logo and that strong vinegar flavour, I always think of pub snacks. My kids like them too.",86.2
demo-consumer,co-025,co-q05,choice,Where do you usually buy snacks? Select all that apply.,Large supermarket; Farm shop or deli,15.2
demo-consumer,co-025,co-q06,scale,"How would you rate Kettlebird on taste? (1 = poor, 5 = excellent)",4,4.5
demo-consumer,co-025,co-q07,scale,"How would you rate Kettlebird on price? (1 = poor, 5 = excellent)",3,6.2
demo-consumer,co-025,co-q08,scale,"How would you rate Kettlebird on packaging? (1 = poor, 5 = excellent)",3,5.6
demo-consumer,co-025,co-q09,scale,"How would you rate Kettlebird on availability? (1 = poor, 5 = excellent)",2,9.7
demo-consumer,co-025,co-q10,scale,"How would you rate Kettlebird on variety? (1 = poor, 5 = excellent)",2,7.3
demo-consumer,co-025,co-q11,scale,"How would you rate Kettlebird on healthiness? (1 = poor, 5 = excellent)",3,5.6
demo-consumer,co-025,co-q12,matrix,How much do you agree with these statements about snack packaging?,"{""Resealable bags are important to me"":[""Agree""],""I notice the packaging design when choosing snacks"":[""Neither agree nor disagree""],""Paper packaging makes me think a brand is sustainable"":[""Neither agree nor disagree""],""I read the ingredient list before buying"":[""Strongly agree""],""Sharing bags are too large for me"":[""Agree""],""Clear nutrition labels influence what I buy"":[""Agree""]}",15
demo-consumer,co-025,co-q13,open,Have you tried the new Kettlebird Sea Salt & Thyme flavour?,"No, I haven't seen it in my local shop yet, I'd try it if I spotted it.",29.8
demo-consumer,co-025,co-q14,choice,Which flavours would you like Kettlebird to launch next? Select all that apply.,Truffle; Wasabi,18.2
demo-consumer,co-025,co-q15,matrix,How much do you agree with these statements about snacking occasions?,"{""I snack mainly in the evening"":[""Agree""],""I buy snacks on impulse"":[""Neither agree nor disagree""],""I plan snacks as part of the weekly shop"":[""Agree""],""I prefer savoury snacks over sweet ones"":[""Neither agree nor disagree""],""I eat more snacks when watching TV"":[""Agree""],""I try to limit how often I snack"":[""Neither agree nor disagree""]}",41.1
demo-consumer,co-025,co-q16,choice,On which occasions do you snack? Select all that apply.,With a drink in the evening; At lunch; Road trips; Late at night,5
demo-consumer,co-025,co-q17,open,"If you could change one thing about Kettlebird, what would it be?","Make the bags resealable, half the time the crisps go soft before I finish them.",32.2
demo-consumer,co-025,co-q18,choice,How likely are you to buy Kettlebird in the next month?,Not sure,7.2
demo-consumer,co-026,co-q01,choice,Which best describes how often you eat packaged savoury snacks?,A few times a month,5
demo-consumer,co-026,co-q02,choice,Which snack brands have you bought in the last three months? Select all that apply.,Kettlebird; Crunchfield; Tumbleroot,5.5
demo-consumer,co-026,co-q03,matrix,"Thinking about Kettlebird crisps, how much do you agree with each statement?","{""Kettlebird tastes better than other brands"":[""Agree""],""Kettlebird is good value for money"":[""Agree""],""Kettlebird uses quality ingredients"":[""Neither agree nor disagree""],""Kettlebird is a brand I trust"":[""Neither agree nor disagree""],""Kettlebird is easy to find in shops"":[""Agree""],""Kettlebird is a brand for people like me"":[""Agree""]}",25.7
demo-consumer,co-026,co-q04,open,What comes to mind when you think of Kettlebird?,"quality potatoes, you can tell from the texture. The bag is hard to reseal.",21.1
demo-consumer,co-026,co-q05,choice,Where do you usually buy snacks? Select all that apply.,Large supermarket; Local convenience store; Petrol station; Online grocery delivery; Cinema or venue,12.7
demo-consumer,co-026,co-q06,scale,"How would you rate Kettlebird on taste? (1 = poor, 5 = excellent)",5,1.3
demo-consumer,co-026,co-q07,scale,"How would you rate Kettlebird on price? (1 = poor, 5 = excellent)",4,2.6
demo-consumer,co-026,co-q08,scale,"How would you rate Kettlebird on packaging? (1 = poor, 5 = excellent)",4,3.4
demo-consumer,co-026,co-q09,scale,"How would you rate Kettlebird on availability? (1 = poor, 5 = excellent)",4,1
demo-consumer,co-026,co-q10,scale,"How would you rate Kettlebird on variety? (1 = poor, 5 = excellent)",4,1.8
demo-consumer,co-026,co-q11,scale,"How would you rate Kettlebird on healthiness? (1 = poor, 5 = excellent)",4,1.9
demo-consumer,co-026,co-q12,matrix,How much do you agree with these statements about snack packaging?,"{""Resealable bags are important to me"":[""Neither agree nor disagree""],""I notice the packaging design when choosing snacks"":[""Neither agree nor disagree""],""Paper packaging makes me think a brand is sustainable"":[""Neither agree nor disagree""],""I read the ingredient list before buying"":[""Agree""],""Sharing bags are too large for me"":[""Agree""],""Clear nutrition labels influence what I buy"":[""Agree""]}",27.7
demo-consumer,co-026,co-q13,open,Have you tried the new Kettlebird Sea Salt & Thyme flavour?,Yes,7.8
demo-consumer,co-026,co-q14,choice,Which flavours would you like Kettlebird to launch next? Select all that apply.,Smoked paprika; Cheese & onion,10.2
demo-consumer,co-026,co-q15,matrix,How much do you agree with these statements about snacking occasions?,"{""I snack mainly in the evening"":[""Agree""],""I buy snacks on impulse"":[""Neither agree nor disagree""],""I plan snacks as part of the weekly shop"":[""Agree""],""I prefer savoury snacks over sweet ones"":[""Strongly agree""],""I eat more snacks when watching TV"":[""Strongly agree""],""I try to limit how often I snack"":[""Strongly agree""]}",14.1
demo-consumer,co-026,co-q16,choice,On which occasions do you snack? Select all that apply.,With a drink in the evening,11.3
demo-consumer,co-026,co-q17,open,"If you could change one thing about Kettlebird, what would it be?","Make the bags resealable, half the time the crisps go soft before I finish them. Otherwise I'm happy with them.",53.6
demo-consumer,co-026,co-q18,choice,How likely are you to buy Kettlebird in the next month?,Not sure,10.4
demo-consumer,co-027,co-q01,choice,Which best describes how often you eat packaged savoury snacks?,Most days,7.1
demo-consumer,co-027,co-q02,choice,Which snack brands have you bought in the last three months? Select all that apply.,Pop Hollow; Old Mill Crisps; Saltwater Co.; Brindle Snacks; Supermarket own brand,14.1
demo-consumer,co-027,co-q03,matrix,"Thinking about Kettlebird crisps, how much do you agree with each statement?","{""Kettlebird tastes better than other brands"":[""Strongly disagree""],""Kettlebird is good value for money"":[""Agree""],""Kettlebird uses quality ingredients"":[""Neither agree nor disagree""],""Kettlebird is a brand I trust"":[""Neither agree nor disagree""],""Kettlebird is easy to find in shops"":[""Agree""],""Kettlebird is a brand for people like me"":[""Disagree""]}",24.8
demo-consumer,co-027,co-q04,open,What comes to mind when you think of Kettlebird?,"The chilli flavour is genuinely hot, which is rare for crisps. Could be cheaper though.",50.9
demo-consumer,co-027,co-q05,choice,Where do you usually buy snacks? Select all that apply.,Large supermarket; Farm shop or deli; Vending machine; Somewhere else,16
demo-consumer,co-027,co-q06,scale,"How would you rate Kettlebird on taste? (1 = poor, 5 = excellent)",4,6.1
demo-consumer,co-027,co-q07,scale,"How would you rate Kettlebird on price? (1 = poor, 5 = excellent)",3,3.2
demo-consumer,co-027,co-q08,scale,"How would you rate Kettlebird on packaging? (1 = poor, 5 = excellent)",2,3.6
demo-consumer,co-027,co-q09,scale,"How would you rate Kettlebird on availability? (1 = poor, 5 = excellent)",4,4.1
demo-consumer,co-027,co-q10,scale,"How would you rate Kettlebird on variety? (1 = poor, 5 = excellent)",4,2.4
demo-consumer,co-027,co-q11,scale,"How would you rate Kettlebird on healthiness? (1 = poor, 5 = excellent)",4,8
demo-consumer,co-027,co-q12,matrix,How much do you agree with these statements about snack packaging?,"{""Resealable bags are important to me"":[""Agree""],""I notice the packaging design when choosing snacks"":[""Neither agree nor disagree""],""Paper packaging makes me think a brand is sustainable"":[""Strongly agree""],""I read the ingredient list before buying"":[""Agree""],""Sharing bags are too large for me"":[""Neither agree nor disagree""],""Clear nutrition labels influence what I buy"":[""Neither agree nor disagree""]}",48.9
demo-consumer,co-027,co-q13,open,Have you tried the new Kettlebird Sea Salt & Thyme flavour?,Yep,6.1
demo-consumer,co-027,co-q14,choice,Which flavours would you like Kettlebird to launch next? Select all that apply.,Truffle; Salted caramel; Wasabi; Rosemary & garlic; Pickled onion,17.5
demo-consumer,co-027,co-q15,matrix,How much do you agree with these statements about snacking occasions?,"{""I snack mainly in the evening"":[""Neither agree nor disagree""],""I buy snacks on impulse"":[""Neither agree nor disagree""],""I plan snacks as part of the weekly shop"":[""Neither agree nor disagree""],""I prefer savoury snacks over sweet ones"":[""Disagree""],""I eat more snacks when watching TV"":[""Agree""],""I try to limit how often I snack"":[""Neither agree nor disagree""]}",57.2
demo-consumer,co-027,co-q16,choice,On which occasions do you snack? Select all that apply.,Road trips; Parties and gatherings,10.1
demo-consumer,co-027,co-q17,open,"If you could change one thing about Kettlebird, what would it be?","A clearer label about allergens, the print is tiny. Just my opinion.",35.8
demo-consumer,co-027,co-q18,choice,How likely are you to buy Kettlebird in the next month?,Likely,4.5
demo-consumer,co-028,co-q01,choice,Which best describes how often you eat packaged savoury snacks?,Rarely or never,2.3
demo-consumer,co-028,co-q02,choice,Which snack brands have you bought in the last three months? Select all that apply.,Kettlebird,7.8
demo-consumer,co-028,co-q03,matrix,"Thinking about Kettlebird crisps, how much do you agree with each statement?","{""Kettlebird tastes better than other brands"":[""Disagree""],""Kettlebird is good value for money"":[""Disagree""],""Kettlebird uses quality ingredients"":[""Disagree""],""Kettlebird is a brand I trust"":[""Disagree""],""Kettlebird is easy to find in shops"":[""Disagree""],""Kettlebird is a brand for people like me"":[""Disagree""]}",7.6
demo-consumer,co-028,co-q04,open,What comes to mind when you think of Kettlebird?,ok,14
demo-consumer,co-028,co-q05,choice,Where do you usually buy snacks? Select all that apply.,Online grocery delivery,4
demo-consumer,co-028,co-q06,scale,"How would you rate Kettlebird on taste? (1 = poor, 5 = excellent)",3,0.8
demo-consumer,co-028,co-q07,scale,"How would you rate Kettlebird on price? (1 = poor, 5 = excellent)",5,1.3
demo-consumer,co-028,co-q08,scale,"How would you rate Kettlebird on packaging? (1 = poor, 5 = excellent)",5,1.8
demo-consumer,co-028,co-q09,scale,"How would you rate Kettlebird on availability? (1 = poor, 5 = excellent)",5,1.3
demo-consumer,co-028,co-q10,scale,"How would you rate Kettlebird on variety? (1 = poor, 5 = excellent)",5,1.5
demo-consumer,co-028,co-q11,scale,"How would you rate Kettlebird on healthiness? (1 = poor, 5 = excellent)",5,0.6
demo-consumer,co-028,co-q12,matrix,How much do you agree with these statements about snack packaging?,"{""Resealable bags are important to me"":[""Strongly disagree""],""I notice the packaging design when choosing snacks"":[""Strongly disagree""],""Paper packaging makes me think a brand is sustainable"":[""Strongly disagree""],""I read the ingredient list before buying"":[""Strongly disagree""],""Sharing bags are too large for me"":[""Strongly disagree""],""Clear nutrition labels influence what I buy"":[""Strongly disagree""]}",19
demo-consumer,co-028,co-q13,open,Have you tried the new Kettlebird Sea Salt & Thyme flavour?,no,7.1
demo-consumer,co-028,co-q14,choice,Which flavours would you like Kettlebird to launch next? Select all that apply.,Cheese & onion,4.9
demo-consumer,co-028,co-q15,matrix,How much do you agree with these statements about snacking occasions?,"{""I snack mainly in the evening"":[""Strongly disagree""],""I buy snacks on impulse"":[""Strongly disagree""],""I plan snacks as part of the weekly shop"":[""Strongly disagree""],""I prefer savoury snacks over sweet ones"":[""Strongly disagree""],""I eat more snacks when watching TV"":[""Strongly disagree""],""I try to limit how often I snack"":[""Strongly disagree""]}",11.9
demo-consumer,co-028,co-q16,choice,On which occasions do you snack? Select all that apply.,Watching films or TV,3.5
demo-consumer,co-028,co-q17,open,"If you could change one thing about Kettlebird, what would it be?",nothing,11.4
demo-consumer,co-028,co-q18,choice,How likely are you to buy Kettlebird in the next month?,Very unlikely,3.1
demo-consumer,co-029,co-q01,choice,Which best describes how often you eat packaged savoury snacks?,A few times a week,7.3
demo-consumer,co-029,co-q02,choice,Which snack brands have you bought in the last three months? Select all that apply.,Brindle Snacks,12.5
demo-consumer,co-029,co-q03,matrix,"Thinking about Kettlebird crisps, how much do you agree with each statement?","{""Kettlebird tastes better than other brands"":[""Disagree""],""Kettlebird is good value for money"":[""Disagree""],""Kettlebird uses quality ingredients"":[""Neither agree nor disagree""],""Kettlebird is a brand I trust"":[""Disagree""],""Kettlebird is easy to find in shops"":[""Disagree""],""Kettlebird is a brand for people like me"":[""Strongly disagree""]}",24.5
demo-consumer,co-029,co-q04,open,What comes to mind when you think of Kettlebird?,Good crunch but too much salt on the paprika one.,16.6
demo-consumer,co-029,co-q05,choice,Where do you usually buy snacks? Select all that apply.,Online grocery delivery; Vending machine; Discount store; Somewhere else,11.8
demo-consumer,co-029,co-q06,scale,"How would you rate Kettlebird on taste? (1 = poor, 5 = excellent)",2,3.3
demo-consumer,co-029,co-q07,scale,"How would you rate Kettlebird on price? (1 = poor, 5 = excellent)",2,2.3
demo-consumer,co-029,co-q08,scale,"How would you rate Kettlebird on packaging? (1 = poor, 5 = excellent)",2,3
demo-consumer,co-029,co-q09,scale,"How would you rate Kettlebird on availability? (1 = poor, 5 = excellent)",4,2.4
demo-consumer,co-029,co-q10,scale,"How would you rate Kettlebird on variety? (1 = poor, 5 = excellent)",3,3.1
demo-consumer,co-029,co-q11,scale,"How would you rate Kettlebird on healthiness? (1 = poor, 5 = excellent)",3,3
demo-consumer,co-029,co-q12,matrix,How much do you agree with these statements about snack packaging?,"{""Resealable bags are important to me"":[""Strongly disagree""],""I notice the packaging design when choosing snacks"":[""Strongly disagree""],""Paper packaging makes me think a brand is sustainable"":[""Neither agree nor disagree""],""I read the ingredient list before buying"":[""Neither agree nor disagree""],""Sharing bags are too large for me"":[""Strongly disagree""],""Clear nutrition labels influence what I buy"":[""Neither agree nor disagree""]}",20.9
demo-consumer,co-029,co-q13,open,Have you tried the new Kettlebird Sea Salt & Thyme flavour?,Yes.,13.1
demo-consumer,co-029,co-q14,choice,Which flavours would you like Kettlebird to launch next? Select all that apply.,Wasabi; Rosemary & garlic,16.1
demo-consumer,co-029,co-q15,matrix,How much do you agree with these statements about snacking occasions?,"{""I snack mainly in the evening"":[""Disagree""],""I buy snacks on impulse"":[""Agree""],""I plan snacks as part of the weekly shop"":[""Disagree""],""I prefer savoury snacks over sweet ones"":[""Neither agree nor disagree""],""I eat more snacks when watching TV"":[""Disagree""],""I try to limit how often I snack"":[""Disagree""]}",38.2
demo-consumer,co-029,co-q16,choice,On which occasions do you snack? Select all that apply.,Parties and gatherings; Mid-afternoon at work,6
demo-consumer,co-029,co-q17,open,"If you could change one thing about Kettlebird, what would it be?",Add a baked or lower-fat option for people who want a lighter snack. Otherwise I'm happy with them.,22.5
demo-consumer,co-029,co-q18,choice,How likely are you to buy Kettlebird in the next month?,Not sure,9.1
demo-consumer,co-030,co-q01,choice,Which best describes how often you eat packaged savoury snacks?,Rarely or never,12.5
demo-consumer,co-030,co-q02,choice,Which snack brands have you bought in the last three months? Select all that apply.,Marsh & Fennel; Crunchfield; Saltwater Co.,13.9
demo-consumer,co-030,co-q03,matrix,"Thinking about Kettlebird crisps, how much do you agree with each statement?","{""Kettlebird tastes better than other brands"":[""Neither agree nor disagree""],""Kettlebird is good value for money"":[""Neither agree nor disagree""],""Kettlebird uses quality ingredients"":[""Neither agree nor disagree""],""Kettlebird is a brand I trust"":[""Neither agree nor disagree""],""Kettlebird is easy to find in shops"":[""Neither agree nor disagree""],""Kettlebird is a brand for people like me"":[""Neither agree nor disagree""]}",38.4
demo-consumer,co-030,co-q04,open,What comes to mind when you think of Kettlebird?,They are fine.,24.7
demo-consumer,co-030,co-q05,choice,Where do you usually buy snacks? Select all that apply.,Cinema or venue,26.8
demo-consumer,co-030,co-q06,scale,"How would you rate Kettlebird on taste? (1 = poor, 5 = excellent)",3,3.4
demo-consumer,co-030,co-q07,scale,"How would you rate Kettlebird on price? (1 = poor, 5 = excellent)",3,5.6
demo-consumer,co-030,co-q08,scale,"How would you rate Kettlebird on packaging? (1 = poor, 5 = excellent)",3,6.7
demo-consumer,co-030,co-q09,scale,"How would you rate Kettlebird on availability? (1 = poor, 5 = excellent)",3,6.2
demo-consumer,co-030,co-q10,scale,"How would you rate Kettlebird on variety? (1 = poor, 5 = excellent)",3,2.2
demo-consumer,co-030,co-q11,scale,"How would you rate Kettlebird on healthiness? (1 = poor, 5 = excellent)",3,5.6
demo-consumer,co-030,co-q12,matrix,How much do you agree with these statements about snack packaging?,"{""Resealable bags are important to me"":[""Neither agree nor disagree""],""I notice the packaging design when choosing snacks"":[""Neither agree nor disagree""],""Paper packaging makes me think a brand is sustainable"":[""Neither agree nor disagree""],""I read the ingredient list before buying"":[""Neither agree nor disagree""],""Sharing bags are too large for me"":[""Neither agree nor disagree""],""Clear nutrition labels influence what I buy"":[""Neither agree nor disagree""]}",25.9
demo-consumer,co-030,co-q13,open,Have you tried the new Kettlebird Sea Salt & Thyme flavour?,"yes, once at a friend's place, it tasted a bit like stuffing which I didn't mind.",50
demo-consumer,co-030,co-q14,choice,Which flavours would you like Kettlebird to launch next? Select all that apply.,Smoked paprika; Honey mustard; Truffle,18.7
demo-consumer,co-030,co-q15,matrix,How much do you agree with these statements about snacking occasions?,"{""I snack mainly in the evening"":[""Disagree""],""I buy snacks on impulse"":[""Disagree""],""I plan snacks as part of the weekly shop"":[""Disagree""],""I prefer savoury snacks over sweet ones"":[""Disagree""],""I eat more snacks when watching TV"":[""Disagree""],""I try to limit how often I snack"":[""Disagree""]}",37.4
demo-consumer,co-030,co-q16,choice,On which occasions do you snack? Select all that apply.,Parties and gatherings,9.1
demo-consumer,co-030,co-q17,open,"If you could change one thing about Kettlebird, what would it be?","The packaging looks dated, it needs a refresh.",28.7
demo-consumer,co-030,co-q18,choice,How likely are you to buy Kettlebird in the next month?,Very unlikely,7.2
demo-consumer,co-031,co-q01,choice,Which best describes how often you eat packaged savoury snacks?,A few times a week,6.6
demo-consumer,co-031,co-q02,choice,Which snack brands have you bought in the last three months? Select all that apply.,Crunchfield; Old Mill Crisps; Saltwater Co.; Brindle Snacks; Tumbleroot,8.3
demo-consumer,co-031,co-q03,matrix,"Thinking about Kettlebird crisps, how much do you agree with each statement?","{""Kettlebird tastes better than other brands"":[""Neither agree nor disagree""],""Kettlebird is good value for money"":[""Strongly disagree""],""Kettlebird uses quality ingredients"":[""Strongly disagree""],""Kettlebird is a brand I trust"":[""Strongly disagree""],""Kettlebird is easy to find in shops"":[""Agree""],""Kettlebird is a brand for people like me"":[""Disagree""]}",33.5
demo-consumer,co-031,co-q04,open,What comes to mind when you think of Kettlebird?,"Rustic packaging, farmer imagery, slightly premium positioning. Haven't had them in a while.",35.1
demo-consumer,co-031,co-q05,choice,Where do you usually buy snacks? Select all that apply.,Farm shop or deli; Somewhere else,27.1
demo-consumer,co-031,co-q06,scale,"How would you rate Kettlebird on taste? (1 = poor, 5 = excellent)",2,1.5
demo-consumer,co-031,co-q07,scale,"How would you rate Kettlebird on price? (1 = poor, 5 = excellent)",2,2.9
demo-consumer,co-031,co-q08,scale,"How would you rate Kettlebird on packaging? (1 = poor, 5 = excellent)",2,4.2
demo-consumer,co-031,co-q09,scale,"How would you rate Kettlebird on availability? (1 = poor, 5 = excellent)",3,4.8
demo-consumer,co-031,co-q10,scale,"How would you rate Kettlebird on variety? (1 = poor, 5 = excellent)",2,6.9
demo-consumer,co-031,co-q11,scale,"How would you rate Kettlebird on healthiness? (1 = poor, 5 = excellent)",2,3
demo-consumer,co-031,co-q12,matrix,How much do you agree with these statements about snack packaging?,"{""Resealable bags are important to me"":[""Strongly disagree""],""I notice the packaging design when choosing snacks"":[""Disagree""],""Paper packaging makes me think a brand is sustainable"":[""Neither agree nor disagree""],""I read the ingredient list before buying"":[""Disagree""],""Sharing bags are too large for me"":[""Strongly agree""],""Clear nutrition labels influence what I buy"":[""Strongly disagree""]}",52.7
demo-consumer,co-031,co-q13,open,Have you tried the new Kettlebird Sea Salt & Thyme flavour?,No,7.5
demo-consumer,co-031,co-q14,choice,Which flavours would you like Kettlebird to launch next? Select all that apply.,Sour cream & chive; Wasabi; Pickled onion,24.5
demo-consumer,co-031,co-q15,matrix,How much do you agree with these statements about snacking occasions?,"{""I snack mainly in the evening"":[""Neither agree nor disagree""],""I buy snacks on impulse"":[""Agree""],""I plan snacks as part of the weekly shop"":[""Disagree""],""I prefer savoury snacks over sweet ones"":[""Strongly disagree""],""I eat more snacks when watching TV"":[""Neither agree nor disagree""],""I try to limit how often I snack"":[""Neither agree nor disagree""]}",32.7
demo-consumer,co-031,co-q16,choice,On which occasions do you snack? Select all that apply.,Watching films or TV,24.5
demo-consumer,co-031,co-q17,open,"If you could change one thing about Kettlebird, what would it be?","Better availability, I can only find them in two shops near me.",73.2
demo-consumer,co-031,co-q18,choice,How likely are you to buy Kettlebird in the next month?,Likely,7.5
demo-consumer,co-032,co-q01,choice,Which best describes how often you eat packaged savoury snacks?,Every day,8.9
demo-consumer,co-032,co-q02,choice,Which snack brands have you bought in the last three months? Select all that apply.,Kettlebird; Pop Hollow; Saltwater Co.; Brindle Snacks; Supermarket own brand,23.1
demo-consumer,co-032,co-q03,matrix,"Thinking about Kettlebird crisps, how much do you agree with each statement?","{""Kettlebird tastes better than other brands"":[""Strongly disagree""],""Kettlebird is good value for money"":[""Disagree""],""Kettlebird uses quality ingredients"":[""Neither agree nor disagree""],""Kettlebird is a brand I trust"":[""Neither agree nor disagree""],""Kettlebird is easy to find in shops"":[""Agree""],""Kettlebird is a brand for people like me"":[""Neither agree nor disagree""]}",37.5
demo-consumer,co-032,co-q04,open,What comes to mind when you think of Kettlebird?,"Not a brand I know well, I've seen it in the premium aisle. Haven't had them in a while.",44.8
demo-consumer,co-032,co-q05,choice,Where do you usually buy snacks? Select all that apply.,Cinema or venue,11.5
demo-consumer,co-032,co-q06,scale,"How would you rate Kettlebird on taste? (1 = poor, 5 = excellent)",2,2.7
demo-consumer,co-032,co-q07,scale,"How would you rate Kettlebird on price? (1 = poor, 5 = excellent)",1,5.3
demo-consumer,co-032,co-q08,scale,"How would you rate Kettlebird on packaging? (1 = poor, 5 = excellent)",4,2
demo-consumer,co-032,co-q09,scale,"How would you rate Kettlebird on availability? (1 = poor, 5 = excellent)",3,4
demo-consumer,co-032,co-q10,scale,"How would you rate Kettlebird on variety? (1 = poor, 5 = excellent)",2,4.5
demo-consumer,co-032,co-q11,scale,"How would you rate Kettlebird on healthiness? (1 = poor, 5 = excellent)",2,2.8
demo-consumer,co-032,co-q12,matrix,How much do you agree with these statements about snack packaging?,"{""Resealable bags are important to me"":[""Neither agree nor disagree""],""I notice the packaging design when choosing snacks"":[""Disagree""],""Paper packaging makes me think a brand is sustainable"":[""Strongly disagree""],""I read the ingredient list before buying"":[""Strongly agree""],""Sharing bags are too large for me"":[""Neither agree nor disagree""],""Clear nutrition labels influence what I buy"":[""Neither agree nor disagree""]}",31.8
demo-consumer,co-032,co-q13,open,Have you tried the new Kettlebird Sea Salt & Thyme flavour?,yes,6.8
demo-consumer,co-032,co-q14,choice,Which flavours would you like Kettlebird to launch next? Select all that apply.,Sweet chilli,20
demo-consumer,co-032,co-q15,matrix,How much do you agree with these statements about snacking occasions?,"{""I snack mainly in the evening"":[""Strongly disagree""],""I buy snacks on impulse"":[""Agree""],""I plan snacks as part of the weekly shop"":[""Neither agree nor disagree""],""I prefer savoury snacks over sweet ones"":[""Agree""],""I eat more snacks when watching TV"":[""Agree""],""I try to limit how often I snack"":[""Neither agree nor disagree""]}",26.6
demo-consumer,co-032,co-q16,choice,On which occasions do you snack? Select all that apply.,At lunch; Watching films or TV,13.4
demo-consumer,co-032,co-q17,open,"If you could change one thing about Kettlebird, what would it be?",Add a baked or lower-fat option for people who want a lighter snack.,41.7
demo-consumer,co-032,co-q18,choice,How likely are you to buy Kettlebird in the next month?,Very unlikely,5
demo-consumer,co-033,co-q01,choice,Which best describes how often you eat packaged savoury snacks?,Rarely or never,11.3
demo-consumer,co-033,co-q02,choice,Which snack brands have you bought in the last three months? Select all that apply.,Pop Hollow; Crunchfield; Supermarket own brand,8.5
demo-consumer,co-033,co-q03,matrix,"Thinking about Kettlebird crisps, how much do you agree with each statement?","{""Kettlebird tastes better than other brands"":[""Strongly agree""],""Kettlebird is good value for money"":[""Strongly agree""],""Kettlebird uses quality ingredients"":[""Strongly agree""],""Kettlebird is a brand I trust"":[""Strongly agree""],""Kettlebird is easy to find in shops"":[""Strongly agree""],""Kettlebird is a brand for people like me"":[""Strongly agree""]}",64.6
demo-consumer,co-033,co-q04,open,What comes to mind when you think of Kettlebird?,Good crunch but too much salt on the paprika one.,52
demo-consumer,co-033,co-q05,choice,Where do you usually buy snacks? Select all that apply.,Large supermarket,19.7
demo-consumer,co-033,co-q06,scale,"How would you rate Kettlebird on taste? (1 = poor, 5 = excellent)",5,7.7
demo-consumer,co-033,co-q07,scale,"How would you rate Kettlebird on price? (1 = poor, 5 = excellent)",5,7.9
demo-consumer,co-033,co-q08,scale,"How would you rate Kettlebird on packaging? (1 = poor, 5 = excellent)",5,7.2
demo-consumer,co-033,co-q09,scale,"How would you rate Kettlebird on availability? (1 = poor, 5 = excellent)",5,5.2
demo-consumer,co-033,co-q10,scale,"How would you rate Kettlebird on variety? (1 = poor, 5 = excellent)",4,7
demo-consumer,co-033,co-q11,scale,"How would you rate Kettlebird on healthiness? (1 = poor, 5 = excellent)",4,8.1
demo-consumer,co-033,co-q12,matrix,How much do you agree with these statements about snack packaging?,"{""Resealable bags are important to me"":[""Agree""],""I notice the packaging design when choosing snacks"":[""Agree""],""Paper packaging makes me think a brand is sustainable"":[""Strongly agree""],""I read the ingredient list before buying"":[""Strongly agree""],""Sharing bags are too large for me"":[""Agree""],""Clear nutrition labels influence what I buy"":[""Strongly agree""]}",51.6
demo-consumer,co-033,co-q13,open,Have you tried the new Kettlebird Sea Salt & Thyme flavour?,"Yes, a bit too herby for me, I'd rather plain sea salt.",29.2
demo-consumer,co-033,co-q14,choice,Which flavours would you like Kettlebird to launch next? Select all that apply.,Cheese & onion; Salted caramel; Plain unsalted,15.4
demo-consumer,co-033,co-q15,matrix,How much do you agree with these statements about snacking occasions?,"{""I snack mainly in the evening"":[""Agree""],""I buy snacks on impulse"":[""Strongly agree""],""I plan snacks as part of the weekly shop"":[""Agree""],""I prefer savoury snacks over sweet ones"":[""Strongly agree""],""I eat more snacks when watching TV"":[""Agree""],""I try to limit how often I snack"":[""Strongly agree""]}",45.7
demo-consumer,co-033,co-q16,choice,On which occasions do you snack? Select all that apply.,At lunch,26.2
demo-consumer,co-033,co-q17,open,"If you could change one thing about Kettlebird, what would it be?","Bring back the mature cheddar flavour, that was my favourite",92.3
demo-consumer,co-033,co-q18,choice,How likely are you to buy Kettlebird in the next month?,Very likely,9.9
demo-consumer,co-034,co-q01,choice,Which best describes how often you eat packaged savoury snacks?,Every day,10.1
demo-consumer,co-034,co-q02,choice,Which snack brands have you bought in the last three months? Select all that apply.,Pop Hollow; Brindle Snacks,12.9
demo-consumer,co-034,co-q03,matrix,"Thinking about Kettlebird crisps, how much do you agree with each statement?","{""Kettlebird tastes better than other brands"":[""Neither agree nor disagree""],""Kettlebird is good value for money"":[""Strongly agree""],""Kettlebird uses quality ingredients"":[""Neither agree nor disagree""],""Kettlebird is a brand I trust"":[""Disagree""],""Kettlebird is easy to find in shops"":[""Agree""],""Kettlebird is a brand for people like me"":[""Neither agree nor disagree""]}",107.3
demo-consumer,co-034,co-q04,open,What comes to mind when you think of Kettlebird?,"I think of road trips, we always grab a bag at the services.",86.7
demo-consumer,co-034,co-q05,choice,Where do you usually buy snacks? Select all that apply.,Petrol station; Vending machine,15.6
demo-consumer,co-034,co-q06,scale,"How would you rate Kettlebird on taste? (1 = poor, 5 = excellent)",4,12
demo-consumer,co-034,co-q07,scale,"How would you rate Kettlebird on price? (1 = poor, 5 = excellent)",3,3.4
demo-consumer,co-034,co-q08,scale,"How would you rate Kettlebird on packaging? (1 = poor, 5 = excellent)",4,7.8
demo-consumer,co-034,co-q09,scale,"How would you rate Kettlebird on availability? (1 = poor, 5 = excellent)",4,7.2
demo-consumer,co-034,co-q10,scale,"How would you rate Kettlebird on variety? (1 = poor, 5 = excellent)",4,8.6
demo-consumer,co-034,co-q11,scale,"How would you rate Kettlebird on healthiness? (1 = poor, 5 = excellent)",3,4.9
demo-consumer,co-034,co-q12,matrix,How much do you agree with these statements about snack packaging?,"{""Resealable bags are important to me"":[""Strongly agree""],""I notice the packaging design when choosing snacks"":[""Disagree""],""Paper packaging makes me think a brand is sustainable"":[""Neither agree nor disagree""],""I read the ingredient list before buying"":[""Neither agree nor disagree""],""Sharing bags are too large for me"":[""Neither agree nor disagree""],""Clear nutrition labels influence what I buy"":[""Neither agree nor disagree""]}",48
demo-consumer,co-034,co-q13,open,Have you tried the new Kettlebird Sea Salt & Thyme flavour?,"Yes, tried it last week, the thyme is subtle and the salt level is about right.",64.7
demo-consumer,co-034,co-q14,choice,Which flavours would you like Kettlebird to launch next? Select all that apply.,Smoked paprika; Black pepper & lime; Sweet chilli; Rosemary & garlic,24.7
demo-consumer,co-034,co-q15,matrix,How much do you agree with these statements about snacking occasions?,"{""I snack mainly in the evening"":[""Strongly agree""],""I buy snacks on impulse"":[""Strongly agree""],""I plan snacks as part of the weekly shop"":[""Neither agree nor disagree""],""I prefer savoury snacks over sweet ones"":[""Neither agree nor disagree""],""I eat more snacks when watching TV"":[""Strongly agree""],""I try to limit how often I snack"":[""Agree""]}",45.7
demo-consumer,co-034,co-q16,choice,On which occasions do you snack? Select all that apply.,At lunch; Parties and gatherings; Picnics and outdoors,13.8
demo-consumer,co-034,co-q17,open,"If you could change one thing about Kettlebird, what would it be?","Make the bags resealable, half the time the crisps go soft before I finish them.",37.3
demo-consumer,co-034,co-q18,choice,How likely are you to buy Kettlebird in the next month?,Likely,12.2
demo-consumer,co-035,co-q01,choice,Which best describes how often you eat packaged savoury snacks?,Most days,9.9
demo-consumer,co-035,co-q02,choice,Which snack brands have you bought in the last three months? Select all that apply.,Brindle Snacks,19.1
demo-consumer,co-035,co-q03,matrix,"Thinking about Kettlebird crisps, how much do you agree with each statement?","{""Kettlebird tastes better than other brands"":[""Neither agree nor disagree""],""Kettlebird is good value for money"":[""Disagree""],""Kettlebird uses quality ingredients"":[""Neither agree nor disagree""],""Kettlebird is a brand I trust"":[""Neither agree nor disagree""],""Kettlebird is easy to find in shops"":[""Neither agree nor disagree""],""Kettlebird is a brand for people like me"":[""Neither agree nor disagree""]}",52.6
demo-consumer,co-035,co-q04,open,What comes to mind when you think of Kettlebird?,The sharing bags are huge and I never finish one on my own. Could be cheaper though.,72.8
demo-consumer,co-035,co-q05,choice,Where do you usually buy snacks? Select all that apply.,Petrol station; Cinema or venue; Discount store,7.4
demo-consumer,co-035,co-q06,scale,"How would you rate Kettlebird on taste? (1 = poor, 5 = excellent)",2,3.9
demo-consumer,co-035,co-q07,scale,"How would you rate Kettlebird on price? (1 = poor, 5 = excellent)",3,1.5
demo-consumer,co-035,co-q08,scale,"How would you rate Kettlebird on packaging? (1 = poor, 5 = excellent)",3,6.2
demo-consumer,co-035,co-q09,scale,"How would you rate Kettlebird on availability? (1 = poor, 5 = excellent)",3,2.4
demo-consumer,co-035,co-q10,scale,"How would you rate Kettlebird on variety? (1 = poor, 5 = excellent)",3,5.8
demo-consumer,co-035,co-q11,scale,"How would you rate Kettlebird on healthiness? (1 = poor, 5 = excellent)",3,5.1
demo-consumer,co-035,co-q12,matrix,How much do you agree with these statements about snack packaging?,"{""Resealable bags are important to me"":[""Disagree""],""I notice the packaging design when choosing snacks"":[""Agree""],""Paper packaging makes me think a brand is sustainable"":[""Disagree""],""I read the ingredient list before buying"":[""Agree""],""Sharing bags are too large for me"":[""Agree""],""Clear nutrition labels influence what I buy"":[""Agree""]}",42
demo-consumer,co-035,co-q13,open,Have you tried the new Kettlebird Sea Salt & Thyme flavour?,yes,5.4
demo-consumer,co-035,co-q14,choice,Which flavours would you like Kettlebird to launch next? Select all that apply.,Smoked paprika; Sweet chilli; Salted caramel; Wasabi; Rosemary & garlic; Plain unsalted,18.1
demo-consumer,co-035,co-q15,matrix,How much do you agree with these statements about snacking occasions?,"{""I snack mainly in the evening"":[""Neither agree nor disagree""],""I buy snacks on impulse"":[""Neither agree nor disagree""],""I plan snacks as part of the weekly shop"":[""Agree""],""I prefer savoury snacks over sweet ones"":[""Neither agree nor disagree""],""I eat more snacks when watching TV"":[""Neither agree nor disagree""],""I try to limit how often I snack"":[""Neither agree nor disagree""]}",52.4
demo-consumer,co-035,co-q16,choice,On which occasions do you snack? Select all that apply.,With a drink in the evening; At lunch,12.4
demo-consumer,co-035,co-q17,open,"If you could change one thing about Kettlebird, what would it be?","Nothing really, I'd keep them as they are. Otherwise I'm happy with them",56.1
demo-consumer,co-035,co-q18,choice,How likely are you to buy Kettlebird in the next month?,Unlikely,10.5
demo-consumer,co-036,co-q01,choice,Which best describes how often you eat packaged savoury snacks?,A few times a month,9.8
demo-consumer,co-036,co-q02,choice,Which snack brands have you bought in the last three months? Select all that apply.,Marsh & Fennel; Pop Hollow; Old Mill Crisps; Saltwater Co.; Tumbleroot,12.1
demo-consumer,co-036,co-q03,matrix,"Thinking about Kettlebird crisps, how much do you agree with each statement?","{""Kettlebird tastes better than other brands"":[""Agree""],""Kettlebird is good value for money"":[""Agree""],""Kettlebird uses quality ingredients"":[""Agree""],""Kettlebird is a brand I trust"":[""Agree""],""Kettlebird is easy to find in shops"":[""Agree""],""Kettlebird is a brand for people like me"":[""Agree""]}",17.1
demo-consumer,co-036,co-q04,open,What comes to mind when you think of Kettlebird?,Nice brand.,25.7
demo-consumer,co-036,co-q05,choice,Where do you usually buy snacks? Select all that apply.,Large supermarket; Cinema or venue; Discount store,12.9
demo-consumer,co-036,co-q06,scale,"How would you rate Kettlebird on taste? (1 = poor, 5 = excellent)",1,5.5
demo-consumer,co-036,co-q07,scale,"How would you rate Kettlebird on price? (1 = poor, 5 = excellent)",1,3.2
demo-consumer,co-036,co-q08,scale,"How would you rate Kettlebird on packaging? (1 = poor, 5 = excellent)",1,1.8
demo-consumer,co-036,co-q09,scale,"How would you rate Kettlebird on availability? (1 = poor, 5 = excellent)",1,3.3
demo-consumer,co-036,co-q10,scale,"How would you rate Kettlebird on variety? (1 = poor, 5 = excellent)",1,3.6
demo-consumer,co-036,co-q11,scale,"How would you rate Kettlebird on healthiness? (1 = poor, 5 = excellent)",1,2.1
demo-consumer,co-036,co-q12,matrix,How much do you agree with these statements about snack packaging?,"{""Resealable bags are important to me"":[""Neither agree nor disagree""],""I notice the packaging design when choosing snacks"":[""Neither agree nor disagree""],""Paper packaging makes me think a brand is sustainable"":[""Neither agree nor disagree""],""I read the ingredient list before buying"":[""Neither agree nor disagree""],""Sharing bags are too large for me"":[""Neither agree nor disagree""],""Clear nutrition labels influence what I buy"":[""Neither agree nor disagree""]}",16.9
demo-consumer,co-036,co-q13,open,Have you tried the new Kettlebird Sea Salt & Thyme flavour?,Tasty.,9.5
demo-consumer,co-036,co-q14,choice,Which flavours would you like Kettlebird to launch next? Select all that apply.,Sour cream & chive; Black pepper & lime; Honey mustard; Cheese & onion; Wasabi,16.2
demo-consumer,co-036,co-q15,matrix,How much do you agree with these statements about snacking occasions?,"{""I snack mainly in the evening"":[""Strongly disagree""],""I buy snacks on impulse"":[""Strongly disagree""],""I plan snacks as part of the weekly shop"":[""Strongly disagree""],""I prefer savoury snacks over sweet ones"":[""Strongly disagree""],""I eat more snacks when watching TV"":[""Strongly disagree""],""I try to limit how often I snack"":[""Strongly disagree""]}",22.3
demo-consumer,co-036,co-q16,choice,On which occasions do you snack? Select all that apply.,With a drink in the evening; Picnics and outdoors,13.6
demo-consumer,co-036,co-q17,open,"If you could change one thing about Kettlebird, what would it be?",Add a baked or lower-fat option for people who want a lighter snack.,42.8
demo-consumer,co-036,co-q18,choice,How likely are you to buy Kettlebird in the next month?,Not sure,8
demo-consumer,co-037,co-q01,choice,Which best describes how often you eat packaged savoury snacks?,Rarely or never,6.1
demo-consumer,co-037,co-q02,choice,Which snack brands have you bought in the last three months? Select all that apply.,Kettlebird; Crunchfield; Saltwater Co.; Brindle Snacks,16.4
demo-consumer,co-037,co-q03,matrix,"Thinking about Kettlebird crisps, how much do you agree with each statement?","{""Kettlebird tastes better than other brands"":[""Strongly disagree""],""Kettlebird is good value for money"":[""Strongly agree""],""Kettlebird uses quality ingredients"":[""Strongly disagree""],""Kettlebird is a brand I trust"":[""Strongly agree""],""Kettlebird is easy to find in shops"":[""Strongly disagree""],""Kettlebird is a brand for people like me"":[""Strongly agree""]}",27.1
demo-consumer,co-037,co-q04,open,What comes to mind when you think of Kettlebird?,"rustic packaging, farmer imagery, slightly premium positioning.",15.4
demo-consumer,co-037,co-q05,choice,Where do you usually buy snacks? Select all that apply.,Local convenience store; Cinema or venue,7.1
demo-consumer,co-037,co-q06,scale,"How would you rate Kettlebird on taste? (1 = poor, 5 = excellent)",2,5.6
demo-consumer,co-037,co-q07,scale,"How would you rate Kettlebird on price? (1 = poor, 5 = excellent)",2,2.9
demo-consumer,co-037,co-q08,scale,"How would you rate Kettlebird on packaging? (1 = poor, 5 = excellent)",2,1.7
demo-consumer,co-037,co-q09,scale,"How would you rate Kettlebird on availability? (1 = poor, 5 = excellent)",2,3.6
demo-consumer,co-037,co-q10,scale,"How would you rate Kettlebird on variety? (1 = poor, 5 = excellent)",2,9.2
demo-consumer,co-037,co-q11,scale,"How would you rate Kettlebird on healthiness? (1 = poor, 5 = excellent)",2,5.9
demo-consumer,co-037,co-q12,matrix,How much do you agree with these statements about snack packaging?,"{""Resealable bags are important to me"":[""Disagree""],""I notice the packaging design when choosing snacks"":[""Agree""],""Paper packaging makes me think a brand is sustainable"":[""Disagree""],""I read the ingredient list before buying"":[""Agree""],""Sharing bags are too large for me"":[""Disagree""],""Clear nutrition labels influence what I buy"":[""Agree""]}",27.1
demo-consumer,co-037,co-q13,open,Have you tried the new Kettlebird Sea Salt & Thyme flavour?,They are fine.,25.8
demo-consumer,co-037,co-q14,choice,Which flavours would you like Kettlebird to launch next? Select all that apply.,Black pepper & lime; Wasabi,11.5
demo-consumer,co-037,co-q15,matrix,How much do you agree with these statements about snacking occasions?,"{""I snack mainly in the evening"":[""Strongly disagree""],""I buy snacks on impulse"":[""Strongly agree""],""I plan snacks as part of the weekly shop"":[""Strongly disagree""],""I prefer savoury snacks over sweet ones"":[""Strongly agree""],""I eat more snacks when watching TV"":[""Strongly disagree""],""I try to limit how often I snack"":[""Strongly agree""]}",28.9
demo-consumer,co-037,co-q16,choice,On which occasions do you snack? Select all that apply.,Watching films or TV; Road trips; Late at night,11.2
demo-consumer,co-037,co-q17,open,"If you could change one thing about Kettlebird, what would it be?",Add a baked or lower-fat option for people who want a lighter snack,32.9
demo-consumer,co-037,co-q18,choice,How likely are you to buy Kettlebird in the next month?,Very unlikely,4.1
demo-consumer,co-038,co-q01,choice,Which best describes how often you eat packaged savoury snacks?,Rarely or never,1.5
demo-consumer,co-038,co-q02,choice,Which snack brands have you bought in the last three months? Select all that apply.,Pop Hollow,2.3
demo-consumer,co-038,co-q03,matrix,"Thinking about Kettlebird crisps, how much do you agree with each statement?","{""Kettlebird tastes better than other brands"":[""Strongly agree""],""Kettlebird is good value for money"":[""Strongly agree""],""Kettlebird uses quality ingredients"":[""Strongly agree""],""Kettlebird is a brand I trust"":[""Strongly agree""],""Kettlebird is easy to find in shops"":[""Strongly agree""],""Kettlebird is a brand for people like me"":[""Strongly agree""]}",4.7
demo-consumer,co-038,co-q04,open,What comes to mind when you think of Kettlebird?,nice,9.1
demo-consumer,co-038,co-q05,choice,Where do you usually buy snacks? Select all that apply.,Petrol station,1.6
demo-consumer,co-038,co-q06,scale,"How would you rate Kettlebird on taste? (1 = poor, 5 = excellent)",5,0.6
demo-consumer,co-038,co-q07,scale,"How would you rate Kettlebird on price? (1 = poor, 5 = excellent)",5,0.8
demo-consumer,co-038,co-q08,scale,"How would you rate Kettlebird on packaging? (1 = poor, 5 = excellent)",5,1.9
demo-consumer,co-038,co-q09,scale,"How would you rate Kettlebird on availability? (1 = poor, 5 = excellent)",2,1
demo-consumer,co-038,co-q10,scale,"How would you rate Kettlebird on variety? (1 = poor, 5 = excellent)",5,1
demo-consumer,co-038,co-q11,scale,"How would you rate Kettlebird on healthiness? (1 = poor, 5 = excellent)",5,0.8
demo-consumer,co-038,co-q12,matrix,How much do you agree with these statements about snack packaging?,"{""Resealable bags are important to me"":[""Neither agree nor disagree""],""I notice the packaging design when choosing snacks"":[""Neither agree nor disagree""],""Paper packaging makes me think a brand is sustainable"":[""Neither agree nor disagree""],""I read the ingredient list before buying"":[""Neither agree nor disagree""],""Sharing bags are too large for me"":[""Neither agree nor disagree""],""Clear nutrition labels influence what I buy"":[""Neither agree nor disagree""]}",5.3
demo-consumer,co-038,co-q13,open,Have you tried the new Kettlebird Sea Salt & Thyme flavour?,nothing,6.8
demo-consumer,co-038,co-q14,choice,Which flavours would you like Kettlebird to launch next? Select all that apply.,Black pepper & lime,3
demo-consumer,co-038,co-q15,matrix,How much do you agree with these statements about snacking occasions?,"{""I snack mainly in the evening"":[""Strongly disagree""],""I buy snacks on impulse"":[""Strongly disagree""],""I plan snacks as part of the weekly shop"":[""Strongly disagree""],""I prefer savoury snacks over sweet ones"":[""Strongly disagree""],""I eat more snacks when watching TV"":[""Strongly disagree""],""I try to limit how often I snack"":[""Strongly disagree""]}",9.2
demo-consumer,co-038,co-q16,choice,On which occasions do you snack? Select all that apply.,Road trips,1.3
demo-consumer,co-038,co-q17,open,"If you could change one thing about Kettlebird, what would it be?",nice,6.8
demo-consumer,co-038,co-q18,choice,How likely are you to buy Kettlebird in the next month?,Unlikely,1.5
demo-consumer,co-039,co-q01,choice,Which best describes how often you eat packaged savoury snacks?,Rarely or never,6.6
demo-consumer,co-039,co-q02,choice,Which snack brands have you bought in the last three months? Select all that apply.,Kettlebird; Pop Hollow; Old Mill Crisps; Supermarket own brand,10.8
demo-consumer,co-039,co-q03,matrix,"Thinking about Kettlebird crisps, how much do you agree with each statement?","{""Kettlebird tastes better than other brands"":[""Agree""],""Kettlebird is good value for money"":[""Strongly agree""],""Kettlebird uses quality ingredients"":[""Strongly agree""],""Kettlebird is a brand I trust"":[""Strongly agree""],""Kettlebird is easy to find in shops"":[""Agree""],""Kettlebird is a brand for people like me"":[""Agree""]}",26.6
demo-consumer,co-039,co-q04,open,What comes to mind when you think of Kettlebird?,"Honest ingredients and a short list on the back, I like that they don't hide stuff. Hell, I'd buy them again tomorrow.",34.5
demo-consumer,co-039,co-q05,choice,Where do you usually buy snacks? Select all that apply.,Large supermarket; Local convenience store; Petrol station; Farm shop or deli; Somewhere else,13.5
demo-consumer,co-039,co-q06,scale,"How would you rate Kettlebird on taste? (1 = poor, 5 = excellent)",4,3.5
demo-consumer,co-039,co-q07,scale,"How would you rate Kettlebird on price? (1 = poor, 5 = excellent)",5,3
demo-consumer,co-039,co-q08,scale,"How would you rate Kettlebird on packaging? (1 = poor, 5 = excellent)",4,5.9
demo-consumer,co-039,co-q09,scale,"How would you rate Kettlebird on availability? (1 = poor, 5 = excellent)",3,1.9
demo-consumer,co-039,co-q10,scale,"How would you rate Kettlebird on variety? (1 = poor, 5 = excellent)",4,5
demo-consumer,co-039,co-q11,scale,"How would you rate Kettlebird on healthiness? (1 = poor, 5 = excellent)",3,5.2
demo-consumer,co-039,co-q12,matrix,How much do you agree with these statements about snack packaging?,"{""Resealable bags are important to me"":[""Strongly agree""],""I notice the packaging design when choosing snacks"":[""Agree""],""Paper packaging makes me think a brand is sustainable"":[""Strongly agree""],""I read the ingredient list before buying"":[""Strongly agree""],""Sharing bags are too large for me"":[""Agree""],""Clear nutrition labels influence what I buy"":[""Neither agree nor disagree""]}",16
demo-consumer,co-039,co-q13,open,Have you tried the new Kettlebird Sea Salt & Thyme flavour?,"Yes, once at a friend's place, it tasted a bit like stuffing which I didn't mind.",27.4
demo-consumer,co-039,co-q14,choice,Which flavours would you like Kettlebird to launch next? Select all that apply.,Honey mustard; Sweet chilli; Wasabi; Rosemary & garlic; Plain unsalted,21.4
demo-consumer,co-039,co-q15,matrix,How much do you agree with these statements about snacking occasions?,"{""I snack mainly in the evening"":[""Strongly agree""],""I buy snacks on impulse"":[""Disagree""],""I plan snacks as part of the weekly shop"":[""Agree""],""I prefer savoury snacks over sweet ones"":[""Agree""],""I eat more snacks when watching TV"":[""Neither agree nor disagree""],""I try to limit how often I snack"":[""Agree""]}",32
demo-consumer,co-039,co-q16,choice,On which occasions do you snack? Select all that apply.,At lunch; Picnics and outdoors,10
demo-consumer,co-039,co-q17,open,"If you could change one thing about Kettlebird, what would it be?","A clearer label about allergens, the print is tiny. Hell, I'd buy them again tomorrow.",54.5
demo-consumer,co-039,co-q18,choice,How likely are you to buy Kettlebird in the next month?,Very likely,8.3
demo-consumer,co-040,co-q01,choice,Which best describes how often you eat packaged savoury snacks?,A few times a week,6.3
demo-consumer,co-040,co-q02,choice,Which snack brands have you bought in the last three months? Select all that apply.,Kettlebird; Old Mill Crisps; Saltwater Co.; Tumbleroot,14.7
demo-consumer,co-040,co-q03,matrix,"Thinking about Kettlebird crisps, how much do you agree with each statement?","{""Kettlebird tastes better than other brands"":[""Strongly agree""],""Kettlebird is good value for money"":[""Agree""],""Kettlebird uses quality ingredients"":[""Disagree""],""Kettlebird is a brand I trust"":[""Agree""],""Kettlebird is easy to find in shops"":[""Agree""],""Kettlebird is a brand for people like me"":[""Strongly agree""]}",53.7
demo-consumer,co-040,co-q04,open,What comes to mind when you think of Kettlebird?,The sharing bags are huge and I never finish one on my own.,97.4
demo-consumer,co-040,co-q05,choice,Where do you usually buy snacks? Select all that apply.,Local convenience store; Petrol station; Farm shop or deli; Vending machine; Cinema or venue,5.8
demo-consumer,co-040,co-q06,scale,"How would you rate Kettlebird on taste? (1 = poor, 5 = excellent)",3,4.2
demo-consumer,co-040,co-q07,scale,"How would you rate Kettlebird on price? (1 = poor, 5 = excellent)",4,3.9
demo-consumer,co-040,co-q08,scale,"How would you rate Kettlebird on packaging? (1 = poor, 5 = excellent)",4,4.7
demo-consumer,co-040,co-q09,scale,"How would you rate Kettlebird on availability? (1 = poor, 5 = excellent)",3,8.5
demo-consumer,co-040,co-q10,scale,"How would you rate Kettlebird on variety? (1 = poor, 5 = excellent)",3,6.3
demo-consumer,co-040,co-q11,scale,"How would you rate Kettlebird on healthiness? (1 = poor, 5 = excellent)",4,3.6
demo-consumer,co-040,co-q12,matrix,How much do you agree with these statements about snack packaging?,"{""Resealable bags are important to me"":[""Strongly agree""],""I notice the packaging design when choosing snacks"":[""Agree""],""Paper packaging makes me think a brand is sustainable"":[""Neither agree nor disagree""],""I read the ingredient list before buying"":[""Agree""],""Sharing bags are too large for me"":[""Strongly agree""],""Clear nutrition labels influence what I buy"":[""Neither agree nor disagree""]}",28.8
demo-consumer,co-040,co-q13,open,Have you tried the new Kettlebird Sea Salt & Thyme flavour?,Nope,5.6
demo-consumer,co-040,co-q14,choice,Which flavours would you like Kettlebird to launch next? Select all that apply.,Smoked paprika; Honey mustard; Sweet chilli; Wasabi; Rosemary & garlic; Plain unsalted,17.3
demo-consumer,co-040,co-q15,matrix,How much do you agree with these statements about snacking occasions?,"{""I snack mainly in the evening"":[""Strongly agree""],""I buy snacks on impulse"":[""Neither agree nor disagree""],""I plan snacks as part of the weekly shop"":[""Agree""],""I prefer savoury snacks over sweet ones"":[""Disagree""],""I eat more snacks when watching TV"":[""Disagree""],""I try to limit how often I snack"":[""Neither agree nor disagree""]}",49.3
demo-consumer,co-040,co-q16,choice,On which occasions do you snack? Select all that apply.,Watching films or TV; Road trips; Mid-afternoon at work,12.3
demo-consumer,co-040,co-q17,open,"If you could change one thing about Kettlebird, what would it be?","The packaging looks dated, it needs a refresh",41.6
demo-consumer,co-040,co-q18,choice,How likely are you to buy Kettlebird in the next month?,Unlikely,9
demo-consumer,co-041,co-q01,choice,Which best describes how often you eat packaged savoury snacks?,Rarely or never,19.8
demo-consumer,co-041,co-q02,choice,Which snack brands have you bought in the last three months? Select all that apply.,Marsh & Fennel; Crunchfield; Saltwater Co.; Tumbleroot,37
demo-consumer,co-041,co-q03,matrix,"Thinking about Kettlebird crisps, how much do you agree with each statement?","{""Kettlebird tastes better than other brands"":[""Agree""],""Kettlebird is good value for money"":[""Agree""],""Kettlebird uses quality ingredients"":[""Neither agree nor disagree""],""Kettlebird is a brand I trust"":[""Agree""],""Kettlebird is easy to find in shops"":[""Strongly agree""],""Kettlebird is a brand for people like me"":[""Neither agree nor disagree""]}",63.6
demo-consumer,co-041,co-q04,open,What comes to mind when you think of Kettlebird?,"The orange kettle logo and that strong vinegar flavour, I always think of pub snacks.",70.9
demo-consumer,co-041,co-q05,choice,Where do you usually buy snacks? Select all that apply.,Online grocery delivery,26
demo-consumer,co-041,co-q06,scale,"How would you rate Kettlebird on taste? (1 = poor, 5 = excellent)",3,6.3
demo-consumer,co-041,co-q07,scale,"How would you rate Kettlebird on price? (1 = poor, 5 = excellent)",3,4.4
demo-consumer,co-041,co-q08,scale,"How would you rate Kettlebird on packaging? (1 = poor, 5 = excellent)",4,7.3
demo-consumer,co-041,co-q09,scale,"How would you rate Kettlebird on availability? (1 = poor, 5 = excellent)",5,6.2
demo-consumer,co-041,co-q10,scale,"How would you rate Kettlebird on variety? (1 = poor, 5 = excellent)",5,13.5
demo-consumer,co-041,co-q11,scale,"How would you rate Kettlebird on healthiness? (1 = poor, 5 = excellent)",3,5.4
demo-consumer,co-041,co-q12,matrix,How much do you agree with these statements about snack packaging?,"{""Resealable bags are important to me"":[""Strongly agree""],""I notice the packaging design when choosing snacks"":[""Neither agree nor disagree""],""Paper packaging makes me think a brand is sustainable"":[""Agree""],""I read the ingredient list before buying"":[""Strongly agree""],""Sharing bags are too large for me"":[""Agree""],""Clear nutrition labels influence what I buy"":[""Agree""]}",44.4
demo-consumer,co-041,co-q13,open,Have you tried the new Kettlebird Sea Salt & Thyme flavour?,"not yet, but it's on my list for the weekend shop.",85.6
demo-consumer,co-041,co-q14,choice,Which flavours would you like Kettlebird to launch next? Select all that apply.,Smoked paprika; Black pepper & lime; Sweet chilli; Cheese & onion; Pickled onion,11.7
demo-consumer,co-041,co-q15,matrix,How much do you agree with these statements about snacking occasions?,"{""I snack mainly in the evening"":[""Agree""],""I buy snacks on impulse"":[""Neither agree nor disagree""],""I plan snacks as part of the weekly shop"":[""Neither agree nor disagree""],""I prefer savoury snacks over sweet ones"":[""Neither agree nor disagree""],""I eat more snacks when watching TV"":[""Agree""],""I try to limit how often I snack"":[""Agree""]}",36.2
demo-consumer,co-041,co-q16,choice,On which occasions do you snack? Select all that apply.,Road trips,20.9
demo-consumer,co-041,co-q17,open,"If you could change one thing about Kettlebird, what would it be?","A clearer label about allergens, the print is tiny. Otherwise I'm happy with them.",125.8
demo-consumer,co-041,co-q18,choice,How likely are you to buy Kettlebird in the next month?,Likely,25.7
demo-consumer,co-042,co-q01,choice,Which best describes how often you eat packaged savoury snacks?,A few times a month,8.5
demo-consumer,co-042,co-q02,choice,Which snack brands have you bought in the last three months? Select all that apply.,Saltwater Co.,17.7
demo-consumer,co-042,co-q03,matrix,"Thinking about Kettlebird crisps, how much do you agree with each statement?","{""Kettlebird tastes better than other brands"":[""Disagree""],""Kettlebird is good value for money"":[""Neither agree nor disagree""],""Kettlebird uses quality ingredients"":[""Agree""],""Kettlebird is a brand I trust"":[""Strongly disagree""],""Kettlebird is easy to find in shops"":[""Disagree""],""Kettlebird is a brand for people like me"":[""Neither agree nor disagree""]}",86.9
demo-consumer,co-042,co-q04,open,What comes to mind when you think of Kettlebird?,"honest ingredients and a short list on the back, I like that they don't hide stuff.",42.2
demo-consumer,co-042,co-q05,choice,Where do you usually buy snacks? Select all that apply.,Local convenience store; Online grocery delivery; Cinema or venue,26.3
demo-consumer,co-042,co-q06,scale,"How would you rate Kettlebird on taste? (1 = poor, 5 = excellent)",5,5.9
demo-consumer,co-042,co-q07,scale,"How would you rate Kettlebird on price? (1 = poor, 5 = excellent)",4,8.9
demo-consumer,co-042,co-q08,scale,"How would you rate Kettlebird on packaging? (1 = poor, 5 = excellent)",3,5.1
demo-consumer,co-042,co-q09,scale,"How would you rate Kettlebird on availability? (1 = poor, 5 = excellent)",2,12.5
demo-consumer,co-042,co-q10,scale,"How would you rate Kettlebird on variety? (1 = poor, 5 = excellent)",3,4.2
demo-consumer,co-042,co-q11,scale,"How would you rate Kettlebird on healthiness? (1 = poor, 5 = excellent)",4,8.4
demo-consumer,co-042,co-q12,matrix,How much do you agree with these statements about snack packaging?,"{""Resealable bags are important to me"":[""Disagree""],""I notice the packaging design when choosing snacks"":[""Neither agree nor disagree""],""Paper packaging makes me think a brand is sustainable"":[""Agree""],""I read the ingredient list before buying"":[""Agree""],""Sharing bags are too large for me"":[""Neither agree nor disagree""],""Clear nutrition labels influence what I buy"":[""Disagree""]}",91.2
demo-consumer,co-042,co-q13,open,Have you tried the new Kettlebird Sea Salt & Thyme flavour?,Yes,7.2
demo-consumer,co-042,co-q14,choice,Which flavours would you like Kettlebird to launch next? Select all that apply.,Black pepper & lime,10.5
demo-consumer,co-042,co-q15,matrix,How much do you agree with these statements about snacking occasions?,"{""I snack mainly in the evening"":[""Disagree""],""I buy snacks on impulse"":[""Agree""],""I plan snacks as part of the weekly shop"":[""Disagree""],""I prefer savoury snacks over sweet ones"":[""Strongly agree""],""I eat more snacks when watching TV"":[""Neither agree nor disagree""],""I try to limit how often I snack"":[""Neither agree nor disagree""]}",24.6
demo-consumer,co-042,co-q16,choice,On which occasions do you snack? Select all that apply.,Watching films or TV; Parties and gatherings,10.7
demo-consumer,co-042,co-q17,open,"If you could change one thing about Kettlebird, what would it be?",Smaller single-serve bags for lunchboxes would be great,64.2
demo-consumer,co-042,co-q18,choice,How likely are you to buy Kettlebird in the next month?,Very unlikely,7.1
demo-consumer,co-043,co-q01,choice,Which best describes how often you eat packaged savoury snacks?,A few times a week,8.9
demo-consumer,co-043,co-q02,choice,Which snack brands have you bought in the last three months? Select all that apply.,Kettlebird; Old Mill Crisps; Brindle Snacks,12
demo-consumer,co-043,co-q03,matrix,"Thinking about Kettlebird crisps, how much do you agree with each statement?","{""Kettlebird tastes better than other brands"":[""Agree""],""Kettlebird is good value for money"":[""Agree""],""Kettlebird uses quality ingredients"":[""Agree""],""Kettlebird is a brand I trust"":[""Strongly agree""],""Kettlebird is easy to find in shops"":[""Agree""],""Kettlebird is a brand for people like me"":[""Strongly agree""]}",38.3
demo-consumer,co-043,co-q04,open,What comes to mind when you think of Kettlebird?,good crunch but too much salt on the paprika one,72.3
demo-consumer,co-043,co-q05,choice,Where do you usually buy snacks? Select all that apply.,Local convenience store; Petrol station; Online grocery delivery; Vending machine; Cinema or venue,20.7
demo-consumer,co-043,co-q06,scale,"How would you rate Kettlebird on taste? (1 = poor, 5 = excellent)",5,5.7
demo-consumer,co-043,co-q07,scale,"How would you rate Kettlebird on price? (1 = poor, 5 = excellent)",3,4
demo-consumer,co-043,co-q08,scale,"How would you rate Kettlebird on packaging? (1 = poor, 5 = excellent)",4,4.1
demo-consumer,co-043,co-q09,scale,"How would you rate Kettlebird on availability? (1 = poor, 5 = excellent)",4,3.7
demo-consumer,co-043,co-q10,scale,"How would you rate Kettlebird on variety? (1 = poor, 5 = excellent)",4,2.7
demo-consumer,co-043,co-q11,scale,"How would you rate Kettlebird on healthiness? (1 = poor, 5 = excellent)",5,4.6
demo-consumer,co-043,co-q12,matrix,How much do you agree with these statements about snack packaging?,"{""Resealable bags are important to me"":[""Agree""],""I notice the packaging design when choosing snacks"":[""Agree""],""Paper packaging makes me think a brand is sustainable"":[""Agree""],""I read the ingredient list before buying"":[""Agree""],""Sharing bags are too large for me"":[""Neither agree nor disagree""],""Clear nutrition labels influence what I buy"":[""Agree""]}",91.4
demo-consumer,co-043,co-q13,open,Have you tried the new Kettlebird Sea Salt & Thyme flavour?,"No, herb flavours aren't really my thing, I stick to salt and vinegar.",20.1
demo-consumer,co-043,co-q14,choice,Which flavours would you like Kettlebird to launch next? Select all that apply.,Honey mustard; Sweet chilli; Pickled onion,9.2
demo-consumer,co-043,co-q15,matrix,How much do you agree with these statements about snacking occasions?,"{""I snack mainly in the evening"":[""Strongly agree""],""I buy snacks on impulse"":[""Agree""],""I plan snacks as part of the weekly shop"":[""Strongly agree""],""I prefer savoury snacks over sweet ones"":[""Agree""],""I eat more snacks when watching TV"":[""Agree""],""I try to limit how often I snack"":[""Strongly agree""]}",28
demo-consumer,co-043,co-q16,choice,On which occasions do you snack? Select all that apply.,Mid-afternoon at work,7.6
demo-consumer,co-043,co-q17,open,"If you could change one thing about Kettlebird, what would it be?","Less salt on the paprika flavour, it's overpowering.",38
demo-consumer,co-043,co-q18,choice,How likely are you to buy Kettlebird in the next month?,Unlikely,7.2
demo-consumer,co-044,co-q01,choice,Which best describes how often you eat packaged savoury snacks?,Most days,10.6
demo-consumer,co-044,co-q02,choice,Which snack brands have you bought in the last three months? Select all that apply.,Pop Hollow; Crunchfield; Old Mill Crisps; Brindle Snacks,8.3
demo-consumer,co-044,co-q03,matrix,"Thinking about Kettlebird crisps, how much do you agree with each statement?","{""Kettlebird tastes better than other brands"":[""Agree""],""Kettlebird is good value for money"":[""Neither agree nor disagree""],""Kettlebird uses quality ingredients"":[""Strongly agree""],""Kettlebird is a brand I trust"":[""Agree""],""Kettlebird is easy to find in shops"":[""Agree""],""Kettlebird is a brand for people like me"":[""Agree""]}",26.1
demo-consumer,co-044,co-q04,open,What comes to mind when you think of Kettlebird?,"Quality potatoes, you can tell from the texture. Decent brand overall.",16.1
demo-consumer,co-044,co-q05,choice,Where do you usually buy snacks? Select all that apply.,Online grocery delivery; Vending machine,6.8
demo-consumer,co-044,co-q06,scale,"How would you rate Kettlebird on taste? (1 = poor, 5 = excellent)",5,2.9
demo-consumer,co-044,co-q07,scale,"How would you rate Kettlebird on price? (1 = poor, 5 = excellent)",4,5.3
demo-consumer,co-044,co-q08,scale,"How would you rate Kettlebird on packaging? (1 = poor, 5 = excellent)",3,3.2
demo-consumer,co-044,co-q09,scale,"How would you rate Kettlebird on availability? (1 = poor, 5 = excellent)",5,8.3
demo-consumer,co-044,co-q10,scale,"How would you rate Kettlebird on variety? (1 = poor, 5 = excellent)",4,4.8
demo-consumer,co-044,co-q11,scale,"How would you rate Kettlebird on healthiness? (1 = poor, 5 = excellent)",4,4.6
demo-consumer,co-044,co-q12,matrix,How much do you agree with these statements about snack packaging?,"{""Resealable bags are important to me"":[""Strongly agree""],""I notice the packaging design when choosing snacks"":[""Neither agree nor disagree""],""Paper packaging makes me think a brand is sustainable"":[""Agree""],""I read the ingredient list before buying"":[""Agree""],""Sharing bags are too large for me"":[""Agree""],""Clear nutrition labels influence what I buy"":[""Strongly agree""]}",29.7
demo-consumer,co-044,co-q13,open,Have you tried the new Kettlebird Sea Salt & Thyme flavour?,No,6.9
demo-consumer,co-044,co-q14,choice,Which flavours would you like Kettlebird to launch next? Select all that apply.,Smoked paprika; Sour cream & chive; Cheese & onion; Rosemary & garlic,5.6
demo-consumer,co-044,co-q15,matrix,How much do you agree with these statements about snacking occasions?,"{""I snack mainly in the evening"":[""Agree""],""I buy snacks on impulse"":[""Agree""],""I plan snacks as part of the weekly shop"":[""Neither agree nor disagree""],""I prefer savoury snacks over sweet ones"":[""Neither agree nor disagree""],""I eat more snacks when watching TV"":[""Strongly agree""],""I try to limit how often I snack"":[""Agree""]}",33.2
demo-consumer,co-044,co-q16,choice,On which occasions do you snack? Select all that apply.,With a drink in the evening; Picnics and outdoors,15.7
demo-consumer,co-044,co-q17,open,"If you could change one thing about Kettlebird, what would it be?","make the bags resealable, half the time the crisps go soft before I finish them.",51.8
demo-consumer,co-044,co-q18,choice,How likely are you to buy Kettlebird in the next month?,Very likely,7.8
demo-consumer,co-045,co-q01,choice,Which best describes how often you eat packaged savoury snacks?,A few times a month,2.7
demo-consumer,co-045,co-q02,choice,Which snack brands have you bought in the last three months? Select all that apply.,Saltwater Co.,13.1
demo-consumer,co-045,co-q03,matrix,"Thinking about Kettlebird crisps, how much do you agree with each statement?","{""Kettlebird tastes better than other brands"":[""Disagree""],""Kettlebird is good value for money"":[""Agree""],""Kettlebird uses quality ingredients"":[""Disagree""],""Kettlebird is a brand I trust"":[""Disagree""],""Kettlebird is easy to find in shops"":[""Strongly agree""],""Kettlebird is a brand for people like me"":[""Disagree""]}",24
demo-consumer,co-045,co-q04,open,What comes to mind when you think of Kettlebird?,"Crunchy, a bit greasy, the kind of crisps you buy when you want something better than the supermarket brand",41.9
demo-consumer,co-045,co-q05,choice,Where do you usually buy snacks? Select all that apply.,Online grocery delivery; Vending machine,11.7
demo-consumer,co-045,co-q06,scale,"How would you rate Kettlebird on taste? (1 = poor, 5 = excellent)",5,2.7
demo-consumer,co-045,co-q07,scale,"How would you rate Kettlebird on price? (1 = poor, 5 = excellent)",3,3.3
demo-consumer,co-045,co-q08,scale,"How would you rate Kettlebird on packaging? (1 = poor, 5 = excellent)",4,2.1
demo-consumer,co-045,co-q09,scale,"How would you rate Kettlebird on availability? (1 = poor, 5 = excellent)",4,4
demo-consumer,co-045,co-q10,scale,"How would you rate Kettlebird on variety? (1 = poor, 5 = excellent)",3,1.7
demo-consumer,co-045,co-q11,scale,"How would you rate Kettlebird on healthiness? (1 = poor, 5 = excellent)",4,4.4
demo-consumer,co-045,co-q12,matrix,How much do you agree with these statements about snack packaging?,"{""Resealable bags are important to me"":[""Agree""],""I notice the packaging design when choosing snacks"":[""Agree""],""Paper packaging makes me think a brand is sustainable"":[""Strongly agree""],""I read the ingredient list before buying"":[""Strongly agree""],""Sharing bags are too large for me"":[""Agree""],""Clear nutrition labels influence what I buy"":[""Disagree""]}",30.9
demo-consumer,co-045,co-q13,open,Have you tried the new Kettlebird Sea Salt & Thyme flavour?,Nope,14.8
demo-consumer,co-045,co-q14,choice,Which flavours would you like Kettlebird to launch next? Select all that apply.,Black pepper & lime; Salted caramel; Rosemary & garlic,21.6
demo-consumer,co-045,co-q15,matrix,How much do you agree with these statements about snacking occasions?,"{""I snack mainly in the evening"":[""Neither agree nor disagree""],""I buy snacks on impulse"":[""Agree""],""I plan snacks as part of the weekly shop"":[""Agree""],""I prefer savoury snacks over sweet ones"":[""Neither agree nor disagree""],""I eat more snacks when watching TV"":[""Agree""],""I try to limit how often I snack"":[""Disagree""]}",31.3
demo-consumer,co-045,co-q16,choice,On which occasions do you snack? Select all that apply.,Mid-afternoon at work; Late at night,14.7
demo-consumer,co-045,co-q17,open,"If you could change one thing about Kettlebird, what would it be?",Fewer broken crisps at the bottom of the bag.,54.2
demo-consumer,co-045,co-q18,choice,How likely are you to buy Kettlebird in the next month?,Very unlikely,4.3
demo-consumer,co-046,co-q01,choice,Which best describes how often you eat packaged savoury snacks?,Rarely or never,6
demo-consumer,co-046,co-q02,choice,Which snack brands have you bought in the last three months? Select all that apply.,Kettlebird; Marsh & Fennel,21.7
demo-consumer,co-046,co-q03,matrix,"Thinking about Kettlebird crisps, how much do you agree with each statement?","{""Kettlebird tastes better than other brands"":[""Neither agree nor disagree""],""Kettlebird is good value for money"":[""Strongly agree""],""Kettlebird uses quality ingredients"":[""Agree""],""Kettlebird is a brand I trust"":[""Agree""],""Kettlebird is easy to find in shops"":[""Neither agree nor disagree""],""Kettlebird is a brand for people like me"":[""Agree""]}",45.3
demo-consumer,co-046,co-q04,open,What comes to mind when you think of Kettlebird?,Good crunch but too much salt on the paprika one. The bag is hard to reseal.,33
demo-consumer,co-046,co-q05,choice,Where do you usually buy snacks? Select all that apply.,Large supermarket; Local convenience store,10.8
demo-consumer,co-046,co-q06,scale,"How would you rate Kettlebird on taste? (1 = poor, 5 = excellent)",3,2.3
demo-consumer,co-046,co-q07,scale,"How would you rate Kettlebird on price? (1 = poor, 5 = excellent)",3,3.5
demo-consumer,co-046,co-q08,scale,"How would you rate Kettlebird on packaging? (1 = poor, 5 = excellent)",3,1.5
demo-consumer,co-046,co-q09,scale,"How would you rate Kettlebird on availability? (1 = poor, 5 = excellent)",4,3.2
demo-consumer,co-046,co-q10,scale,"How would you rate Kettlebird on variety? (1 = poor, 5 = excellent)",3,3.6
demo-consumer,co-046,co-q11,scale,"How would you rate Kettlebird on healthiness? (1 = poor, 5 = excellent)",3,3.3
demo-consumer,co-046,co-q12,matrix,How much do you agree with these statements about snack packaging?,"{""Resealable bags are important to me"":[""Strongly disagree""],""I notice the packaging design when choosing snacks"":[""Agree""],""Paper packaging makes me think a brand is sustainable"":[""Neither agree nor disagree""],""I read the ingredient list before buying"":[""Neither agree nor disagree""],""Sharing bags are too large for me"":[""Agree""],""Clear nutrition labels influence what I buy"":[""Disagree""]}",13.7
demo-consumer,co-046,co-q13,open,Have you tried the new Kettlebird Sea Salt & Thyme flavour?,no,11.4
demo-consumer,co-046,co-q14,choice,Which flavours would you like Kettlebird to launch next? Select all that apply.,Sour cream & chive; Truffle; Salted caramel; Rosemary & garlic; Plain unsalted,9
demo-consumer,co-046,co-q15,matrix,How much do you agree with these statements about snacking occasions?,"{""I snack mainly in the evening"":[""Agree""],""I buy snacks on impulse"":[""Agree""],""I plan snacks as part of the weekly shop"":[""Agree""],""I prefer savoury snacks over sweet ones"":[""Neither agree nor disagree""],""I eat more snacks when watching TV"":[""Agree""],""I try to limit how often I snack"":[""Disagree""]}",20.9
demo-consumer,co-046,co-q16,choice,On which occasions do you snack? Select all that apply.,With a drink in the evening; Parties and gatherings; Late at night; Picnics and outdoors,12.3
demo-consumer,co-046,co-q17,open,"If you could change one thing about Kettlebird, what would it be?",Smaller single-serve bags for lunchboxes would be great,42.6
demo-consumer,co-046,co-q18,choice,How likely are you to buy Kettlebird in the next month?,Not sure,9
demo-consumer,co-047,co-q01,choice,Which best describes how often you eat packaged savoury snacks?,Every day,16.5
demo-consumer,co-047,co-q02,choice,Which snack brands have you bought in the last three months? Select all that apply.,Marsh & Fennel; Crunchfield; Supermarket own brand,14
demo-consumer,co-047,co-q03,matrix,"Thinking about Kettlebird crisps, how much do you agree with each statement?","{""Kettlebird tastes better than other brands"":[""Strongly disagree""],""Kettlebird is good value for money"":[""Disagree""],""Kettlebird uses quality ingredients"":[""Disagree""],""Kettlebird is a brand I trust"":[""Agree""],""Kettlebird is easy to find in shops"":[""Agree""],""Kettlebird is a brand for people like me"":[""Disagree""]}",28.6
demo-consumer,co-047,co-q04,open,What comes to mind when you think of Kettlebird?,"Crunchy, a bit greasy, the kind of crisps you buy when you want something better than the supermarket brand. My kids like them too.",47
demo-consumer,co-047,co-q05,choice,Where do you usually buy snacks? Select all that apply.,Online grocery delivery,13.7
demo-consumer,co-047,co-q06,scale,"How would you rate Kettlebird on taste? (1 = poor, 5 = excellent)",2,6.4
demo-consumer,co-047,co-q07,scale,"How would you rate Kettlebird on price? (1 = poor, 5 = excellent)",3,5.4
demo-consumer,co-047,co-q08,scale,"How would you rate Kettlebird on packaging? (1 = poor, 5 = excellent)",4,4.7
demo-consumer,co-047,co-q09,scale,"How would you rate Kettlebird on availability? (1 = poor, 5 = excellent)",4,5.1
demo-consumer,co-047,co-q10,scale,"How would you rate Kettlebird on variety? (1 = poor, 5 = excellent)",2,3.5
demo-consumer,co-047,co-q11,scale,"How would you rate Kettlebird on healthiness? (1 = poor, 5 = excellent)",4,8.1
demo-consumer,co-047,co-q12,matrix,How much do you agree with these statements about snack packaging?,"{""Resealable bags are important to me"":[""Agree""],""I notice the packaging design when choosing snacks"":[""Disagree""],""Paper packaging makes me think a brand is sustainable"":[""Strongly disagree""],""I read the ingredient list before buying"":[""Neither agree nor disagree""],""Sharing bags are too large for me"":[""Neither agree nor disagree""],""Clear nutrition labels influence what I buy"":[""Agree""]}",45
demo-consumer,co-047,co-q13,open,Have you tried the new Kettlebird Sea Salt & Thyme flavour?,No.,8.3
demo-consumer,co-047,co-q14,choice,Which flavours would you like Kettlebird to launch next? Select all that apply.,Black pepper & lime; Cheese & onion; Salted caramel; Wasabi; Rosemary & garlic,13.2
demo-consumer,co-047,co-q15,matrix,How much do you agree with these statements about snacking occasions?,"{""I snack mainly in the evening"":[""Disagree""],""I buy snacks on impulse"":[""Disagree""],""I plan snacks as part of the weekly shop"":[""Neither agree nor disagree""],""I prefer savoury snacks over sweet ones"":[""Agree""],""I eat more snacks when watching TV"":[""Strongly agree""],""I try to limit how often I snack"":[""Agree""]}",24.9
demo-consumer,co-047,co-q16,choice,On which occasions do you snack? Select all that apply.,With a drink in the evening; Parties and gatherings; Picnics and outdoors,20.3
demo-consumer,co-047,co-q17,open,"If you could change one thing about Kettlebird, what would it be?","multipacks please, I don't want a sharing bag every time.",48
demo-consumer,co-047,co-q18,choice,How likely are you to buy Kettlebird in the next month?,Very likely,7.5
demo-consumer,co-048,co-q01,choice,Which best describes how often you eat packaged savoury snacks?,Every day,5.7
demo-consumer,co-048,co-q02,choice,Which snack brands have you bought in the last three months? Select all that apply.,Kettlebird; Marsh & Fennel; Crunchfield; Old Mill Crisps; Saltwater Co.,54.2
demo-consumer,co-048,co-q03,matrix,"Thinking about Kettlebird crisps, how much do you agree with each statement?","{""Kettlebird tastes better than other brands"":[""Strongly agree""],""Kettlebird is good value for money"":[""Neither agree nor disagree""],""Kettlebird uses quality ingredients"":[""Neither agree nor disagree""],""Kettlebird is a brand I trust"":[""Agree""],""Kettlebird is easy to find in shops"":[""Strongly agree""],""Kettlebird is a brand for people like me"":[""Strongly agree""]}",43.2
demo-consumer,co-048,co-q04,open,What comes to mind when you think of Kettlebird?,"The chilli flavour is genuinely hot, which is rare for crisps. The bag is hard to reseal.",69.7
demo-consumer,co-048,co-q05,choice,Where do you usually buy snacks? Select all that apply.,Cinema or venue; Discount store,9.2
demo-consumer,co-048,co-q06,scale,"How would you rate Kettlebird on taste? (1 = poor, 5 = excellent)",3,1.9
demo-consumer,co-048,co-q07,scale,"How would you rate Kettlebird on price? (1 = poor, 5 = excellent)",4,4.7
demo-consumer,co-048,co-q08,scale,"How would you rate Kettlebird on packaging? (1 = poor, 5 = excellent)",4,3.4
demo-consumer,co-048,co-q09,scale,"How would you rate Kettlebird on availability? (1 = poor, 5 = excellent)",3,5.3
demo-consumer,co-048,co-q10,scale,"How would you rate Kettlebird on variety? (1 = poor, 5 = excellent)",4,3.1
demo-consumer,co-048,co-q11,scale,"How would you rate Kettlebird on healthiness? (1 = poor, 5 = excellent)",4,4.1
demo-consumer,co-048,co-q12,matrix,How much do you agree with these statements about snack packaging?,"{""Resealable bags are important to me"":[""Neither agree nor disagree""],""I notice the packaging design when choosing snacks"":[""Strongly agree""],""Paper packaging makes me think a brand is sustainable"":[""Agree""],""I read the ingredient list before buying"":[""Neither agree nor disagree""],""Sharing bags are too large for me"":[""Strongly agree""],""Clear nutrition labels influence what I buy"":[""Strongly agree""]}",9.6
demo-consumer,co-048,co-q13,open,Have you tried the new Kettlebird Sea Salt & Thyme flavour?,Nope,7
demo-consumer,co-048,co-q14,choice,Which flavours would you like Kettlebird to launch next? Select all that apply.,Black pepper & lime; Truffle; Sweet chilli; Cheese & onion; Wasabi,26.3
demo-consumer,co-048,co-q15,matrix,How much do you agree with these statements about snacking occasions?,"{""I snack mainly in the evening"":[""Disagree""],""I buy snacks on impulse"":[""Strongly agree""],""I plan snacks as part of the weekly shop"":[""Strongly agree""],""I prefer savoury snacks over sweet ones"":[""Strongly agree""],""I eat more snacks when watching TV"":[""Strongly agree""],""I try to limit how often I snack"":[""Agree""]}",24.7
demo-consumer,co-048,co-q16,choice,On which occasions do you snack? Select all that apply.,At lunch; Watching films or TV; Mid-afternoon at work; Late at night,11.1
demo-consumer,co-048,co-q17,open,"If you could change one thing about Kettlebird, what would it be?","Multipacks please, I don't want a sharing bag every time.",48.2
demo-consumer,co-048,co-q18,choice,How likely are you to buy Kettlebird in the next month?,Likely,10.5
demo-consumer,co-049,co-q01,choice,Which best describes how often you eat packaged savoury snacks?,Most days,10.8
demo-consumer,co-049,co-q02,choice,Which snack brands have you bought in the last three months? Select all that apply.,Old Mill Crisps; Brindle Snacks; Tumbleroot,43.9
demo-consumer,co-049,co-q03,matrix,"Thinking about Kettlebird crisps, how much do you agree with each statement?","{""Kettlebird tastes better than other brands"":[""Neither agree nor disagree""],""Kettlebird is good value for money"":[""Disagree""],""Kettlebird uses quality ingredients"":[""Neither agree nor disagree""],""Kettlebird is a brand I trust"":[""Neither agree nor disagree""],""Kettlebird is easy to find in shops"":[""Agree""],""Kettlebird is a brand for people like me"":[""Agree""]}",35.2
demo-consumer,co-049,co-q04,open,What comes to mind when you think of Kettlebird?,"The chilli flavour is genuinely hot, which is rare for crisps.",56.4
demo-consumer,co-049,co-q05,choice,Where do you usually buy snacks? Select all that apply.,Vending machine,10.5
demo-consumer,co-049,co-q06,scale,"How would you rate Kettlebird on taste? (1 = poor, 5 = excellent)",3,9.8
demo-consumer,co-049,co-q07,scale,"How would you rate Kettlebird on price? (1 = poor, 5 = excellent)",3,6
demo-consumer,co-049,co-q08,scale,"How would you rate Kettlebird on packaging? (1 = poor, 5 = excellent)",2,6.3
demo-consumer,co-049,co-q09,scale,"How would you rate Kettlebird on availability? (1 = poor, 5 = excellent)",2,7.7
demo-consumer,co-049,co-q10,scale,"How would you rate Kettlebird on variety? (1 = poor, 5 = excellent)",2,7.6
demo-consumer,co-049,co-q11,scale,"How would you rate Kettlebird on healthiness? (1 = poor, 5 = excellent)",3,11.1
demo-consumer,co-049,co-q12,matrix,How much do you agree with these statements about snack packaging?,"{""Resealable bags are important to me"":[""Disagree""],""I notice the packaging design when choosing snacks"":[""Agree""],""Paper packaging makes me think a brand is sustainable"":[""Neither agree nor disagree""],""I read the ingredient list before buying"":[""Agree""],""Sharing bags are too large for me"":[""Neither agree nor disagree""],""Clear nutrition labels influence what I buy"":[""Neither agree nor disagree""]}",44.2
demo-consumer,co-049,co-q13,open,Have you tried the new Kettlebird Sea Salt & Thyme flavour?,Yep,9.6
demo-consumer,co-049,co-q14,choice,Which flavours would you like Kettlebird to launch next? Select all that apply.,Sour cream & chive,32.9
demo-consumer,co-049,co-q15,matrix,How much do you agree with these statements about snacking occasions?,"{""I snack mainly in the evening"":[""Neither agree nor disagree""],""I buy snacks on impulse"":[""Disagree""],""I plan snacks as part of the weekly shop"":[""Disagree""],""I prefer savoury snacks over sweet ones"":[""Neither agree nor disagree""],""I eat more snacks when watching TV"":[""Neither agree nor disagree""],""I try to limit how often I snack"":[""Neither agree nor disagree""]}",51.1
demo-consumer,co-049,co-q16,choice,On which occasions do you snack? Select all that apply.,Picnics and outdoors,28.7
demo-consumer,co-049,co-q17,open,"If you could change one thing about Kettlebird, what would it be?","Bring back the mature cheddar flavour, that was my favourite.",36
demo-consumer,co-049,co-q18,choice,How likely are you to buy Kettlebird in the next month?,Very unlikely,10.8
demo-consumer,co-050,co-q01,choice,Which best describes how often you eat packaged savoury snacks?,A few times a week,16.2
demo-consumer,co-050,co-q02,choice,Which snack brands have you bought in the last three months? Select all that apply.,Kettlebird; Marsh & Fennel,42.1
demo-consumer,co-050,co-q03,matrix,"Thinking about Kettlebird crisps, how much do you agree with each statement?","{""Kettlebird tastes better than other brands"":[""Strongly disagree""],""Kettlebird is good value for money"":[""Disagree""],""Kettlebird uses quality ingredients"":[""Strongly agree""],""Kettlebird is a brand I trust"":[""Agree""],""Kettlebird is easy to find in shops"":[""Strongly agree""],""Kettlebird is a brand for people like me"":[""Disagree""]}",35.8
demo-consumer,co-050,co-q04,open,What comes to mind when you think of Kettlebird?,"Honest ingredients and a short list on the back, I like that they don't hide stuff.",44.1
demo-consumer,co-050,co-q05,choice,Where do you usually buy snacks? Select all that apply.,Discount store,12.7
demo-consumer,co-050,co-q06,scale,"How would you rate Kettlebird on taste? (1 = poor, 5 = excellent)",4,7.3
demo-consumer,co-050,co-q07,scale,"How would you rate Kettlebird on price? (1 = poor, 5 = excellent)",3,9.3
demo-consumer,co-050,co-q08,scale,"How would you rate Kettlebird on packaging? (1 = poor, 5 = excellent)",4,5.8
demo-consumer,co-050,co-q09,scale,"How would you rate Kettlebird on availability? (1 = poor, 5 = excellent)",3,4.5
demo-consumer,co-050,co-q10,scale,"How would you rate Kettlebird on variety? (1 = poor, 5 = excellent)",3,8.8
demo-consumer,co-050,co-q11,scale,"How would you rate Kettlebird on healthiness? (1 = poor, 5 = excellent)",2,6.4
demo-consumer,co-050,co-q12,matrix,How much do you agree with these statements about snack packaging?,"{""Resealable bags are important to me"":[""Disagree""],""I notice the packaging design when choosing snacks"":[""Agree""],""Paper packaging makes me think a brand is sustainable"":[""Neither agree nor disagree""],""I read the ingredient list before buying"":[""Neither agree nor disagree""],""Sharing bags are too large for me"":[""Strongly disagree""],""Clear nutrition labels influence what I buy"":[""Neither agree nor disagree""]}",77.7
demo-consumer,co-050,co-q13,open,Have you tried the new Kettlebird Sea Salt & Thyme flavour?,"Yes, bought two bags and they were gone in a day, very moreish.",44.1
demo-consumer,co-050,co-q14,choice,Which flavours would you like Kettlebird to launch next? Select all that apply.,Smoked paprika; Black pepper & lime; Truffle; Plain unsalted,11.8
demo-consumer,co-050,co-q15,matrix,How much do you agree with these statements about snacking occasions?,"{""I snack mainly in the evening"":[""Agree""],""I buy snacks on impulse"":[""Neither agree nor disagree""],""I plan snacks as part of the weekly shop"":[""Agree""],""I prefer savoury snacks over sweet ones"":[""Agree""],""I eat more snacks when watching TV"":[""Disagree""],""I try to limit how often I snack"":[""Disagree""]}",30.4
demo-consumer,co-050,co-q16,choice,On which occasions do you snack? Select all that apply.,At lunch; Watching films or TV; Road trips; Mid-afternoon at work,26
demo-consumer,co-050,co-q17,open,"If you could change one thing about Kettlebird, what would it be?","Lower the price a little, it's hard to justify over the supermarket's own brand. Just my opinion.",59.7
demo-consumer,co-050,co-q18,choice,How likely are you to buy Kettlebird in the next month?,Unlikely,9.1
demo-consumer,co-051,co-q01,choice,Which best describes how often you eat packaged savoury snacks?,A few times a month,18.2
demo-consumer,co-051,co-q02,choice,Which snack brands have you bought in the last three months? Select all that apply.,Kettlebird; Crunchfield; Old Mill Crisps; Tumbleroot,30.5
demo-consumer,co-051,co-q03,matrix,"Thinking about Kettlebird crisps, how much do you agree with each statement?","{""Kettlebird tastes better than other brands"":[""Disagree""],""Kettlebird is good value for money"":[""Neither agree nor disagree""],""Kettlebird uses quality ingredients"":[""Disagree""],""Kettlebird is a brand I trust"":[""Disagree""],""Kettlebird is easy to find in shops"":[""Neither agree nor disagree""],""Kettlebird is a brand for people like me"":[""Neither agree nor disagree""]}",55.4
demo-consumer,co-051,co-q04,open,What comes to mind when you think of Kettlebird?,The sharing bags are huge and I never finish one on my own,53.3
demo-consumer,co-051,co-q05,choice,Where do you usually buy snacks? Select all that apply.,Large supermarket; Farm shop or deli; Vending machine; Discount store,20.5
demo-consumer,co-051,co-q06,scale,"How would you rate Kettlebird on taste? (1 = poor, 5 = excellent)",3,1.6
demo-consumer,co-051,co-q07,scale,"How would you rate Kettlebird on price? (1 = poor, 5 = excellent)",3,4.8
demo-consumer,co-051,co-q08,scale,"How would you rate Kettlebird on packaging? (1 = poor, 5 = excellent)",2,2.2
demo-consumer,co-051,co-q09,scale,"How would you rate Kettlebird on availability? (1 = poor, 5 = excellent)",3,2.7
demo-consumer,co-051,co-q10,scale,"How would you rate Kettlebird on variety? (1 = poor, 5 = excellent)",2,5.3
demo-consumer,co-051,co-q11,scale,"How would you rate Kettlebird on healthiness? (1 = poor, 5 = excellent)",1,3.9
demo-consumer,co-051,co-q12,matrix,How much do you agree with these statements about snack packaging?,"{""Resealable bags are important to me"":[""Strongly disagree""],""I notice the packaging design when choosing snacks"":[""Neither agree nor disagree""],""Paper packaging makes me think a brand is sustainable"":[""Neither agree nor disagree""],""I read the ingredient list before buying"":[""Disagree""],""Sharing bags are too large for me"":[""Agree""],""Clear nutrition labels influence what I buy"":[""Neither agree nor disagree""]}",60.1
demo-consumer,co-051,co-q13,open,Have you tried the new Kettlebird Sea Salt & Thyme flavour?,No.,7.2
demo-consumer,co-051,co-q14,choice,Which flavours would you like Kettlebird to launch next? Select all that apply.,Cheese & onion; Salted caramel; Rosemary & garlic,11.3
demo-consumer,co-051,co-q15,matrix,How much do you agree with these statements about snacking occasions?,"{""I snack mainly in the evening"":[""Agree""],""I buy snacks on impulse"":[""Disagree""],""I plan snacks as part of the weekly shop"":[""Neither agree nor disagree""],""I prefer savoury snacks over sweet ones"":[""Neither agree nor disagree""],""I eat more snacks when watching TV"":[""Neither agree nor disagree""],""I try to limit how often I snack"":[""Agree""]}",78.9
demo-consumer,co-051,co-q16,choice,On which occasions do you snack? Select all that apply.,With a drink in the evening; Parties and gatherings; Mid-afternoon at work,9.5
demo-consumer,co-051,co-q17,open,"If you could change one thing about Kettlebird, what would it be?","Better availability, I can only find them in two shops near me.",50.1
demo-consumer,co-051,co-q18,choice,How likely are you to buy Kettlebird in the next month?,Likely,7.4
demo-consumer,co-052,co-q01,choice,Which best describes how often you eat packaged savoury snacks?,Every day,4.9
demo-consumer,co-052,co-q02,choice,Which snack brands have you bought in the last three months? Select all that apply.,Kettlebird; Pop Hollow; Tumbleroot,7.7
demo-consumer,co-052,co-q03,matrix,"Thinking about Kettlebird crisps, how much do you agree with each statement?","{""Kettlebird tastes better than other brands"":[""Strongly agree""],""Kettlebird is good value for money"":[""Strongly agree""],""Kettlebird uses quality ingredients"":[""Strongly agree""],""Kettlebird is a brand I trust"":[""Agree""],""Kettlebird is easy to find in shops"":[""Agree""],""Kettlebird is a brand for people like me"":[""Agree""]}",18.2
demo-consumer,co-052,co-q04,open,What comes to mind when you think of Kettlebird?,The sharing bags are huge and I never finish one on my own.,24.7
demo-consumer,co-052,co-q05,choice,Where do you usually buy snacks? Select all that apply.,Local convenience store; Petrol station; Vending machine,9.1
demo-consumer,co-052,co-q06,scale,"How would you rate Kettlebird on taste? (1 = poor, 5 = excellent)",5,2.4
demo-consumer,co-052,co-q07,scale,"How would you rate Kettlebird on price? (1 = poor, 5 = excellent)",4,2.3
demo-consumer,co-052,co-q08,scale,"How would you rate Kettlebird on packaging? (1 = poor, 5 = excellent)",4,2.2
demo-consumer,co-052,co-q09,scale,"How would you rate Kettlebird on availability? (1 = poor, 5 = excellent)",5,3.5
demo-consumer,co-052,co-q10,scale,"How would you rate Kettlebird on variety? (1 = poor, 5 = excellent)",5,3.4
demo-consumer,co-052,co-q11,scale,"How would you rate Kettlebird on healthiness? (1 = poor, 5 = excellent)",4,6
demo-consumer,co-052,co-q12,matrix,How much do you agree with these statements about snack packaging?,"{""Resealable bags are important to me"":[""Strongly agree""],""I notice the packaging design when choosing snacks"":[""Strongly agree""],""Paper packaging makes me think a brand is sustainable"":[""Agree""],""I read the ingredient list before buying"":[""Strongly agree""],""Sharing bags are too large for me"":[""Strongly agree""],""Clear nutrition labels influence what I buy"":[""Agree""]}",21.9
demo-consumer,co-052,co-q13,open,Have you tried the new Kettlebird Sea Salt & Thyme flavour?,"yes, tried it last week, the thyme is subtle and the salt level is about right.",33.1
demo-consumer,co-052,co-q14,choice,Which flavours would you like Kettlebird to launch next? Select all that apply.,Sweet chilli; Wasabi; Rosemary & garlic; Pickled onion; Plain unsalted,23.1
demo-consumer,co-052,co-q15,matrix,How much do you agree with these statements about snacking occasions?,"{""I snack mainly in the evening"":[""Strongly agree""],""I buy snacks on impulse"":[""Strongly agree""],""I plan snacks as part of the weekly shop"":[""Neither agree nor disagree""],""I prefer savoury snacks over sweet ones"":[""Strongly agree""],""I eat more snacks when watching TV"":[""Strongly agree""],""I try to limit how often I snack"":[""Agree""]}",42.5
demo-consumer,co-052,co-q16,choice,On which occasions do you snack? Select all that apply.,With a drink in the evening; Watching films or TV; Mid-afternoon at work,12.6
demo-consumer,co-052,co-q17,open,"If you could change one thing about Kettlebird, what would it be?","Nothing really, I'd keep them as they are.",33.2
demo-consumer,co-052,co-q18,choice,How likely are you to buy Kettlebird in the next month?,Likely,15.4
demo-consumer,co-053,co-q01,choice,Which best describes how often you eat packaged savoury snacks?,A few times a week,5.1
demo-consumer,co-053,co-q02,choice,Which snack brands have you bought in the last three months? Select all that apply.,Kettlebird; Pop Hollow; Brindle Snacks,8.7
demo-consumer,co-053,co-q03,matrix,"Thinking about Kettlebird crisps, how much do you agree with each statement?","{""Kettlebird tastes better than other brands"":[""Disagree""],""Kettlebird is good value for money"":[""Neither agree nor disagree""],""Kettlebird uses quality ingredients"":[""Strongly disagree""],""Kettlebird is a brand I trust"":[""Neither agree nor disagree""],""Kettlebird is easy to find in shops"":[""Agree""],""Kettlebird is a brand for people like me"":[""Neither agree nor disagree""]}",73.8
demo-consumer,co-053,co-q04,open,What comes to mind when you think of Kettlebird?,The sharing bags are huge and I never finish one on my own. I'd buy them more if they were on offer.,40.9
demo-consumer,co-053,co-q05,choice,Where do you usually buy snacks? Select all that apply.,Local convenience store; Cinema or venue; Somewhere else,13
demo-consumer,co-053,co-q06,scale,"How would you rate Kettlebird on taste? (1 = poor, 5 = excellent)",2,4.6
demo-consumer,co-053,co-q07,scale,"How would you rate Kettlebird on price? (1 = poor, 5 = excellent)",3,3.1
demo-consumer,co-053,co-q08,scale,"How would you rate Kettlebird on packaging? (1 = poor, 5 = excellent)",4,2.1
demo-consumer,co-053,co-q09,scale,"How would you rate Kettlebird on availability? (1 = poor, 5 = excellent)",3,6.6
demo-consumer,co-053,co-q10,scale,"How would you rate Kettlebird on variety? (1 = poor, 5 = excellent)",3,3.5
demo-consumer,co-053,co-q11,scale,"How would you rate Kettlebird on healthiness? (1 = poor, 5 = excellent)",2,5
demo-consumer,co-053,co-q12,matrix,How much do you agree with these statements about snack packaging?,"{""Resealable bags are important to me"":[""Neither agree nor disagree""],""I notice the packaging design when choosing snacks"":[""Disagree""],""Paper packaging makes me think a brand is sustainable"":[""Disagree""],""I read the ingredient list before buying"":[""Neither agree nor disagree""],""Sharing bags are too large for me"":[""Neither agree nor disagree""],""Clear nutrition labels influence what I buy"":[""Disagree""]}",37.5
demo-consumer,co-053,co-q13,open,Have you tried the new Kettlebird Sea Salt & Thyme flavour?,no,8.7
demo-consumer,co-053,co-q14,choice,Which flavours would you like Kettlebird to launch next? Select all that apply.,Honey mustard; Truffle; Sweet chilli; Rosemary & garlic; Pickled onion,23.7
demo-consumer,co-053,co-q15,matrix,How much do you agree with these statements about snacking occasions?,"{""I snack mainly in the evening"":[""Agree""],""I buy snacks on impulse"":[""Disagree""],""I plan snacks as part of the weekly shop"":[""Disagree""],""I prefer savoury snacks over sweet ones"":[""Disagree""],""I eat more snacks when watching TV"":[""Neither agree nor disagree""],""I try to limit how often I snack"":[""Disagree""]}",31.5
demo-consumer,co-053,co-q16,choice,On which occasions do you snack? Select all that apply.,With a drink in the evening; Watching films or TV; Parties and gatherings; Late at night,12
demo-consumer,co-053,co-q17,open,"If you could change one thing about Kettlebird, what would it be?","Nothing really, I'd keep them as they are.",35.7
demo-consumer,co-053,co-q18,choice,How likely are you to buy Kettlebird in the next month?,Likely,7.4
demo-consumer,co-054,co-q01,choice,Which best describes how often you eat packaged savoury snacks?,Every day,15.2
demo-consumer,co-054,co-q02,choice,Which snack brands have you bought in the last three months? Select all that apply.,Brindle Snacks; Tumbleroot; Supermarket own brand,21
demo-consumer,co-054,co-q03,matrix,"Thinking about Kettlebird crisps, how much do you agree with each statement?","{""Kettlebird tastes better than other brands"":[""Neither agree nor disagree""],""Kettlebird is good value for money"":[""Strongly agree""],""Kettlebird uses quality ingredients"":[""Agree""],""Kettlebird is a brand I trust"":[""Agree""],""Kettlebird is easy to find in shops"":[""Agree""],""Kettlebird is a brand for people like me"":[""Agree""]}",65.1
demo-consumer,co-054,co-q04,open,What comes to mind when you think of Kettlebird?,"Rustic packaging, farmer imagery, slightly premium positioning. Decent brand overall.",24.7
demo-consumer,co-054,co-q05,choice,Where do you usually buy snacks? Select all that apply.,Local convenience store; Petrol station; Cinema or venue; Discount store,22.2
demo-consumer,co-054,co-q06,scale,"How would you rate Kettlebird on taste? (1 = poor, 5 = excellent)",4,5
demo-consumer,co-054,co-q07,scale,"How would you rate Kettlebird on price? (1 = poor, 5 = excellent)",4,4.8
demo-consumer,co-054,co-q08,scale,"How would you rate Kettlebird on packaging? (1 = poor, 5 = excellent)",3,9.5
demo-consumer,co-054,co-q09,scale,"How would you rate Kettlebird on availability? (1 = poor, 5 = excellent)",5,3.3
demo-consumer,co-054,co-q10,scale,"How would you rate Kettlebird on variety? (1 = poor, 5 = excellent)",4,4.6
demo-consumer,co-054,co-q11,scale,"How would you rate Kettlebird on healthiness? (1 = poor, 5 = excellent)",4,6
demo-consumer,co-054,co-q12,matrix,How much do you agree with these statements about snack packaging?,"{""Resealable bags are important to me"":[""Strongly agree""],""I notice the packaging design when choosing snacks"":[""Agree""],""Paper packaging makes me think a brand is sustainable"":[""Agree""],""I read the ingredient list before buying"":[""Strongly agree""],""Sharing bags are too large for me"":[""Neither agree nor disagree""],""Clear nutrition labels influence what I buy"":[""Strongly agree""]}",37.8
demo-consumer,co-054,co-q13,open,Have you tried the new Kettlebird Sea Salt & Thyme flavour?,"Yes, tried it last week, the thyme is subtle and the salt level is about right.",24.3
demo-consumer,co-054,co-q14,choice,Which flavours would you like Kettlebird to launch next? Select all that apply.,Honey mustard; Cheese & onion; Salted caramel; Wasabi; Plain unsalted,21.9
demo-consumer,co-054,co-q15,matrix,How much do you agree with these statements about snacking occasions?,"{""I snack mainly in the evening"":[""Agree""],""I buy snacks on impulse"":[""Agree""],""I plan snacks as part of the weekly shop"":[""Neither agree nor disagree""],""I prefer savoury snacks over sweet ones"":[""Agree""],""I eat more snacks when watching TV"":[""Strongly agree""],""I try to limit how often I snack"":[""Agree""]}",43.5
demo-consumer,co-054,co-q16,choice,On which occasions do you snack? Select all that apply.,With a drink in the evening; Late at night,10.1
demo-consumer,co-054,co-q17,open,"If you could change one thing about Kettlebird, what would it be?","Nothing really, I'd keep them as they are.",27.5
demo-consumer,co-054,co-q18,choice,How likely are you to buy Kettlebird in the next month?,Likely,8.3
demo-consumer,co-055,co-q01,choice,Which best describes how often you eat packaged savoury snacks?,Every day,15.6
demo-consumer,co-055,co-q02,choice,Which snack brands have you bought in the last three months? Select all that apply.,Brindle Snacks; Supermarket own brand,16
demo-consumer,co-055,co-q03,matrix,"Thinking about Kettlebird crisps, how much do you agree with each statement?","{""Kettlebird tastes better than other brands"":[""Strongly agree""],""Kettlebird is good value for money"":[""Strongly agree""],""Kettlebird uses quality ingredients"":[""Neither agree nor disagree""],""Kettlebird is a brand I trust"":[""Strongly agree""],""Kettlebird is easy to find in shops"":[""Disagree""],""Kettlebird is a brand for people like me"":[""Neither agree nor disagree""]}",51.9
demo-consumer,co-055,co-q04,open,What comes to mind when you think of Kettlebird?,"I think of road trips, we always grab a bag at the services. Could be cheaper though.",41.3
demo-consumer,co-055,co-q05,choice,Where do you usually buy snacks? Select all that apply.,Local convenience store; Online grocery delivery; Farm shop or deli; Somewhere else,30.7
demo-consumer,co-055,co-q06,scale,"How would you rate Kettlebird on taste? (1 = poor, 5 = excellent)",4,7.9
demo-consumer,co-055,co-q07,scale,"How would you rate Kettlebird on price? (1 = poor, 5 = excellent)",5,5.3
demo-consumer,co-055,co-q08,scale,"How would you rate Kettlebird on packaging? (1 = poor, 5 = excellent)",4,6.4
demo-consumer,co-055,co-q09,scale,"How would you rate Kettlebird on availability? (1 = poor, 5 = excellent)",5,3.5
demo-consumer,co-055,co-q10,scale,"How would you rate Kettlebird on variety? (1 = poor, 5 = excellent)",5,8.2
demo-consumer,co-055,co-q11,scale,"How would you rate Kettlebird on healthiness? (1 = poor, 5 = excellent)",4,3.4
demo-consumer,co-055,co-q12,matrix,How much do you agree with these statements about snack packaging?,"{""Resealable bags are important to me"":[""Agree""],""I notice the packaging design when choosing snacks"":[""Agree""],""Paper packaging makes me think a brand is sustainable"":[""Strongly agree""],""I read the ingredient list before buying"":[""Agree""],""Sharing bags are too large for me"":[""Neither agree nor disagree""],""Clear nutrition labels influence what I buy"":[""Agree""]}",48.2
demo-consumer,co-055,co-q13,open,Have you tried the new Kettlebird Sea Salt & Thyme flavour?,No,10
demo-consumer,co-055,co-q14,choice,Which flavours would you like Kettlebird to launch next? Select all that apply.,Smoked paprika; Sour cream & chive; Salted caramel; Rosemary & garlic; Plain unsalted,40.3
demo-consumer,co-055,co-q15,matrix,How much do you agree with these statements about snacking occasions?,"{""I snack mainly in the evening"":[""Agree""],""I buy snacks on impulse"":[""Agree""],""I plan snacks as part of the weekly shop"":[""Neither agree nor disagree""],""I prefer savoury snacks over sweet ones"":[""Neither agree nor disagree""],""I eat more snacks when watching TV"":[""Strongly agree""],""I try to limit how often I snack"":[""Strongly agree""]}",39.8
demo-consumer,co-055,co-q16,choice,On which occasions do you snack? Select all that apply.,With a drink in the evening; Late at night,11.6
demo-consumer,co-055,co-q17,open,"If you could change one thing about Kettlebird, what would it be?","Make the bags resealable, half the time the crisps go soft before I finish them. Small thing but it matters.",60.6
demo-consumer,co-055,co-q18,choice,How likely are you to buy Kettlebird in the next month?,Likely,7.4
demo-consumer,co-056,co-q01,choice,Which best describes how often you eat packaged savoury snacks?,Most days,8.4
demo-consumer,co-056,co-q02,choice,Which snack brands have you bought in the last three months? Select all that apply.,Kettlebird; Marsh & Fennel; Pop Hollow; Brindle Snacks,10.3
demo-consumer,co-056,co-q03,matrix,"Thinking about Kettlebird crisps, how much do you agree with each statement?","{""Kettlebird tastes better than other brands"":[""Agree""],""Kettlebird is good value for money"":[""Neither agree nor disagree""],""Kettlebird uses quality ingredients"":[""Neither agree nor disagree""],""Kettlebird is a brand I trust"":[""Strongly agree""],""Kettlebird is easy to find in shops"":[""Neither agree nor disagree""],""Kettlebird is a brand for people like me"":[""Neither agree nor disagree""]}",22
demo-consumer,co-056,co-q04,open,What comes to mind when you think of Kettlebird?,"Thick-cut crisps in a brown paper bag, slightly pricey but good for a weekend treat. Haven't had them in a while.",36.4
demo-consumer,co-056,co-q05,choice,Where do you usually buy snacks? Select all that apply.,Local convenience store; Vending machine,3.7
demo-consumer,co-056,co-q06,scale,"How would you rate Kettlebird on taste? (1 = poor, 5 = excellent)",3,2.2
demo-consumer,co-056,co-q07,scale,"How would you rate Kettlebird on price? (1 = poor, 5 = excellent)",5,3.7
demo-consumer,co-056,co-q08,scale,"How would you rate Kettlebird on packaging? (1 = poor, 5 = excellent)",3,4
demo-consumer,co-056,co-q09,scale,"How would you rate Kettlebird on availability? (1 = poor, 5 = excellent)",3,2.2
demo-consumer,co-056,co-q10,scale,"How would you rate Kettlebird on variety? (1 = poor, 5 = excellent)",2,1.5
demo-consumer,co-056,co-q11,scale,"How would you rate Kettlebird on healthiness? (1 = poor, 5 = excellent)",4,4
demo-consumer,co-056,co-q12,matrix,How much do you agree with these statements about snack packaging?,"{""Resealable bags are important to me"":[""Agree""],""I notice the packaging design when choosing snacks"":[""Strongly agree""],""Paper packaging makes me think a brand is sustainable"":[""Neither agree nor disagree""],""I read the ingredient list before buying"":[""Agree""],""Sharing bags are too large for me"":[""Neither agree nor disagree""],""Clear nutrition labels influence what I buy"":[""Neither agree nor disagree""]}",32.6
demo-consumer,co-056,co-q13,open,Have you tried the new Kettlebird Sea Salt & Thyme flavour?,No,6.3
demo-consumer,co-056,co-q14,choice,Which flavours would you like Kettlebird to launch next? Select all that apply.,Smoked paprika; Sour cream & chive; Sweet chilli; Salted caramel; Wasabi; Rosemary & garlic,10.4
demo-consumer,co-056,co-q15,matrix,How much do you agree with these statements about snacking occasions?,"{""I snack mainly in the evening"":[""Strongly agree""],""I buy snacks on impulse"":[""Strongly agree""],""I plan snacks as part of the weekly shop"":[""Neither agree nor disagree""],""I prefer savoury snacks over sweet ones"":[""Neither agree nor disagree""],""I eat more snacks when watching TV"":[""Agree""],""I try to limit how often I snack"":[""Agree""]}",11.8
demo-consumer,co-056,co-q16,choice,On which occasions do you snack? Select all that apply.,At lunch; Road trips,13.7
demo-consumer,co-056,co-q17,open,"If you could change one thing about Kettlebird, what would it be?","A clearer label about allergens, the print is tiny",22.2
demo-consumer,co-056,co-q18,choice,How likely are you to buy Kettlebird in the next month?,Very likely,6.7
demo-consumer,co-057,co-q01,choice,Which best describes how often you eat packaged savoury snacks?,Rarely or never,9
demo-consumer,co-057,co-q02,choice,Which snack brands have you bought in the last three months? Select all that apply.,Kettlebird; Marsh & Fennel; Old Mill Crisps; Tumbleroot; Supermarket own brand,22.9
demo-consumer,co-057,co-q03,matrix,"Thinking about Kettlebird crisps, how much do you agree with each statement?","{""Kettlebird tastes better than other brands"":[""Strongly agree""],""Kettlebird is good value for money"":[""Strongly agree""],""Kettlebird uses quality ingredients"":[""Strongly agree""],""Kettlebird is a brand I trust"":[""Agree""],""Kettlebird is easy to find in shops"":[""Agree""],""Kettlebird is a brand for people like me"":[""Agree""]}",62.9
demo-consumer,co-057,co-q04,open,What comes to mind when you think of Kettlebird?,"I think of road trips, we always grab a bag at the services. Could be cheaper though.",94.2
demo-consumer,co-057,co-q05,choice,Where do you usually buy snacks? Select all that apply.,Large supermarket; Local convenience store; Petrol station; Farm shop or deli,10.8
demo-consumer,co-057,co-q06,scale,"How would you rate Kettlebird on taste? (1 = poor, 5 = excellent)",4,4.8
demo-consumer,co-057,co-q07,scale,"How would you rate Kettlebird on price? (1 = poor, 5 = excellent)",5,2.3
demo-consumer,co-057,co-q08,scale,"How would you rate Kettlebird on packaging? (1 = poor, 5 = excellent)",4,3.9
demo-consumer,co-057,co-q09,scale,"How would you rate Kettlebird on availability? (1 = poor, 5 = excellent)",4,1.4
demo-consumer,co-057,co-q10,scale,"How would you rate Kettlebird on variety? (1 = poor, 5 = excellent)",4,4.2
demo-consumer,co-057,co-q11,scale,"How would you rate Kettlebird on healthiness? (1 = poor, 5 = excellent)",5,3.3
demo-consumer,co-057,co-q12,matrix,How much do you agree with these statements about snack packaging?,"{""Resealable bags are important to me"":[""Agree""],""I notice the packaging design when choosing snacks"":[""Strongly agree""],""Paper packaging makes me think a brand is sustainable"":[""Strongly agree""],""I read the ingredient list before buying"":[""Agree""],""Sharing bags are too large for me"":[""Neither agree nor disagree""],""Clear nutrition labels influence what I buy"":[""Strongly agree""]}",41.5
demo-consumer,co-057,co-q13,open,Have you tried the new Kettlebird Sea Salt & Thyme flavour?,Nope,8.1
demo-consumer,co-057,co-q14,choice,Which flavours would you like Kettlebird to launch next? Select all that apply.,Sour cream & chive; Black pepper & lime; Sweet chilli; Salted caramel,18
demo-consumer,co-057,co-q15,matrix,How much do you agree with these statements about snacking occasions?,"{""I snack mainly in the evening"":[""Strongly agree""],""I buy snacks on impulse"":[""Strongly agree""],""I plan snacks as part of the weekly shop"":[""Strongly agree""],""I prefer savoury snacks over sweet ones"":[""Neither agree nor disagree""],""I eat more snacks when watching TV"":[""Strongly agree""],""I try to limit how often I snack"":[""Agree""]}",26.7
demo-consumer,co-057,co-q16,choice,On which occasions do you snack? Select all that apply.,With a drink in the evening; Parties and gatherings; Mid-afternoon at work; Picnics and outdoors,25.4
demo-consumer,co-057,co-q17,open,"If you could change one thing about Kettlebird, what would it be?","Lower the price a little, it's hard to justify over the supermarket's own brand",42
demo-consumer,co-057,co-q18,choice,How likely are you to buy Kettlebird in the next month?,Not sure,9
demo-consumer,co-058,co-q01,choice,Which best describes how often you eat packaged savoury snacks?,A few times a month,11.9
demo-consumer,co-058,co-q02,choice,Which snack brands have you bought in the last three months? Select all that apply.,Pop Hollow; Old Mill Crisps; Brindle Snacks,12
demo-consumer,co-058,co-q03,matrix,"Thinking about Kettlebird crisps, how much do you agree with each statement?","{""Kettlebird tastes better than other brands"":[""Strongly agree""],""Kettlebird is good value for money"":[""Neither agree nor disagree""],""Kettlebird uses quality ingredients"":[""Neither agree nor disagree""],""Kettlebird is a brand I trust"":[""Disagree""],""Kettlebird is easy to find in shops"":[""Agree""],""Kettlebird is a brand for people like me"":[""Neither agree nor disagree""]}",29.1
demo-consumer,co-058,co-q04,open,What comes to mind when you think of Kettlebird?,The sharing bags are huge and I never finish one on my own,38.2
demo-consumer,co-058,co-q05,choice,Where do you usually buy snacks? Select all that apply.,Large supermarket,23
demo-consumer,co-058,co-q06,scale,"How would you rate Kettlebird on taste? (1 = poor, 5 = excellent)",4,2.1
demo-consumer,co-058,co-q07,scale,"How would you rate Kettlebird on price? (1 = poor, 5 = excellent)",5,4.9
demo-consumer,co-058,co-q08,scale,"How would you rate Kettlebird on packaging? (1 = poor, 5 = excellent)",4,3
demo-consumer,co-058,co-q09,scale,"How would you rate Kettlebird on availability? (1 = poor, 5 = excellent)",4,8.7
demo-consumer,co-058,co-q10,scale,"How would you rate Kettlebird on variety? (1 = poor, 5 = excellent)",5,2.2
demo-consumer,co-058,co-q11,scale,"How would you rate Kettlebird on healthiness? (1 = poor, 5 = excellent)",5,9.8
demo-consumer,co-058,co-q12,matrix,How much do you agree with these statements about snack packaging?,"{""Resealable bags are important to me"":[""Strongly agree""],""I notice the packaging design when choosing snacks"":[""Strongly agree""],""Paper packaging makes me think a brand is sustainable"":[""Agree""],""I read the ingredient list before buying"":[""Agree""],""Sharing bags are too large for me"":[""Agree""],""Clear nutrition labels influence what I buy"":[""Strongly agree""]}",49.8
demo-consumer,co-058,co-q13,open,Have you tried the new Kettlebird Sea Salt & Thyme flavour?,"No, didn't know it existed until this survey.",43.6
demo-consumer,co-058,co-q14,choice,Which flavours would you like Kettlebird to launch next? Select all that apply.,Smoked paprika; Black pepper & lime; Pickled onion; Plain unsalted,23.4
demo-consumer,co-058,co-q15,matrix,How much do you agree with these statements about snacking occasions?,"{""I snack mainly in the evening"":[""Agree""],""I buy snacks on impulse"":[""Agree""],""I plan snacks as part of the weekly shop"":[""Neither agree nor disagree""],""I prefer savoury snacks over sweet ones"":[""Agree""],""I eat more snacks when watching TV"":[""Agree""],""I try to limit how often I snack"":[""Agree""]}",48.6
demo-consumer,co-058,co-q16,choice,On which occasions do you snack? Select all that apply.,Picnics and outdoors,13.3
demo-consumer,co-058,co-q17,open,"If you could change one thing about Kettlebird, what would it be?","Lower the price a little, it's hard to justify over the supermarket's own brand.",51.2
demo-consumer,co-058,co-q18,choice,How likely are you to buy Kettlebird in the next month?,Not sure,8.9
demo-consumer,co-059,co-q01,choice,Which best describes how often you eat packaged savoury snacks?,A few times a month,14
demo-consumer,co-059,co-q02,choice,Which snack brands have you bought in the last three months? Select all that apply.,Marsh & Fennel; Old Mill Crisps,45.3
demo-consumer,co-059,co-q03,matrix,"Thinking about Kettlebird crisps, how much do you agree with each statement?","{""Kettlebird tastes better than other brands"":[""Strongly agree""],""Kettlebird is good value for money"":[""Strongly agree""],""Kettlebird uses quality ingredients"":[""Strongly agree""],""Kettlebird is a brand I trust"":[""Strongly agree""],""Kettlebird is easy to find in shops"":[""Strongly agree""],""Kettlebird is a brand for people like me"":[""Strongly agree""]}",45.3
demo-consumer,co-059,co-q04,open,What comes to mind when you think of Kettlebird?,Good crunch but too much salt on the paprika one.,27.7
demo-consumer,co-059,co-q05,choice,Where do you usually buy snacks? Select all that apply.,Large supermarket; Local convenience store; Petrol station; Vending machine; Somewhere else,9.8
demo-consumer,co-059,co-q06,scale,"How would you rate Kettlebird on taste? (1 = poor, 5 = excellent)",5,5
demo-consumer,co-059,co-q07,scale,"How would you rate Kettlebird on price? (1 = poor, 5 = excellent)",4,7
demo-consumer,co-059,co-q08,scale,"How would you rate Kettlebird on packaging? (1 = poor, 5 = excellent)",5,3.3
demo-consumer,co-059,co-q09,scale,"How would you rate Kettlebird on availability? (1 = poor, 5 = excellent)",5,4.2
demo-consumer,co-059,co-q10,scale,"How would you rate Kettlebird on variety? (1 = poor, 5 = excellent)",4,5.1
demo-consumer,co-059,co-q11,scale,"How would you rate Kettlebird on healthiness? (1 = poor, 5 = excellent)",5,2.1
demo-consumer,co-059,co-q12,matrix,How much do you agree with these statements about snack packaging?,"{""Resealable bags are important to me"":[""Strongly agree""],""I notice the packaging design when choosing snacks"":[""Strongly agree""],""Paper packaging makes me think a brand is sustainable"":[""Strongly agree""],""I read the ingredient list before buying"":[""Strongly agree""],""Sharing bags are too large for me"":[""Agree""],""Clear nutrition labels influence what I buy"":[""Strongly agree""]}",25.5
demo-consumer,co-059,co-q13,open,Have you tried the new Kettlebird Sea Salt & Thyme flavour?,No.,14.9
demo-consumer,co-059,co-q14,choice,Which flavours would you like Kettlebird to launch next? Select all that apply.,Honey mustard; Truffle; Wasabi,9.8
demo-consumer,co-059,co-q15,matrix,How much do you agree with these statements about snacking occasions?,"{""I snack mainly in the evening"":[""Agree""],""I buy snacks on impulse"":[""Agree""],""I plan snacks as part of the weekly shop"":[""Strongly agree""],""I prefer savoury snacks over sweet ones"":[""Strongly agree""],""I eat more snacks when watching TV"":[""Strongly agree""],""I try to limit how often I snack"":[""Strongly agree""]}",18
demo-consumer,co-059,co-q16,choice,On which occasions do you snack? Select all that apply.,With a drink in the evening; At lunch; Watching films or TV; Mid-afternoon at work,12
demo-consumer,co-059,co-q17,open,"If you could change one thing about Kettlebird, what would it be?","Lower the price a little, it's hard to justify over the supermarket's own brand. That would make me buy them more often.",59.1
demo-consumer,co-059,co-q18,choice,How likely are you to buy Kettlebird in the next month?,Likely,7.5
demo-consumer,co-060,co-q01,choice,Which best describes how often you eat packaged savoury snacks?,Rarely or never,10.5
demo-consumer,co-060,co-q02,choice,Which snack brands have you bought in the last three months? Select all that apply.,Marsh & Fennel; Crunchfield; Saltwater Co.; Brindle Snacks; Supermarket own brand,23.1
demo-consumer,co-060,co-q03,matrix,"Thinking about Kettlebird crisps, how much do you agree with each statement?","{""Kettlebird tastes better than other brands"":[""Strongly agree""],""Kettlebird is good value for money"":[""Neither agree nor disagree""],""Kettlebird uses quality ingredients"":[""Disagree""],""Kettlebird is a brand I trust"":[""Agree""],""Kettlebird is easy to find in shops"":[""Disagree""],""Kettlebird is a brand for people like me"":[""Agree""]}",18
demo-consumer,co-060,co-q04,open,What comes to mind when you think of Kettlebird?,"Rustic packaging, farmer imagery, slightly premium positioning.",38
demo-consumer,co-060,co-q05,choice,Where do you usually buy snacks? Select all that apply.,Local convenience store; Petrol station; Farm shop or deli; Vending machine; Somewhere else,10.8
demo-consumer,co-060,co-q06,scale,"How would you rate Kettlebird on taste? (1 = poor, 5 = excellent)",2,1.7
demo-consumer,co-060,co-q07,scale,"How would you rate Kettlebird on price? (1 = poor, 5 = excellent)",3,6.4
demo-consumer,co-060,co-q08,scale,"How would you rate Kettlebird on packaging? (1 = poor, 5 = excellent)",4,5.6
demo-consumer,co-060,co-q09,scale,"How would you rate Kettlebird on availability? (1 = poor, 5 = excellent)",2,5.8
demo-consumer,co-060,co-q10,scale,"How would you rate Kettlebird on variety? (1 = poor, 5 = excellent)",1,9.9
demo-consumer,co-060,co-q11,scale,"How would you rate Kettlebird on healthiness? (1 = poor, 5 = excellent)",4,6.2
demo-consumer,co-060,co-q12,matrix,How much do you agree with these statements about snack packaging?,"{""Resealable bags are important to me"":[""Disagree""],""I notice the packaging design when choosing snacks"":[""Neither agree nor disagree""],""Paper packaging makes me think a brand is sustainable"":[""Agree""],""I read the ingredient list before buying"":[""Strongly agree""],""Sharing bags are too large for me"":[""Agree""],""Clear nutrition labels influence what I buy"":[""Agree""]}",33.9
demo-consumer,co-060,co-q13,open,Have you tried the new Kettlebird Sea Salt & Thyme flavour?,Yep,10.8
demo-consumer,co-060,co-q14,choice,Which flavours would you like Kettlebird to launch next? Select all that apply.,Smoked paprika,21.6
demo-consumer,co-060,co-q15,matrix,How much do you agree with these statements about snacking occasions?,"{""I snack mainly in the evening"":[""Neither agree nor disagree""],""I buy snacks on impulse"":[""Strongly disagree""],""I plan snacks as part of the weekly shop"":[""Disagree""],""I prefer savoury snacks over sweet ones"":[""Neither agree nor disagree""],""I eat more snacks when watching TV"":[""Neither agree nor disagree""],""I try to limit how often I snack"":[""Neither agree nor disagree""]}",31.9
demo-consumer,co-060,co-q16,choice,On which occasions do you snack? Select all that apply.,Late at night; Picnics and outdoors,15.6
demo-consumer,co-060,co-q17,open,"If you could change one thing about Kettlebird, what would it be?",Add a baked or lower-fat option for people who want a lighter snack.,104.4
demo-consumer,co-060,co-q18,choice,How likely are you to buy Kettlebird in the next month?,Very unlikely,8.4
demo-consumer,co-061,co-q01,choice,Which best describes how often you eat packaged savoury snacks?,Every day,51.8
demo-consumer,co-061,co-q02,choice,Which snack brands have you bought in the last three months? Select all that apply.,Kettlebird; Brindle Snacks,32.6
demo-consumer,co-061,co-q03,matrix,"Thinking about Kettlebird crisps, how much do you agree with each statement?","{""Kettlebird tastes better than other brands"":[""Agree""],""Kettlebird is good value for money"":[""Disagree""],""Kettlebird uses quality ingredients"":[""Disagree""],""Kettlebird is a brand I trust"":[""Disagree""],""Kettlebird is easy to find in shops"":[""Agree""],""Kettlebird is a brand for people like me"":[""Strongly agree""]}",22.4
demo-consumer,co-061,co-q04,open,What comes to mind when you think of Kettlebird?,A small brand I see at the farm shop and the petrol station but nowhere else,54
demo-consumer,co-061,co-q05,choice,Where do you usually buy snacks? Select all that apply.,Large supermarket; Local convenience store; Cinema or venue,21.7
demo-consumer,co-061,co-q06,scale,"How would you rate Kettlebird on taste? (1 = poor, 5 = excellent)",4,4.2
demo-consumer,co-061,co-q07,scale,"How would you rate Kettlebird on price? (1 = poor, 5 = excellent)",4,10.1
demo-consumer,co-061,co-q08,scale,"How would you rate Kettlebird on packaging? (1 = poor, 5 = excellent)",3,6.1
demo-consumer,co-061,co-q09,scale,"How would you rate Kettlebird on availability? (1 = poor, 5 = excellent)",4,4.5
demo-consumer,co-061,co-q10,scale,"How would you rate Kettlebird on variety? (1 = poor, 5 = excellent)",4,11.1
demo-consumer,co-061,co-q11,scale,"How would you rate Kettlebird on healthiness? (1 = poor, 5 = excellent)",3,10.3
demo-consumer,co-061,co-q12,matrix,How much do you agree with these statements about snack packaging?,"{""Resealable bags are important to me"":[""Neither agree nor disagree""],""I notice the packaging design when choosing snacks"":[""Agree""],""Paper packaging makes me think a brand is sustainable"":[""Disagree""],""I read the ingredient list before buying"":[""Disagree""],""Sharing bags are too large for me"":[""Agree""],""Clear nutrition labels influence what I buy"":[""Agree""]}",33.1
demo-consumer,co-061,co-q13,open,Have you tried the new Kettlebird Sea Salt & Thyme flavour?,No.,9.3
demo-consumer,co-061,co-q14,choice,Which flavours would you like Kettlebird to launch next? Select all that apply.,Salted caramel; Rosemary & garlic; Pickled onion; Plain unsalted,13.9
demo-consumer,co-061,co-q15,matrix,How much do you agree with these statements about snacking occasions?,"{""I snack mainly in the evening"":[""Disagree""],""I buy snacks on impulse"":[""Agree""],""I plan snacks as part of the weekly shop"":[""Disagree""],""I prefer savoury snacks over sweet ones"":[""Disagree""],""I eat more snacks when watching TV"":[""Neither agree nor disagree""],""I try to limit how often I snack"":[""Agree""]}",95.1
demo-consumer,co-061,co-q16,choice,On which occasions do you snack? Select all that apply.,Parties and gatherings; Picnics and outdoors,33.4
demo-consumer,co-061,co-q17,open,"If you could change one thing about Kettlebird, what would it be?","Smaller single-serve bags for lunchboxes would be great. Hell, I'd buy them again tomorrow.",93.4
demo-consumer,co-061,co-q18,choice,How likely are you to buy Kettlebird in the next month?,Unlikely,6.6
demo-consumer,co-062,co-q01,choice,Which best describes how often you eat packaged savoury snacks?,A few times a week,25.7
demo-consumer,co-062,co-q02,choice,Which snack brands have you bought in the last three months? Select all that apply.,Kettlebird; Crunchfield; Brindle Snacks; Tumbleroot,1.2
demo-consumer,co-062,co-q03,matrix,"Thinking about Kettlebird crisps, how much do you agree with each statement?","{""Kettlebird tastes better than other brands"":[""Neither agree nor disagree""],""Kettlebird is good value for money"":[""Strongly agree""],""Kettlebird uses quality ingredients"":[""Strongly agree""],""Kettlebird is a brand I trust"":[""Strongly agree""],""Kettlebird is easy to find in shops"":[""Neither agree nor disagree""],""Kettlebird is a brand for people like me"":[""Agree""]}",85.6
demo-consumer,co-062,co-q04,open,What comes to mind when you think of Kettlebird?,Good crunch but too much salt on the paprika one. My kids like them too.,65.8
demo-consumer,co-062,co-q05,choice,Where do you usually buy snacks? Select all that apply.,Local convenience store; Petrol station; Online grocery delivery; Vending machine; Discount store,20.6
demo-consumer,co-062,co-q06,scale,"How would you rate Kettlebird on taste? (1 = poor, 5 = excellent)",3,5.9
demo-consumer,co-062,co-q07,scale,"How would you rate Kettlebird on price? (1 = poor, 5 = excellent)",4,3.4
demo-consumer,co-062,co-q08,scale,"How would you rate Kettlebird on packaging? (1 = poor, 5 = excellent)",5,2.9
demo-consumer,co-062,co-q09,scale,"How would you rate Kettlebird on availability? (1 = poor, 5 = excellent)",4,3.1
demo-consumer,co-062,co-q10,scale,"How would you rate Kettlebird on variety? (1 = poor, 5 = excellent)",3,6.2
demo-consumer,co-062,co-q11,scale,"How would you rate Kettlebird on healthiness? (1 = poor, 5 = excellent)",5,5.5
demo-consumer,co-062,co-q12,matrix,How much do you agree with these statements about snack packaging?,"{""Resealable bags are important to me"":[""Strongly agree""],""I notice the packaging design when choosing snacks"":[""Strongly agree""],""Paper packaging makes me think a brand is sustainable"":[""Neither agree nor disagree""],""I read the ingredient list before buying"":[""Strongly agree""],""Sharing bags are too large for me"":[""Strongly agree""],""Clear nutrition labels influence what I buy"":[""Strongly agree""]}",62.2
demo-consumer,co-062,co-q13,open,Have you tried the new Kettlebird Sea Salt & Thyme flavour?,"No, didn't know it existed until this survey.",26.3
demo-consumer,co-062,co-q14,choice,Which flavours would you like Kettlebird to launch next? Select all that apply.,Honey mustard; Truffle; Wasabi; Rosemary & garlic,36.3
demo-consumer,co-062,co-q15,matrix,How much do you agree with these statements about snacking occasions?,"{""I snack mainly in the evening"":[""Agree""],""I buy snacks on impulse"":[""Strongly agree""],""I plan snacks as part of the weekly shop"":[""Strongly agree""],""I prefer savoury snacks over sweet ones"":[""Neither agree nor disagree""],""I eat more snacks when watching TV"":[""Agree""],""I try to limit how often I snack"":[""Strongly agree""]}",31
demo-consumer,co-062,co-q16,choice,On which occasions do you snack? Select all that apply.,Parties and gatherings; Mid-afternoon at work; Picnics and outdoors,9.9
demo-consumer,co-062,co-q17,open,"If you could change one thing about Kettlebird, what would it be?","Bring back the mature cheddar flavour, that was my favourite.",76.4
demo-consumer,co-062,co-q18,choice,How likely are you to buy Kettlebird in the next month?,Unlikely,12.3
demo-consumer,co-063,co-q01,choice,Which best describes how often you eat packaged savoury snacks?,Most days,5.4
demo-consumer,co-063,co-q02,choice,Which snack brands have you bought in the last three months? Select all that apply.,Pop Hollow; Crunchfield; Saltwater Co.; Supermarket own brand,7.8
demo-consumer,co-063,co-q03,matrix,"Thinking about Kettlebird crisps, how much do you agree with each statement?","{""Kettlebird tastes better than other brands"":[""Neither agree nor disagree""],""Kettlebird is good value for money"":[""Neither agree nor disagree""],""Kettlebird uses quality ingredients"":[""Neither agree nor disagree""],""Kettlebird is a brand I trust"":[""Agree""],""Kettlebird is easy to find in shops"":[""Neither agree nor disagree""],""Kettlebird is a brand for people like me"":[""Neither agree nor disagree""]}",27
demo-consumer,co-063,co-q04,open,What comes to mind when you think of Kettlebird?,47,12.1
demo-consumer,co-063,co-q05,choice,Where do you usually buy snacks? Select all that apply.,Local convenience store; Petrol station; Farm shop or deli; Cinema or venue; Somewhere else,9.7
demo-consumer,co-063,co-q06,scale,"How would you rate Kettlebird on taste? (1 = poor, 5 = excellent)",3,5.2
demo-consumer,co-063,co-q07,scale,"How would you rate Kettlebird on price? (1 = poor, 5 = excellent)",4,2.1
demo-consumer,co-063,co-q08,scale,"How would you rate Kettlebird on packaging? (1 = poor, 5 = excellent)",4,2.5
demo-consumer,co-063,co-q09,scale,"How would you rate Kettlebird on availability? (1 = poor, 5 = excellent)",4,2.6
demo-consumer,co-063,co-q10,scale,"How would you rate Kettlebird on variety? (1 = poor, 5 = excellent)",4,6
demo-consumer,co-063,co-q11,scale,"How would you rate Kettlebird on healthiness? (1 = poor, 5 = excellent)",3,12.7
demo-consumer,co-063,co-q12,matrix,How much do you agree with these statements about snack packaging?,"{""Resealable bags are important to me"":[""Neither agree nor disagree""],""I notice the packaging design when choosing snacks"":[""Neither agree nor disagree""],""Paper packaging makes me think a brand is sustainable"":[""Neither agree nor disagree""],""I read the ingredient list before buying"":[""Strongly agree""],""Sharing bags are too large for me"":[""Strongly agree""],""Clear nutrition labels influence what I buy"":[""Disagree""]}",30.2
demo-consumer,co-063,co-q13,open,Have you tried the new Kettlebird Sea Salt & Thyme flavour?,86,7.4
demo-consumer,co-063,co-q14,choice,Which flavours would you like Kettlebird to launch next? Select all that apply.,Plain unsalted,13
demo-consumer,co-063,co-q15,matrix,How much do you agree with these statements about snacking occasions?,"{""I snack mainly in the evening"":[""Neither agree nor disagree""],""I buy snacks on impulse"":[""Agree""],""I plan snacks as part of the weekly shop"":[""Agree""],""I prefer savoury snacks over sweet ones"":[""Agree""],""I eat more snacks when watching TV"":[""Neither agree nor disagree""],""I try to limit how often I snack"":[""Agree""]}",18.3
demo-consumer,co-063,co-q16,choice,On which occasions do you snack? Select all that apply.,Road trips; Parties and gatherings; Picnics and outdoors,26.4
demo-consumer,co-063,co-q17,open,"If you could change one thing about Kettlebird, what would it be?",asdkjh qwe,9.9
demo-consumer,co-063,co-q18,choice,How likely are you to buy Kettlebird in the next month?,Very likely,5
demo-consumer,co-064,co-q01,choice,Which best describes how often you eat packaged savoury snacks?,Most days,33.7
demo-consumer,co-064,co-q02,choice,Which snack brands have you bought in the last three months? Select all that apply.,None of these,34.2
demo-consumer,co-064,co-q03,matrix,"Thinking about Kettlebird crisps, how much do you agree with each statement?","{""Kettlebird tastes better than other brands"":[""Agree""],""Kettlebird is good value for money"":[""Agree""],""Kettlebird uses quality ingredients"":[""Neither agree nor disagree""],""Kettlebird is a brand I trust"":[""Strongly agree""],""Kettlebird is easy to find in shops"":[""Agree""],""Kettlebird is a brand for people like me"":[""Disagree""]}",39.3
demo-consumer,co-064,co-q04,open,What comes to mind when you think of Kettlebird?,"The chilli flavour is genuinely hot, which is rare for crisps.",106.1
demo-consumer,co-064,co-q05,choice,Where do you usually buy snacks? Select all that apply.,Large supermarket; Farm shop or deli; Somewhere else,46.1
demo-consumer,co-064,co-q06,scale,"How would you rate Kettlebird on taste? (1 = poor, 5 = excellent)",4,8.1
demo-consumer,co-064,co-q07,scale,"How would you rate Kettlebird on price? (1 = poor, 5 = excellent)",4,15
demo-consumer,co-064,co-q08,scale,"How would you rate Kettlebird on packaging? (1 = poor, 5 = excellent)",3,9.7
demo-consumer,co-064,co-q09,scale,"How would you rate Kettlebird on availability? (1 = poor, 5 = excellent)",2,10.8
demo-consumer,co-064,co-q10,scale,"How would you rate Kettlebird on variety? (1 = poor, 5 = excellent)",4,6.8
demo-consumer,co-064,co-q11,scale,"How would you rate Kettlebird on healthiness? (1 = poor, 5 = excellent)",3,10
demo-consumer,co-064,co-q12,matrix,How much do you agree with these statements about snack packaging?,"{""Resealable bags are important to me"":[""Neither agree nor disagree""],""I notice the packaging design when choosing snacks"":[""Disagree""],""Paper packaging makes me think a brand is sustainable"":[""Agree""],""I read the ingredient list before buying"":[""Neither agree nor disagree""],""Sharing bags are too large for me"":[""Neither agree nor disagree""],""Clear nutrition labels influence what I buy"":[""Strongly agree""]}",68.5
demo-consumer,co-064,co-q13,open,Have you tried the new Kettlebird Sea Salt & Thyme flavour?,Nope,6.2
demo-consumer,co-064,co-q14,choice,Which flavours would you like Kettlebird to launch next? Select all that apply.,Smoked paprika; Black pepper & lime; Sweet chilli; Wasabi; Rosemary & garlic,27.1
demo-consumer,co-064,co-q15,matrix,How much do you agree with these statements about snacking occasions?,"{""I snack mainly in the evening"":[""Strongly agree""],""I buy snacks on impulse"":[""Neither agree nor disagree""],""I plan snacks as part of the weekly shop"":[""Disagree""],""I prefer savoury snacks over sweet ones"":[""Neither agree nor disagree""],""I eat more snacks when watching TV"":[""Neither agree nor disagree""],""I try to limit how often I snack"":[""Disagree""]}",105.7
demo-consumer,co-064,co-q16,choice,On which occasions do you snack? Select all that apply.,At lunch,21
demo-consumer,co-064,co-q17,open,"If you could change one thing about Kettlebird, what would it be?","Less salt on the paprika flavour, it's overpowering.",68.4
demo-consumer,co-064,co-q18,choice,How likely are you to buy Kettlebird in the next month?,Very unlikely,10.9
demo-consumer,co-065,co-q01,choice,Which best describes how often you eat packaged savoury snacks?,Rarely or never,8
demo-consumer,co-065,co-q02,choice,Which snack brands have you bought in the last three months? Select all that apply.,Pop Hollow; Crunchfield; Old Mill Crisps,20
demo-consumer,co-065,co-q03,matrix,"Thinking about Kettlebird crisps, how much do you agree with each statement?","{""Kettlebird tastes better than other brands"":[""Agree""],""Kettlebird is good value for money"":[""Strongly agree""],""Kettlebird uses quality ingredients"":[""Strongly agree""],""Kettlebird is a brand I trust"":[""Strongly agree""],""Kettlebird is easy to find in shops"":[""Agree""],""Kettlebird is a brand for people like me"":[""Strongly agree""]}",36
demo-consumer,co-065,co-q04,open,What comes to mind when you think of Kettlebird?,"The chilli flavour is genuinely hot, which is rare for crisps. Decent brand overall",43.2
demo-consumer,co-065,co-q05,choice,Where do you usually buy snacks? Select all that apply.,Farm shop or deli,10.4
demo-consumer,co-065,co-q06,scale,"How would you rate Kettlebird on taste? (1 = poor, 5 = excellent)",5,5
demo-consumer,co-065,co-q07,scale,"How would you rate Kettlebird on price? (1 = poor, 5 = excellent)",5,5.4
demo-consumer,co-065,co-q08,scale,"How would you rate Kettlebird on packaging? (1 = poor, 5 = excellent)",5,3.3
demo-consumer,co-065,co-q09,scale,"How would you rate Kettlebird on availability? (1 = poor, 5 = excellent)",5,4.3
demo-consumer,co-065,co-q10,scale,"How would you rate Kettlebird on variety? (1 = poor, 5 = excellent)",4,4.8
demo-consumer,co-065,co-q11,scale,"How would you rate Kettlebird on healthiness? (1 = poor, 5 = excellent)",4,12.6
demo-consumer,co-065,co-q12,matrix,How much do you agree with these statements about snack packaging?,"{""Resealable bags are important to me"":[""Agree""],""I notice the packaging design when choosing snacks"":[""Neither agree nor disagree""],""Paper packaging makes me think a brand is sustainable"":[""Strongly agree""],""I read the ingredient list before buying"":[""Strongly agree""],""Sharing bags are too large for me"":[""Strongly agree""],""Clear nutrition labels influence what I buy"":[""Strongly agree""]}",67
demo-consumer,co-065,co-q13,open,Have you tried the new Kettlebird Sea Salt & Thyme flavour?,yes,13.8
demo-consumer,co-065,co-q14,choice,Which flavours would you like Kettlebird to launch next? Select all that apply.,Smoked paprika; Black pepper & lime; Honey mustard; Truffle; Wasabi; Pickled onion,16.3
demo-consumer,co-065,co-q15,matrix,How much do you agree with these statements about snacking occasions?,"{""I snack mainly in the evening"":[""Agree""],""I buy snacks on impulse"":[""Strongly agree""],""I plan snacks as part of the weekly shop"":[""Strongly agree""],""I prefer savoury snacks over sweet ones"":[""Strongly agree""],""I eat more snacks when watching TV"":[""Agree""],""I try to limit how often I snack"":[""Strongly agree""]}",30.1
demo-consumer,co-065,co-q16,choice,On which occasions do you snack? Select all that apply.,Watching films or TV; Parties and gatherings,13.1
demo-consumer,co-065,co-q17,open,"If you could change one thing about Kettlebird, what would it be?","Less salt on the paprika flavour, it's overpowering. Small thing but it matters",37.5
demo-consumer,co-065,co-q18,choice,How likely are you to buy Kettlebird in the next month?,Very unlikely,20.1
demo-consumer,co-066,co-q01,choice,Which best describes how often you eat packaged savoury snacks?,A few times a month,23.6
demo-consumer,co-066,co-q02,choice,Which snack brands have you bought in the last three months? Select all that apply.,None of these,22.2
demo-consumer,co-066,co-q03,matrix,"Thinking about Kettlebird crisps, how much do you agree with each statement?","{""Kettlebird tastes better than other brands"":[""Neither agree nor disagree""],""Kettlebird is good value for money"":[""Neither agree nor disagree""],""Kettlebird uses quality ingredients"":[""Disagree""],""Kettlebird is a brand I trust"":[""Disagree""],""Kettlebird is easy to find in shops"":[""Disagree""],""Kettlebird is a brand for people like me"":[""Strongly disagree""]}",47
demo-consumer,co-066,co-q04,open,What comes to mind when you think of Kettlebird?,a small brand I see at the farm shop and the petrol station but nowhere else. I'd buy them more if they were on offer,70.8
demo-consumer,co-066,co-q05,choice,Where do you usually buy snacks? Select all that apply.,Large supermarket; Online grocery delivery; Farm shop or deli; Cinema or venue,21.6
demo-consumer,co-066,co-q06,scale,"How would you rate Kettlebird on taste? (1 = poor, 5 = excellent)",4,7.9
demo-consumer,co-066,co-q07,scale,"How would you rate Kettlebird on price? (1 = poor, 5 = excellent)",3,4.1
demo-consumer,co-066,co-q08,scale,"How would you rate Kettlebird on packaging? (1 = poor, 5 = excellent)",4,8.9
demo-consumer,co-066,co-q09,scale,"How would you rate Kettlebird on availability? (1 = poor, 5 = excellent)",2,2.9
demo-consumer,co-066,co-q10,scale,"How would you rate Kettlebird on variety? (1 = poor, 5 = excellent)",3,5.6
demo-consumer,co-066,co-q11,scale,"How would you rate Kettlebird on healthiness? (1 = poor, 5 = excellent)",3,3.5
demo-consumer,co-066,co-q12,matrix,How much do you agree with these statements about snack packaging?,"{""Resealable bags are important to me"":[""Disagree""],""I notice the packaging design when choosing snacks"":[""Neither agree nor disagree""],""Paper packaging makes me think a brand is sustainable"":[""Disagree""],""I read the ingredient list before buying"":[""Disagree""],""Sharing bags are too large for me"":[""Disagree""],""Clear nutrition labels influence what I buy"":[""Neither agree nor disagree""]}",64.3
demo-consumer,co-066,co-q13,open,Have you tried the new Kettlebird Sea Salt & Thyme flavour?,Yes.,9.8
demo-consumer,co-066,co-q14,choice,Which flavours would you like Kettlebird to launch next? Select all that apply.,Sour cream & chive; Black pepper & lime; Sweet chilli; Cheese & onion; Salted caramel; Rosemary & garlic,17.9
demo-consumer,co-066,co-q15,matrix,How much do you agree with these statements about snacking occasions?,"{""I snack mainly in the evening"":[""Neither agree nor disagree""],""I buy snacks on impulse"":[""Neither agree nor disagree""],""I plan snacks as part of the weekly shop"":[""Strongly disagree""],""I prefer savoury snacks over sweet ones"":[""Neither agree nor disagree""],""I eat more snacks when watching TV"":[""Neither agree nor disagree""],""I try to limit how often I snack"":[""Disagree""]}",38.1
demo-consumer,co-066,co-q16,choice,On which occasions do you snack? Select all that apply.,At lunch; Watching films or TV; Road trips,10.7
demo-consumer,co-066,co-q17,open,"If you could change one thing about Kettlebird, what would it be?",Smaller single-serve bags for lunchboxes would be great.,55
demo-consumer,co-066,co-q18,choice,How likely are you to buy Kettlebird in the next month?,Very likely,13.5
demo-consumer,co-067,co-q01,choice,Which best describes how often you eat packaged savoury snacks?,Rarely or never,13.3
demo-consumer,co-067,co-q02,choice,Which snack brands have you bought in the last three months? Select all that apply.,Kettlebird; Saltwater Co.; Tumbleroot; Supermarket own brand,19.3
demo-consumer,co-067,co-q03,matrix,"Thinking about Kettlebird crisps, how much do you agree with each statement?","{""Kettlebird tastes better than other brands"":[""Strongly agree""],""Kettlebird is good value for money"":[""Disagree""],""Kettlebird uses quality ingredients"":[""Neither agree nor disagree""],""Kettlebird is a brand I trust"":[""Disagree""],""Kettlebird is easy to find in shops"":[""Disagree""],""Kettlebird is a brand for people like me"":[""Agree""]}",37.6
demo-consumer,co-067,co-q04,open,What comes to mind when you think of Kettlebird?,A small brand I see at the farm shop and the petrol station but nowhere else. My kids like them too,50.8
demo-consumer,co-067,co-q05,choice,Where do you usually buy snacks? Select all that apply.,Online grocery delivery,8.6
demo-consumer,co-067,co-q06,scale,"How would you rate Kettlebird on taste? (1 = poor, 5 = excellent)",4,4.3
demo-consumer,co-067,co-q07,scale,"How would you rate Kettlebird on price? (1 = poor, 5 = excellent)",3,2.9
demo-consumer,co-067,co-q08,scale,"How would you rate Kettlebird on packaging? (1 = poor, 5 = excellent)",4,2.6
demo-consumer,co-067,co-q09,scale,"How would you rate Kettlebird on availability? (1 = poor, 5 = excellent)",5,1.8
demo-consumer,co-067,co-q10,scale,"How would you rate Kettlebird on variety? (1 = poor, 5 = excellent)",3,2.9
demo-consumer,co-067,co-q11,scale,"How would you rate Kettlebird on healthiness? (1 = poor, 5 = excellent)",3,2.8
demo-consumer,co-067,co-q12,matrix,How much do you agree with these statements about snack packaging?,"{""Resealable bags are important to me"":[""Agree""],""I notice the packaging design when choosing snacks"":[""Neither agree nor disagree""],""Paper packaging makes me think a brand is sustainable"":[""Agree""],""I read the ingredient list before buying"":[""Disagree""],""Sharing bags are too large for me"":[""Agree""],""Clear nutrition labels influence what I buy"":[""Agree""]}",31.9
demo-consumer,co-067,co-q13,open,Have you tried the new Kettlebird Sea Salt & Thyme flavour?,"Yes, I liked it but it's not as good as the rosemary one they did a few years ago.",26.7
demo-consumer,co-067,co-q14,choice,Which flavours would you like Kettlebird to launch next? Select all that apply.,Honey mustard; Truffle; Cheese & onion; Wasabi; Rosemary & garlic; Pickled onion,8.8
demo-consumer,co-067,co-q15,matrix,How much do you agree with these statements about snacking occasions?,"{""I snack mainly in the evening"":[""Disagree""],""I buy snacks on impulse"":[""Agree""],""I plan snacks as part of the weekly shop"":[""Disagree""],""I prefer savoury snacks over sweet ones"":[""Disagree""],""I eat more snacks when watching TV"":[""Neither agree nor disagree""],""I try to limit how often I snack"":[""Neither agree nor disagree""]}",38.8
demo-consumer,co-067,co-q16,choice,On which occasions do you snack? Select all that apply.,With a drink in the evening; Road trips,14.1
demo-consumer,co-067,co-q17,open,"If you could change one thing about Kettlebird, what would it be?","Nothing really, I'd keep them as they are. Everything else is fine.",26.3
demo-consumer,co-067,co-q18,choice,How likely are you to buy Kettlebird in the next month?,Not sure,5.8
demo-consumer,co-068,co-q01,choice,Which best describes how often you eat packaged savoury snacks?,Rarely or never,9.6
demo-consumer,co-068,co-q02,choice,Which snack brands have you bought in the last three months? Select all that apply.,Kettlebird; Crunchfield; Brindle Snacks,23.8
demo-consumer,co-068,co-q03,matrix,"Thinking about Kettlebird crisps, how much do you agree with each statement?","{""Kettlebird tastes better than other brands"":[""Neither agree nor disagree""],""Kettlebird is good value for money"":[""Strongly agree""],""Kettlebird uses quality ingredients"":[""Disagree""],""Kettlebird is a brand I trust"":[""Neither agree nor disagree""],""Kettlebird is easy to find in shops"":[""Neither agree nor disagree""],""Kettlebird is a brand for people like me"":[""Agree""]}",41.7
demo-consumer,co-068,co-q04,open,What comes to mind when you think of Kettlebird?,"Rustic packaging, farmer imagery, slightly premium positioning.",33
demo-consumer,co-068,co-q05,choice,Where do you usually buy snacks? Select all that apply.,Large supermarket; Farm shop or deli; Vending machine; Cinema or venue,21.7
demo-consumer,co-068,co-q06,scale,"How would you rate Kettlebird on taste? (1 = poor, 5 = excellent)",3,5.2
demo-consumer,co-068,co-q07,scale,"How would you rate Kettlebird on price? (1 = poor, 5 = excellent)",3,6
demo-consumer,co-068,co-q08,scale,"How would you rate Kettlebird on packaging? (1 = poor, 5 = excellent)",3,5.3
demo-consumer,co-068,co-q09,scale,"How would you rate Kettlebird on availability? (1 = poor, 5 = excellent)",2,4.1
demo-consumer,co-068,co-q10,scale,"How would you rate Kettlebird on variety? (1 = poor, 5 = excellent)",3,4
demo-consumer,co-068,co-q11,scale,"How would you rate Kettlebird on healthiness? (1 = poor, 5 = excellent)",3,4.6
demo-consumer,co-068,co-q12,matrix,How much do you agree with these statements about snack packaging?,"{""Resealable bags are important to me"":[""Neither agree nor disagree""],""I notice the packaging design when choosing snacks"":[""Disagree""],""Paper packaging makes me think a brand is sustainable"":[""Agree""],""I read the ingredient list before buying"":[""Disagree""],""Sharing bags are too large for me"":[""Disagree""],""Clear nutrition labels influence what I buy"":[""Agree""]}",25.1
demo-consumer,co-068,co-q13,open,Have you tried the new Kettlebird Sea Salt & Thyme flavour?,Nope,11
demo-consumer,co-068,co-q14,choice,Which flavours would you like Kettlebird to launch next? Select all that apply.,Honey mustard; Wasabi; Plain unsalted,18.7
demo-consumer,co-068,co-q15,matrix,How much do you agree with these statements about snacking occasions?,"{""I snack mainly in the evening"":[""Agree""],""I buy snacks on impulse"":[""Strongly disagree""],""I plan snacks as part of the weekly shop"":[""Agree""],""I prefer savoury snacks over sweet ones"":[""Neither agree nor disagree""],""I eat more snacks when watching TV"":[""Disagree""],""I try to limit how often I snack"":[""Disagree""]}",21.7
demo-consumer,co-068,co-q16,choice,On which occasions do you snack? Select all that apply.,Watching films or TV; Road trips; Late at night,16.5
demo-consumer,co-068,co-q17,open,"If you could change one thing about Kettlebird, what would it be?","The packaging looks dated, it needs a refresh.",42.3
demo-consumer,co-068,co-q18,choice,How likely are you to buy Kettlebird in the next month?,Not sure,4.8
demo-consumer,co-069,co-q01,choice,Which best describes how often you eat packaged savoury snacks?,A few times a month,5.9
demo-consumer,co-069,co-q02,choice,Which snack brands have you bought in the last three months? Select all that apply.,Kettlebird; Marsh & Fennel; Saltwater Co.; Tumbleroot,10.4
demo-consumer,co-069,co-q03,matrix,"Thinking about Kettlebird crisps, how much do you agree with each statement?","{""Kettlebird tastes better than other brands"":[""Neither agree nor disagree""],""Kettlebird is good value for money"":[""Disagree""],""Kettlebird uses quality ingredients"":[""Disagree""],""Kettlebird is a brand I trust"":[""Strongly agree""],""Kettlebird is easy to find in shops"":[""Neither agree nor disagree""],""Kettlebird is a brand for people like me"":[""Agree""]}",50.3
demo-consumer,co-069,co-q04,open,What comes to mind when you think of Kettlebird?,Don't know,16.4
demo-consumer,co-069,co-q05,choice,Where do you usually buy snacks? Select all that apply.,Farm shop or deli,8.2
demo-consumer,co-069,co-q06,scale,"How would you rate Kettlebird on taste? (1 = poor, 5 = excellent)",4,2.8
demo-consumer,co-069,co-q07,scale,"How would you rate Kettlebird on price? (1 = poor, 5 = excellent)",3,2.3
demo-consumer,co-069,co-q08,scale,"How would you rate Kettlebird on packaging? (1 = poor, 5 = excellent)",3,3.1
demo-consumer,co-069,co-q09,scale,"How would you rate Kettlebird on availability? (1 = poor, 5 = excellent)",4,4.9
demo-consumer,co-069,co-q10,scale,"How would you rate Kettlebird on variety? (1 = poor, 5 = excellent)",4,6.3
demo-consumer,co-069,co-q11,scale,"How would you rate Kettlebird on healthiness? (1 = poor, 5 = excellent)",3,7.4
demo-consumer,co-069,co-q12,matrix,How much do you agree with these statements about snack packaging?,"{""Resealable bags are important to me"":[""Neither agree nor disagree""],""I notice the packaging design when choosing snacks"":[""Agree""],""Paper packaging makes me think a brand is sustainable"":[""Disagree""],""I read the ingredient list before buying"":[""Agree""],""Sharing bags are too large for me"":[""Agree""],""Clear nutrition labels influence what I buy"":[""Neither agree nor disagree""]}",35.7
demo-consumer,co-069,co-q13,open,Have you tried the new Kettlebird Sea Salt & Thyme flavour?,"No, didn't know it existed until this survey.",19.4
demo-consumer,co-069,co-q14,choice,Which flavours would you like Kettlebird to launch next? Select all that apply.,Black pepper & lime; Salted caramel; Pickled onion,17.7
demo-consumer,co-069,co-q15,matrix,How much do you agree with these statements about snacking occasions?,"{""I snack mainly in the evening"":[""Strongly agree""],""I buy snacks on impulse"":[""Strongly agree""],""I plan snacks as part of the weekly shop"":[""Strongly agree""],""I prefer savoury snacks over sweet ones"":[""Agree""],""I eat more snacks when watching TV"":[""Agree""],""I try to limit how often I snack"":[""Neither agree nor disagree""]}",77.5
demo-consumer,co-069,co-q16,choice,On which occasions do you snack? Select all that apply.,With a drink in the evening; At lunch; Mid-afternoon at work,17.9
demo-consumer,co-069,co-q17,open,"If you could change one thing about Kettlebird, what would it be?",Add a baked or lower-fat option for people who want a lighter snack,33.5
demo-consumer,co-069,co-q18,choice,How likely are you to buy Kettlebird in the next month?,Very likely,11.5
demo-consumer,co-070,co-q01,choice,Which best describes how often you eat packaged savoury snacks?,Rarely or never,5.5
demo-consumer,co-070,co-q02,choice,Which snack brands have you bought in the last three months? Select all that apply.,None of these,4.6
demo-consumer,co-070,co-q03,matrix,"Thinking about Kettlebird crisps, how much do you agree with each statement?","{""Kettlebird tastes better than other brands"":[""Disagree""],""Kettlebird is good value for money"":[""Neither agree nor disagree""],""Kettlebird uses quality ingredients"":[""Disagree""],""Kettlebird is a brand I trust"":[""Neither agree nor disagree""],""Kettlebird is easy to find in shops"":[""Disagree""],""Kettlebird is a brand for people like me"":[""Neither agree nor disagree""]}",21.4
demo-consumer,co-070,co-q04,open,What comes to mind when you think of Kettlebird?,a small brand I see at the farm shop and the petrol station but nowhere else. Haven't had them in a while.,40.5
demo-consumer,co-070,co-q05,choice,Where do you usually buy snacks? Select all that apply.,Local convenience store; Online grocery delivery; Farm shop or deli; Vending machine; Somewhere else,11.3
demo-consumer,co-070,co-q06,scale,"How would you rate Kettlebird on taste? (1 = poor, 5 = excellent)",2,3.1
demo-consumer,co-070,co-q07,scale,"How would you rate Kettlebird on price? (1 = poor, 5 = excellent)",3,2.9
demo-consumer,co-070,co-q08,scale,"How would you rate Kettlebird on packaging? (1 = poor, 5 = excellent)",2,4
demo-consumer,co-070,co-q09,scale,"How would you rate Kettlebird on availability? (1 = poor, 5 = excellent)",3,4.7
demo-consumer,co-070,co-q10,scale,"How would you rate Kettlebird on variety? (1 = poor, 5 = excellent)",4,2.8
demo-consumer,co-070,co-q11,scale,"How would you rate Kettlebird on healthiness? (1 = poor, 5 = excellent)",3,4.1
demo-consumer,co-070,co-q12,matrix,How much do you agree with these statements about snack packaging?,"{""Resealable bags are important to me"":[""Neither agree nor disagree""],""I notice the packaging design when choosing snacks"":[""Neither agree nor disagree""],""Paper packaging makes me think a brand is sustainable"":[""Disagree""],""I read the ingredient list before buying"":[""Disagree""],""Sharing bags are too large for me"":[""Agree""],""Clear nutrition labels influence what I buy"":[""Disagree""]}",39.8
demo-consumer,co-070,co-q13,open,Have you tried the new Kettlebird Sea Salt & Thyme flavour?,"Yes, once at a friend's place, it tasted a bit like stuffing which I didn't mind.",24.5
demo-consumer,co-070,co-q14,choice,Which flavours would you like Kettlebird to launch next? Select all that apply.,Smoked paprika; Black pepper & lime; Truffle,13.3
demo-consumer,co-070,co-q15,matrix,How much do you agree with these statements about snacking occasions?,"{""I snack mainly in the evening"":[""Neither agree nor disagree""],""I buy snacks on impulse"":[""Neither agree nor disagree""],""I plan snacks as part of the weekly shop"":[""Disagree""],""I prefer savoury snacks over sweet ones"":[""Neither agree nor disagree""],""I eat more snacks when watching TV"":[""Disagree""],""I try to limit how often I snack"":[""Neither agree nor disagree""]}",20.7
demo-consumer,co-070,co-q16,choice,On which occasions do you snack? Select all that apply.,With a drink in the evening,11.9
demo-consumer,co-070,co-q17,open,"If you could change one thing about Kettlebird, what would it be?",smaller single-serve bags for lunchboxes would be great. Otherwise I'm happy with them.,55.8
demo-consumer,co-070,co-q18,choice,How likely are you to buy Kettlebird in the next month?,Not sure,5.2
demo-consumer,co-071,co-q01,choice,Which best describes how often you eat packaged savoury snacks?,Every day,10.1
demo-consumer,co-071,co-q02,choice,Which snack brands have you bought in the last three months? Select all that apply.,Kettlebird; Tumbleroot,21.8
demo-consumer,co-071,co-q03,matrix,"Thinking about Kettlebird crisps, how much do you agree with each statement?","{""Kettlebird tastes better than other brands"":[""Agree""],""Kettlebird is good value for money"":[""Strongly agree""],""Kettlebird uses quality ingredients"":[""Agree""],""Kettlebird is a brand I trust"":[""Agree""],""Kettlebird is easy to find in shops"":[""Strongly agree""],""Kettlebird is a brand for people like me"":[""Neither agree nor disagree""]}",25.9
demo-consumer,co-071,co-q04,open,What comes to mind when you think of Kettlebird?,"I think of road trips, we always grab a bag at the services",40.1
demo-consumer,co-071,co-q05,choice,Where do you usually buy snacks? Select all that apply.,Large supermarket; Petrol station; Farm shop or deli; Cinema or venue,4.9
demo-consumer,co-071,co-q06,scale,"How would you rate Kettlebird on taste? (1 = poor, 5 = excellent)",5,5.8
demo-consumer,co-071,co-q07,scale,"How would you rate Kettlebird on price? (1 = poor, 5 = excellent)",3,3
demo-consumer,co-071,co-q08,scale,"How would you rate Kettlebird on packaging? (1 = poor, 5 = excellent)",3,4.6
demo-consumer,co-071,co-q09,scale,"How would you rate Kettlebird on availability? (1 = poor, 5 = excellent)",5,2.1
demo-consumer,co-071,co-q10,scale,"How would you rate Kettlebird on variety? (1 = poor, 5 = excellent)",4,7
demo-consumer,co-071,co-q11,scale,"How would you rate Kettlebird on healthiness? (1 = poor, 5 = excellent)",4,10.3
demo-consumer,co-071,co-q12,matrix,How much do you agree with these statements about snack packaging?,"{""Resealable bags are important to me"":[""Agree""],""I notice the packaging design when choosing snacks"":[""Agree""],""Paper packaging makes me think a brand is sustainable"":[""Agree""],""I read the ingredient list before buying"":[""Strongly agree""],""Sharing bags are too large for me"":[""Strongly agree""],""Clear nutrition labels influence what I buy"":[""Strongly agree""]}",22.3
demo-consumer,co-071,co-q13,open,Have you tried the new Kettlebird Sea Salt & Thyme flavour?,"No, herb flavours aren't really my thing, I stick to salt and vinegar",35.2
demo-consumer,co-071,co-q14,choice,Which flavours would you like Kettlebird to launch next? Select all that apply.,Black pepper & lime; Cheese & onion; Salted caramel; Rosemary & garlic; Pickled onion; Plain unsalted,24.3
demo-consumer,co-071,co-q15,matrix,How much do you agree with these statements about snacking occasions?,"{""I snack mainly in the evening"":[""Agree""],""I buy snacks on impulse"":[""Neither agree nor disagree""],""I plan snacks as part of the weekly shop"":[""Strongly agree""],""I prefer savoury snacks over sweet ones"":[""Strongly agree""],""I eat more snacks when watching TV"":[""Agree""],""I try to limit how often I snack"":[""Neither agree nor disagree""]}",27.5
demo-consumer,co-071,co-q16,choice,On which occasions do you snack? Select all that apply.,Road trips,12.6
demo-consumer,co-071,co-q17,open,"If you could change one thing about Kettlebird, what would it be?","Multipacks please, I don't want a sharing bag every time.",28.1
demo-consumer,co-071,co-q18,choice,How likely are you to buy Kettlebird in the next month?,Unlikely,6
demo-consumer,co-072,co-q01,choice,Which best describes how often you eat packaged savoury snacks?,Rarely or never,8.4
demo-consumer,co-072,co-q02,choice,Which snack brands have you bought in the last three months? Select all that apply.,Kettlebird; Marsh & Fennel,24.5
demo-consumer,co-072,co-q03,matrix,"Thinking about Kettlebird crisps, how much do you agree with each statement?","{""Kettlebird tastes better than other brands"":[""Strongly disagree""],""Kettlebird is good value for money"":[""Neither agree nor disagree""],""Kettlebird uses quality ingredients"":[""Strongly disagree""],""Kettlebird is a brand I trust"":[""Strongly disagree""],""Kettlebird is easy to find in shops"":[""Neither agree nor disagree""],""Kettlebird is a brand for people like me"":[""Disagree""]}",91.1
demo-consumer,co-072,co-q04,open,What comes to mind when you think of Kettlebird?,A small brand I see at the farm shop and the petrol station but nowhere else. My kids like them too.,89.6
demo-consumer,co-072,co-q05,choice,Where do you usually buy snacks? Select all that apply.,Vending machine,28
demo-consumer,co-072,co-q06,scale,"How would you rate Kettlebird on taste? (1 = poor, 5 = excellent)",1,11.8
demo-consumer,co-072,co-q07,scale,"How would you rate Kettlebird on price? (1 = poor, 5 = excellent)",2,9.5
demo-consumer,co-072,co-q08,scale,"How would you rate Kettlebird on packaging? (1 = poor, 5 = excellent)",2,3
demo-consumer,co-072,co-q09,scale,"How would you rate Kettlebird on availability? (1 = poor, 5 = excellent)",2,8.5
demo-consumer,co-072,co-q10,scale,"How would you rate Kettlebird on variety? (1 = poor, 5 = excellent)",1,12.2
demo-consumer,co-072,co-q11,scale,"How would you rate Kettlebird on healthiness? (1 = poor, 5 = excellent)",4,7.9
demo-consumer,co-072,co-q12,matrix,How much do you agree with these statements about snack packaging?,"{""Resealable bags are important to me"":[""Neither agree nor disagree""],""I notice the packaging design when choosing snacks"":[""Neither agree nor disagree""],""Paper packaging makes me think a brand is sustainable"":[""Strongly disagree""],""I read the ingredient list before buying"":[""Disagree""],""Sharing bags are too large for me"":[""Disagree""],""Clear nutrition labels influence what I buy"":[""Strongly disagree""]}",34.7
demo-consumer,co-072,co-q13,open,Have you tried the new Kettlebird Sea Salt & Thyme flavour?,Nope,10.6
demo-consumer,co-072,co-q14,choice,Which flavours would you like Kettlebird to launch next? Select all that apply.,Smoked paprika; Black pepper & lime; Wasabi; Plain unsalted,16.4
demo-consumer,co-072,co-q15,matrix,How much do you agree with these statements about snacking occasions?,"{""I snack mainly in the evening"":[""Disagree""],""I buy snacks on impulse"":[""Strongly disagree""],""I plan snacks as part of the weekly shop"":[""Disagree""],""I prefer savoury snacks over sweet ones"":[""Neither agree nor disagree""],""I eat more snacks when watching TV"":[""Disagree""],""I try to limit how often I snack"":[""Disagree""]}",36.7
demo-consumer,co-072,co-q16,choice,On which occasions do you snack? Select all that apply.,At lunch; Watching films or TV; Late at night,18.3
demo-consumer,co-072,co-q17,open,"If you could change one thing about Kettlebird, what would it be?","less salt on the paprika flavour, it's overpowering",57.4
demo-consumer,co-072,co-q18,choice,How likely are you to buy Kettlebird in the next month?,Very unlikely,8.4
demo-consumer,co-073,co-q01,choice,Which best describes how often you eat packaged savoury snacks?,Every day,7.7
demo-consumer,co-073,co-q02,choice,Which snack brands have you bought in the last three months? Select all that apply.,Pop Hollow; Old Mill Crisps; Brindle Snacks; Tumbleroot,19.5
demo-consumer,co-073,co-q03,matrix,"Thinking about Kettlebird crisps, how much do you agree with each statement?","{""Kettlebird tastes better than other brands"":[""Agree""],""Kettlebird is good value for money"":[""Agree""],""Kettlebird uses quality ingredients"":[""Neither agree nor disagree""],""Kettlebird is a brand I trust"":[""Agree""],""Kettlebird is easy to find in shops"":[""Strongly agree""],""Kettlebird is a brand for people like me"":[""Disagree""]}",26.9
demo-consumer,co-073,co-q04,open,What comes to mind when you think of Kettlebird?,good crunch but too much salt on the paprika one. I'd buy them more if they were on offer.,55.9
demo-consumer,co-073,co-q05,choice,Where do you usually buy snacks? Select all that apply.,Local convenience store; Somewhere else,17.8
demo-consumer,co-073,co-q06,scale,"How would you rate Kettlebird on taste? (1 = poor, 5 = excellent)",4,4.9
demo-consumer,co-073,co-q07,scale,"How would you rate Kettlebird on price? (1 = poor, 5 = excellent)",2,6.8
demo-consumer,co-073,co-q08,scale,"How would you rate Kettlebird on packaging? (1 = poor, 5 = excellent)",2,6.6
demo-consumer,co-073,co-q09,scale,"How would you rate Kettlebird on availability? (1 = poor, 5 = excellent)",3,6.9
demo-consumer,co-073,co-q10,scale,"How would you rate Kettlebird on variety? (1 = poor, 5 = excellent)",5,4
demo-consumer,co-073,co-q11,scale,"How would you rate Kettlebird on healthiness? (1 = poor, 5 = excellent)",4,6.3
demo-consumer,co-073,co-q12,matrix,How much do you agree with these statements about snack packaging?,"{""Resealable bags are important to me"":[""Neither agree nor disagree""],""I notice the packaging design when choosing snacks"":[""Neither agree nor disagree""],""Paper packaging makes me think a brand is sustainable"":[""Neither agree nor disagree""],""I read the ingredient list before buying"":[""Agree""],""Sharing bags are too large for me"":[""Disagree""],""Clear nutrition labels influence what I buy"":[""Agree""]}",48.4
demo-consumer,co-073,co-q13,open,Have you tried the new Kettlebird Sea Salt & Thyme flavour?,"no, didn't know it existed until this survey.",20.1
demo-consumer,co-073,co-q14,choice,Which flavours would you like Kettlebird to launch next? Select all that apply.,Honey mustard; Cheese & onion; Salted caramel; Rosemary & garlic; Plain unsalted,31.2
demo-consumer,co-073,co-q15,matrix,How much do you agree with these statements about snacking occasions?,"{""I snack mainly in the evening"":[""Strongly agree""],""I buy snacks on impulse"":[""Neither agree nor disagree""],""I plan snacks as part of the weekly shop"":[""Strongly disagree""],""I prefer savoury snacks over sweet ones"":[""Neither agree nor disagree""],""I eat more snacks when watching TV"":[""Strongly agree""],""I try to limit how often I snack"":[""Neither agree nor disagree""]}",43.1
demo-consumer,co-073,co-q16,choice,On which occasions do you snack? Select all that apply.,Watching films or TV; Parties and gatherings; Mid-afternoon at work,16.4
demo-consumer,co-073,co-q17,open,"If you could change one thing about Kettlebird, what would it be?",Add a baked or lower-fat option for people who want a lighter snack. That would make me buy them more often.,68.8
demo-consumer,co-073,co-q18,choice,How likely are you to buy Kettlebird in the next month?,Very unlikely,11.9
demo-consumer,co-074,co-q01,choice,Which best describes how often you eat packaged savoury snacks?,Every day,4.8
demo-consumer,co-074,co-q02,choice,Which snack brands have you bought in the last three months? Select all that apply.,Kettlebird; Saltwater Co.; Tumbleroot; Supermarket own brand,22.1
demo-consumer,co-074,co-q03,matrix,"Thinking about Kettlebird crisps, how much do you agree with each statement?","{""Kettlebird tastes better than other brands"":[""Agree""],""Kettlebird is good value for money"":[""Disagree""],""Kettlebird uses quality ingredients"":[""Strongly agree""],""Kettlebird is a brand I trust"":[""Agree""],""Kettlebird is easy to find in shops"":[""Neither agree nor disagree""],""Kettlebird is a brand for people like me"":[""Agree""]}",28.2
demo-consumer,co-074,co-q04,open,What comes to mind when you think of Kettlebird?,"I think of road trips, we always grab a bag at the services",37.8
demo-consumer,co-074,co-q05,choice,Where do you usually buy snacks? Select all that apply.,Somewhere else,10.9
demo-consumer,co-074,co-q06,scale,"How would you rate Kettlebird on taste? (1 = poor, 5 = excellent)",3,3.5
demo-consumer,co-074,co-q07,scale,"How would you rate Kettlebird on price? (1 = poor, 5 = excellent)",4,8.7
demo-consumer,co-074,co-q08,scale,"How would you rate Kettlebird on packaging? (1 = poor, 5 = excellent)",3,11.8
demo-consumer,co-074,co-q09,scale,"How would you rate Kettlebird on availability? (1 = poor, 5 = excellent)",4,3
demo-consumer,co-074,co-q10,scale,"How would you rate Kettlebird on variety? (1 = poor, 5 = excellent)",3,1.9
demo-consumer,co-074,co-q11,scale,"How would you rate Kettlebird on healthiness? (1 = poor, 5 = excellent)",5,3.2
demo-consumer,co-074,co-q12,matrix,How much do you agree with these statements about snack packaging?,"{""Resealable bags are important to me"":[""Neither agree nor disagree""],""I notice the packaging design when choosing snacks"":[""Strongly agree""],""Paper packaging makes me think a brand is sustainable"":[""Disagree""],""I read the ingredient list before buying"":[""Disagree""],""Sharing bags are too large for me"":[""Strongly agree""],""Clear nutrition labels influence what I buy"":[""Disagree""]}",54.7
demo-consumer,co-074,co-q13,open,Have you tried the new Kettlebird Sea Salt & Thyme flavour?,Yes,13.9
demo-consumer,co-074,co-q14,choice,Which flavours would you like Kettlebird to launch next? Select all that apply.,Black pepper & lime; Cheese & onion,8.3
demo-consumer,co-074,co-q15,matrix,How much do you agree with these statements about snacking occasions?,"{""I snack mainly in the evening"":[""Neither agree nor disagree""],""I buy snacks on impulse"":[""Disagree""],""I plan snacks as part of the weekly shop"":[""Disagree""],""I prefer savoury snacks over sweet ones"":[""Neither agree nor disagree""],""I eat more snacks when watching TV"":[""Agree""],""I try to limit how often I snack"":[""Strongly agree""]}",26.9
demo-consumer,co-074,co-q16,choice,On which occasions do you snack? Select all that apply.,Watching films or TV,8.6
demo-consumer,co-074,co-q17,open,"If you could change one thing about Kettlebird, what would it be?","Lower the price a little, it's hard to justify over the supermarket's own brand.",50.3
demo-consumer,co-074,co-q18,choice,How likely are you to buy Kettlebird in the next month?,Not sure,7.4
demo-consumer,co-075,co-q01,choice,Which best describes how often you eat packaged savoury snacks?,A few times a week,13.3
demo-consumer,co-075,co-q02,choice,Which snack brands have you bought in the last three months? Select all that apply.,Marsh & Fennel; Brindle Snacks; Tumbleroot; Supermarket own brand,20.3
demo-consumer,co-075,co-q03,matrix,"Thinking about Kettlebird crisps, how much do you agree with each statement?","{""Kettlebird tastes better than other brands"":[""Neither agree nor disagree""],""Kettlebird is good value for money"":[""Disagree""],""Kettlebird uses quality ingredients"":[""Neither agree nor disagree""],""Kettlebird is a brand I trust"":[""Agree""],""Kettlebird is easy to find in shops"":[""Agree""],""Kettlebird is a brand for people like me"":[""Agree""]}",62.6
demo-consumer,co-075,co-q04,open,What comes to mind when you think of Kettlebird?,"not a brand I know well, I've seen it in the premium aisle. Decent brand overall.",60
demo-consumer,co-075,co-q05,choice,Where do you usually buy snacks? Select all that apply.,Vending machine,31.5
demo-consumer,co-075,co-q06,scale,"How would you rate Kettlebird on taste? (1 = poor, 5 = excellent)",3,10.2
demo-consumer,co-075,co-q07,scale,"How would you rate Kettlebird on price? (1 = poor, 5 = excellent)",4,2.9
demo-consumer,co-075,co-q08,scale,"How would you rate Kettlebird on packaging? (1 = poor, 5 = excellent)",4,4.5
demo-consumer,co-075,co-q09,scale,"How would you rate Kettlebird on availability? (1 = poor, 5 = excellent)",4,4.8
demo-consumer,co-075,co-q10,scale,"How would you rate Kettlebird on variety? (1 = poor, 5 = excellent)",4,9.9
demo-consumer,co-075,co-q11,scale,"How would you rate Kettlebird on healthiness? (1 = poor, 5 = excellent)",5,4.9
demo-consumer,co-075,co-q12,matrix,How much do you agree with these statements about snack packaging?,"{""Resealable bags are important to me"":[""Agree""],""I notice the packaging design when choosing snacks"":[""Agree""],""Paper packaging makes me think a brand is sustainable"":[""Agree""],""I read the ingredient list before buying"":[""Agree""],""Sharing bags are too large for me"":[""Neither agree nor disagree""],""Clear nutrition labels influence what I buy"":[""Agree""]}",119
demo-consumer,co-075,co-q13,open,Have you tried the new Kettlebird Sea Salt & Thyme flavour?,Yep,10.7
demo-consumer,co-075,co-q14,choice,Which flavours would you like Kettlebird to launch next? Select all that apply.,Truffle; Rosemary & garlic; Pickled onion,28.6
demo-consumer,co-075,co-q15,matrix,How much do you agree with these statements about snacking occasions?,"{""I snack mainly in the evening"":[""Strongly disagree""],""I buy snacks on impulse"":[""Strongly agree""],""I plan snacks as part of the weekly shop"":[""Strongly agree""],""I prefer savoury snacks over sweet ones"":[""Strongly agree""],""I eat more snacks when watching TV"":[""Agree""],""I try to limit how often I snack"":[""Agree""]}",94.7
demo-consumer,co-075,co-q16,choice,On which occasions do you snack? Select all that apply.,At lunch; Parties and gatherings,13.1
demo-consumer,co-075,co-q17,open,"If you could change one thing about Kettlebird, what would it be?","less salt on the paprika flavour, it's overpowering. Just my opinion.",66.4
demo-consumer,co-075,co-q18,choice,How likely are you to buy Kettlebird in the next month?,Very likely,8.9
demo-consumer,co-076,co-q01,choice,Which best describes how often you eat packaged savoury snacks?,Most days,6
demo-consumer,co-076,co-q02,choice,Which snack brands have you bought in the last three months? Select all that apply.,None of these,20
demo-consumer,co-076,co-q03,matrix,"Thinking about Kettlebird crisps, how much do you agree with each statement?","{""Kettlebird tastes better than other brands"":[""Strongly agree""],""Kettlebird is good value for money"":[""Neither agree nor disagree""],""Kettlebird uses quality ingredients"":[""Neither agree nor disagree""],""Kettlebird is a brand I trust"":[""Strongly agree""],""Kettlebird is easy to find in shops"":[""Strongly agree""],""Kettlebird is a brand for people like me"":[""Neither agree nor disagree""]}",29.5
demo-consumer,co-076,co-q04,open,What comes to mind when you think of Kettlebird?,"Rustic packaging, farmer imagery, slightly premium positioning.",38
demo-consumer,co-076,co-q05,choice,Where do you usually buy snacks? Select all that apply.,Large supermarket; Online grocery delivery; Farm shop or deli; Cinema or venue; Discount store,17.6
demo-consumer,co-076,co-q06,scale,"How would you rate Kettlebird on taste? (1 = poor, 5 = excellent)",3,5.8
demo-consumer,co-076,co-q07,scale,"How would you rate Kettlebird on price? (1 = poor, 5 = excellent)",4,3.5
demo-consumer,co-076,co-q08,scale,"How would you rate Kettlebird on packaging? (1 = poor, 5 = excellent)",5,5
demo-consumer,co-076,co-q09,scale,"How would you rate Kettlebird on availability? (1 = poor, 5 = excellent)",3,5.6
demo-consumer,co-076,co-q10,scale,"How would you rate Kettlebird on variety? (1 = poor, 5 = excellent)",3,4
demo-consumer,co-076,co-q11,scale,"How would you rate Kettlebird on healthiness? (1 = poor, 5 = excellent)",4,3.9
demo-consumer,co-076,co-q12,matrix,How much do you agree with these statements about snack packaging?,"{""Resealable bags are important to me"":[""Agree""],""I notice the packaging design when choosing snacks"":[""Agree""],""Paper packaging makes me think a brand is sustainable"":[""Agree""],""I read the ingredient list before buying"":[""Agree""],""Sharing bags are too large for me"":[""Neither agree nor disagree""],""Clear nutrition labels influence what I buy"":[""Neither agree nor disagree""]}",30.5
demo-consumer,co-076,co-q13,open,Have you tried the new Kettlebird Sea Salt & Thyme flavour?,"No, didn't know it existed until this survey.",25.5
demo-consumer,co-076,co-q14,choice,Which flavours would you like Kettlebird to launch next? Select all that apply.,Honey mustard; Truffle; Rosemary & garlic; Pickled onion,7.3
demo-consumer,co-076,co-q15,matrix,How much do you agree with these statements about snacking occasions?,"{""I snack mainly in the evening"":[""Neither agree nor disagree""],""I buy snacks on impulse"":[""Neither agree nor disagree""],""I plan snacks as part of the weekly shop"":[""Disagree""],""I prefer savoury snacks over sweet ones"":[""Disagree""],""I eat more snacks when watching TV"":[""Agree""],""I try to limit how often I snack"":[""Strongly agree""]}",18.2
demo-consumer,co-076,co-q16,choice,On which occasions do you snack? Select all that apply.,Mid-afternoon at work; Late at night,6.7
demo-consumer,co-076,co-q17,open,"If you could change one thing about Kettlebird, what would it be?","Make the bags resealable, half the time the crisps go soft before I finish them.",62.3
demo-consumer,co-076,co-q18,choice,How likely are you to buy Kettlebird in the next month?,Very likely,13.5
demo-consumer,co-077,co-q01,choice,Which best describes how often you eat packaged savoury snacks?,Rarely or never,0.8
demo-consumer,co-077,co-q02,choice,Which snack brands have you bought in the last three months? Select all that apply.,Kettlebird,2.1
demo-consumer,co-077,co-q03,matrix,"Thinking about Kettlebird crisps, how much do you agree with each statement?","{""Kettlebird tastes better than other brands"":[""Neither agree nor disagree""],""Kettlebird is good value for money"":[""Neither agree nor disagree""],""Kettlebird uses quality ingredients"":[""Neither agree nor disagree""],""Kettlebird is a brand I trust"":[""Neither agree nor disagree""],""Kettlebird is easy to find in shops"":[""Neither agree nor disagree""],""Kettlebird is a brand for people like me"":[""Neither agree nor disagree""]}",14.4
demo-consumer,co-077,co-q04,open,What comes to mind when you think of Kettlebird?,good,7.5
demo-consumer,co-077,co-q05,choice,Where do you usually buy snacks? Select all that apply.,Discount store,2.3
demo-consumer,co-077,co-q06,scale,"How would you rate Kettlebird on taste? (1 = poor, 5 = excellent)",5,1
demo-consumer,co-077,co-q07,scale,"How would you rate Kettlebird on price? (1 = poor, 5 = excellent)",5,0.9
demo-consumer,co-077,co-q08,scale,"How would you rate Kettlebird on packaging? (1 = poor, 5 = excellent)",5,1
demo-consumer,co-077,co-q09,scale,"How would you rate Kettlebird on availability? (1 = poor, 5 = excellent)",4,1.1
demo-consumer,co-077,co-q10,scale,"How would you rate Kettlebird on variety? (1 = poor, 5 = excellent)",5,1
demo-consumer,co-077,co-q11,scale,"How would you rate Kettlebird on healthiness? (1 = poor, 5 = excellent)",5,0.9
demo-consumer,co-077,co-q12,matrix,How much do you agree with these statements about snack packaging?,"{""Resealable bags are important to me"":[""Strongly agree""],""I notice the packaging design when choosing snacks"":[""Strongly agree""],""Paper packaging makes me think a brand is sustainable"":[""Strongly agree""],""I read the ingredient list before buying"":[""Strongly agree""],""Sharing bags are too large for me"":[""Strongly agree""],""Clear nutrition labels influence what I buy"":[""Strongly agree""]}",19.7
demo-consumer,co-077,co-q13,open,Have you tried the new Kettlebird Sea Salt & Thyme flavour?,ok,3.6
demo-consumer,co-077,co-q14,choice,Which flavours would you like Kettlebird to launch next? Select all that apply.,Plain unsalted,2.7
demo-consumer,co-077,co-q15,matrix,How much do you agree with these statements about snacking occasions?,"{""I snack mainly in the evening"":[""Neither agree nor disagree""],""I buy snacks on impulse"":[""Neither agree nor disagree""],""I plan snacks as part of the weekly shop"":[""Neither agree nor disagree""],""I prefer savoury snacks over sweet ones"":[""Neither agree nor disagree""],""I eat more snacks when watching TV"":[""Neither agree nor disagree""],""I try to limit how often I snack"":[""Neither agree nor disagree""]}",17
demo-consumer,co-077,co-q16,choice,On which occasions do you snack? Select all that apply.,With a drink in the evening,2.5
demo-consumer,co-077,co-q17,open,"If you could change one thing about Kettlebird, what would it be?",no,9.1
demo-consumer,co-077,co-q18,choice,How likely are you to buy Kettlebird in the next month?,Very unlikely,2.3
demo-consumer,co-078,co-q01,choice,Which best describes how often you eat packaged savoury snacks?,Most days,6.9
demo-consumer,co-078,co-q02,choice,Which snack brands have you bought in the last three months? Select all that apply.,Marsh & Fennel; Pop Hollow; Crunchfield; Old Mill Crisps; Supermarket own brand,9.3
demo-consumer,co-078,co-q03,matrix,"Thinking about Kettlebird crisps, how much do you agree with each statement?","{""Kettlebird tastes better than other brands"":[""Neither agree nor disagree""],""Kettlebird is good value for money"":[""Neither agree nor disagree""],""Kettlebird uses quality ingredients"":[""Neither agree nor disagree""],""Kettlebird is a brand I trust"":[""Agree""],""Kettlebird is easy to find in shops"":[""Neither agree nor disagree""],""Kettlebird is a brand for people like me"":[""Strongly agree""]}",32.2
demo-consumer,co-078,co-q04,open,What comes to mind when you think of Kettlebird?,A small brand I see at the farm shop and the petrol station but nowhere else. Decent brand overall.,43.4
demo-consumer,co-078,co-q05,choice,Where do you usually buy snacks? Select all that apply.,Local convenience store; Discount store; Somewhere else,6
demo-consumer,co-078,co-q06,scale,"How would you rate Kettlebird on taste? (1 = poor, 5 = excellent)",5,2.3
demo-consumer,co-078,co-q07,scale,"How would you rate Kettlebird on price? (1 = poor, 5 = excellent)",4,3.1
demo-consumer,co-078,co-q08,scale,"How would you rate Kettlebird on packaging? (1 = poor, 5 = excellent)",4,2.5
demo-consumer,co-078,co-q09,scale,"How would you rate Kettlebird on availability? (1 = poor, 5 = excellent)",3,3.9
demo-consumer,co-078,co-q10,scale,"How would you rate Kettlebird on variety? (1 = poor, 5 = excellent)",4,3.7
demo-consumer,co-078,co-q11,scale,"How would you rate Kettlebird on healthiness? (1 = poor, 5 = excellent)",3,2.8
demo-consumer,co-078,co-q12,matrix,How much do you agree with these statements about snack packaging?,"{""Resealable bags are important to me"":[""Agree""],""I notice the packaging design when choosing snacks"":[""Agree""],""Paper packaging makes me think a brand is sustainable"":[""Strongly agree""],""I read the ingredient list before buying"":[""Agree""],""Sharing bags are too large for me"":[""Agree""],""Clear nutrition labels influence what I buy"":[""Strongly agree""]}",56.8
demo-consumer,co-078,co-q13,open,Have you tried the new Kettlebird Sea Salt & Thyme flavour?,No,14.9
demo-consumer,co-078,co-q14,choice,Which flavours would you like Kettlebird to launch next? Select all that apply.,Smoked paprika; Sour cream & chive; Wasabi; Plain unsalted,38.7
demo-consumer,co-078,co-q15,matrix,How much do you agree with these statements about snacking occasions?,"{""I snack mainly in the evening"":[""Agree""],""I buy snacks on impulse"":[""Agree""],""I plan snacks as part of the weekly shop"":[""Neither agree nor disagree""],""I prefer savoury snacks over sweet ones"":[""Strongly agree""],""I eat more snacks when watching TV"":[""Neither agree nor disagree""],""I try to limit how often I snack"":[""Disagree""]}",38.5
demo-consumer,co-078,co-q16,choice,On which occasions do you snack? Select all that apply.,With a drink in the evening; At lunch; Late at night,11.6
demo-consumer,co-078,co-q17,open,"If you could change one thing about Kettlebird, what would it be?","Nothing really, I'd keep them as they are.",33.2
demo-consumer,co-078,co-q18,choice,How likely are you to buy Kettlebird in the next month?,Very likely,8.5
demo-consumer,co-079,co-q01,choice,Which best describes how often you eat packaged savoury snacks?,A few times a week,23
demo-consumer,co-079,co-q02,choice,Which snack brands have you bought in the last three months? Select all that apply.,Marsh & Fennel; Brindle Snacks; Tumbleroot; Supermarket own brand,9.1
demo-consumer,co-079,co-q03,matrix,"Thinking about Kettlebird crisps, how much do you agree with each statement?","{""Kettlebird tastes better than other brands"":[""Neither agree nor disagree""],""Kettlebird is good value for money"":[""Disagree""],""Kettlebird uses quality ingredients"":[""Neither agree nor disagree""],""Kettlebird is a brand I trust"":[""Disagree""],""Kettlebird is easy to find in shops"":[""Disagree""],""Kettlebird is a brand for people like me"":[""Strongly disagree""]}",17.8
demo-consumer,co-079,co-q04,open,What comes to mind when you think of Kettlebird?,"Thick-cut crisps in a brown paper bag, slightly pricey but good for a weekend treat. Haven't had them in a while.",50.2
demo-consumer,co-079,co-q05,choice,Where do you usually buy snacks? Select all that apply.,Petrol station; Farm shop or deli; Discount store; Somewhere else,12.1
demo-consumer,co-079,co-q06,scale,"How would you rate Kettlebird on taste? (1 = poor, 5 = excellent)",2,6.8
demo-consumer,co-079,co-q07,scale,"How would you rate Kettlebird on price? (1 = poor, 5 = excellent)",1,3.8
demo-consumer,co-079,co-q08,scale,"How would you rate Kettlebird on packaging? (1 = poor, 5 = excellent)",2,2.6
demo-consumer,co-079,co-q09,scale,"How would you rate Kettlebird on availability? (1 = poor, 5 = excellent)",2,2.4
demo-consumer,co-079,co-q10,scale,"How would you rate Kettlebird on variety? (1 = poor, 5 = excellent)",3,3.7
demo-consumer,co-079,co-q11,scale,"How would you rate Kettlebird on healthiness? (1 = poor, 5 = excellent)",1,3
demo-consumer,co-079,co-q12,matrix,How much do you agree with these statements about snack packaging?,"{""Resealable bags are important to me"":[""Neither agree nor disagree""],""I notice the packaging design when choosing snacks"":[""Disagree""],""Paper packaging makes me think a brand is sustainable"":[""Disagree""],""I read the ingredient list before buying"":[""Neither agree nor disagree""],""Sharing bags are too large for me"":[""Neither agree nor disagree""],""Clear nutrition labels influence what I buy"":[""Disagree""]}",16.8
demo-consumer,co-079,co-q13,open,Have you tried the new Kettlebird Sea Salt & Thyme flavour?,Yes,5.5
demo-consumer,co-079,co-q14,choice,Which flavours would you like Kettlebird to launch next? Select all that apply.,Smoked paprika; Honey mustard; Truffle; Cheese & onion; Rosemary & garlic; Plain unsalted,29.4
demo-consumer,co-079,co-q15,matrix,How much do you agree with these statements about snacking occasions?,"{""I snack mainly in the evening"":[""Disagree""],""I buy snacks on impulse"":[""Strongly disagree""],""I plan snacks as part of the weekly shop"":[""Strongly disagree""],""I prefer savoury snacks over sweet ones"":[""Strongly disagree""],""I eat more snacks when watching TV"":[""Strongly disagree""],""I try to limit how often I snack"":[""Neither agree nor disagree""]}",46.1
demo-consumer,co-079,co-q16,choice,On which occasions do you snack? Select all that apply.,Mid-afternoon at work,17.5
demo-consumer,co-079,co-q17,open,"If you could change one thing about Kettlebird, what would it be?",Add a baked or lower-fat option for people who want a lighter snack.,47
demo-consumer,co-079,co-q18,choice,How likely are you to buy Kettlebird in the next month?,Very unlikely,7.7
demo-consumer,co-080,co-q01,choice,Which best describes how often you eat packaged savoury snacks?,A few times a week,13
demo-consumer,co-080,co-q02,choice,Which snack brands have you bought in the last three months? Select all that apply.,Saltwater Co.; Tumbleroot; Supermarket own brand,16.5
demo-consumer,co-080,co-q03,matrix,"Thinking about Kettlebird crisps, how much do you agree with each statement?","{""Kettlebird tastes better than other brands"":[""Neither agree nor disagree""],""Kettlebird is good value for money"":[""Disagree""],""Kettlebird uses quality ingredients"":[""Neither agree nor disagree""],""Kettlebird is a brand I trust"":[""Agree""],""Kettlebird is easy to find in shops"":[""Neither agree nor disagree""],""Kettlebird is a brand for people like me"":[""Agree""]}",31.1
demo-consumer,co-080,co-q04,open,What comes to mind when you think of Kettlebird?,"I think of road trips, we always grab a bag at the services.",46.6
demo-consumer,co-080,co-q05,choice,Where do you usually buy snacks? Select all that apply.,Large supermarket; Petrol station; Cinema or venue; Somewhere else,8.1
demo-consumer,co-080,co-q06,scale,"How would you rate Kettlebird on taste? (1 = poor, 5 = excellent)",3,2.1
demo-consumer,co-080,co-q07,scale,"How would you rate Kettlebird on price? (1 = poor, 5 = excellent)",2,3.4
demo-consumer,co-080,co-q08,scale,"How would you rate Kettlebird on packaging? (1 = poor, 5 = excellent)",4,2.8
demo-consumer,co-080,co-q09,scale,"How would you rate Kettlebird on availability? (1 = poor, 5 = excellent)",4,5.1
demo-consumer,co-080,co-q10,scale,"How would you rate Kettlebird on variety? (1 = poor, 5 = excellent)",2,1.8
demo-consumer,co-080,co-q11,scale,"How would you rate Kettlebird on healthiness? (1 = poor, 5 = excellent)",2,2.8
demo-consumer,co-080,co-q12,matrix,How much do you agree with these statements about snack packaging?,"{""Resealable bags are important to me"":[""Neither agree nor disagree""],""I notice the packaging design when choosing snacks"":[""Neither agree nor disagree""],""Paper packaging makes me think a brand is sustainable"":[""Disagree""],""I read the ingredient list before buying"":[""Neither agree nor disagree""],""Sharing bags are too large for me"":[""Agree""],""Clear nutrition labels influence what I buy"":[""Disagree""]}",23.8
demo-consumer,co-080,co-q13,open,Have you tried the new Kettlebird Sea Salt & Thyme flavour?,Yes.,13.4
demo-consumer,co-080,co-q14,choice,Which flavours would you like Kettlebird to launch next? Select all that apply.,Smoked paprika; Sweet chilli,29.6
demo-consumer,co-080,co-q15,matrix,How much do you agree with these statements about snacking occasions?,"{""I snack mainly in the evening"":[""Neither agree nor disagree""],""I buy snacks on impulse"":[""Neither agree nor disagree""],""I plan snacks as part of the weekly shop"":[""Disagree""],""I prefer savoury snacks over sweet ones"":[""Agree""],""I eat more snacks when watching TV"":[""Disagree""],""I try to limit how often I snack"":[""Agree""]}",33.2
demo-consumer,co-080,co-q16,choice,On which occasions do you snack? Select all that apply.,At lunch,16.6
demo-consumer,co-080,co-q17,open,"If you could change one thing about Kettlebird, what would it be?","nothing really, I'd keep them as they are.",69
demo-consumer,co-080,co-q18,choice,How likely are you to buy Kettlebird in the next month?,Very likely,8.8
demo-consumer,co-081,co-q01,choice,Which best describes how often you eat packaged savoury snacks?,Most days,10.7
demo-consumer,co-081,co-q02,choice,Which snack brands have you bought in the last three months? Select all that apply.,Marsh & Fennel; Crunchfield; Old Mill Crisps; Brindle Snacks,17.2
demo-consumer,co-081,co-q03,matrix,"Thinking about Kettlebird crisps, how much do you agree with each statement?","{""Kettlebird tastes better than other brands"":[""Neither agree nor disagree""],""Kettlebird is good value for money"":[""Disagree""],""Kettlebird uses quality ingredients"":[""Neither agree nor disagree""],""Kettlebird is a brand I trust"":[""Agree""],""Kettlebird is easy to find in shops"":[""Strongly disagree""],""Kettlebird is a brand for people like me"":[""Agree""]}",29.9
demo-consumer,co-081,co-q04,open,What comes to mind when you think of Kettlebird?,"Crunchy, a bit greasy, the kind of crisps you buy when you want something better than the supermarket brand",40.7
demo-consumer,co-081,co-q05,choice,Where do you usually buy snacks? Select all that apply.,Local convenience store; Vending machine,6.8
demo-consumer,co-081,co-q06,scale,"How would you rate Kettlebird on taste? (1 = poor, 5 = excellent)",2,1.4
demo-consumer,co-081,co-q07,scale,"How would you rate Kettlebird on price? (1 = poor, 5 = excellent)",3,3.8
demo-consumer,co-081,co-q08,scale,"How would you rate Kettlebird on packaging? (1 = poor, 5 = excellent)",3,2.7
demo-consumer,co-081,co-q09,scale,"How would you rate Kettlebird on availability? (1 = poor, 5 = excellent)",2,6.2
demo-consumer,co-081,co-q10,scale,"How would you rate Kettlebird on variety? (1 = poor, 5 = excellent)",2,5.5
demo-consumer,co-081,co-q11,scale,"How would you rate Kettlebird on healthiness? (1 = poor, 5 = excellent)",1,3.6
demo-consumer,co-081,co-q12,matrix,How much do you agree with these statements about snack packaging?,"{""Resealable bags are important to me"":[""Disagree""],""I notice the packaging design when choosing snacks"":[""Disagree""],""Paper packaging makes me think a brand is sustainable"":[""Strongly agree""],""I read the ingredient list before buying"":[""Neither agree nor disagree""],""Sharing bags are too large for me"":[""Agree""],""Clear nutrition labels influence what I buy"":[""Agree""]}",48
demo-consumer,co-081,co-q13,open,Have you tried the new Kettlebird Sea Salt & Thyme flavour?,"Yes, once at a friend's place, it tasted a bit like stuffing which I didn't mind.",19.9
demo-consumer,co-081,co-q14,choice,Which flavours would you like Kettlebird to launch next? Select all that apply.,Black pepper & lime; Sweet chilli; Wasabi; Rosemary & garlic; Pickled onion; Plain unsalted,16.1
demo-consumer,co-081,co-q15,matrix,How much do you agree with these statements about snacking occasions?,"{""I snack mainly in the evening"":[""Disagree""],""I buy snacks on impulse"":[""Neither agree nor disagree""],""I plan snacks as part of the weekly shop"":[""Neither agree nor disagree""],""I prefer savoury snacks over sweet ones"":[""Disagree""],""I eat more snacks when watching TV"":[""Strongly disagree""],""I try to limit how often I snack"":[""Agree""]}",24.1
demo-consumer,co-081,co-q16,choice,On which occasions do you snack? Select all that apply.,At lunch,10.2
demo-consumer,co-081,co-q17,open,"If you could change one thing about Kettlebird, what would it be?",fewer broken crisps at the bottom of the bag.,33.3
demo-consumer,co-081,co-q18,choice,How likely are you to buy Kettlebird in the next month?,Not sure,5.8
demo-consumer,co-082,co-q01,choice,Which best describes how often you eat packaged savoury snacks?,Every day,14.4
demo-consumer,co-082,co-q02,choice,Which snack brands have you bought in the last three months? Select all that apply.,Kettlebird; Pop Hollow; Tumbleroot; Supermarket own brand,25.5
demo-consumer,co-082,co-q03,matrix,"Thinking about Kettlebird crisps, how much do you agree with each statement?","{""Kettlebird tastes better than other brands"":[""Neither agree nor disagree""],""Kettlebird is good value for money"":[""Neither agree nor disagree""],""Kettlebird uses quality ingredients"":[""Disagree""],""Kettlebird is a brand I trust"":[""Disagree""],""Kettlebird is easy to find in shops"":[""Disagree""],""Kettlebird is a brand for people like me"":[""Disagree""]}",53.7
demo-consumer,co-082,co-q04,open,What comes to mind when you think of Kettlebird?,"Honest ingredients and a short list on the back, I like that they don't hide stuff.",107.8
demo-consumer,co-082,co-q05,choice,Where do you usually buy snacks? Select all that apply.,Petrol station; Discount store,13.2
demo-consumer,co-082,co-q06,scale,"How would you rate Kettlebird on taste? (1 = poor, 5 = excellent)",2,4.3
demo-consumer,co-082,co-q07,scale,"How would you rate Kettlebird on price? (1 = poor, 5 = excellent)",3,3.5
demo-consumer,co-082,co-q08,scale,"How would you rate Kettlebird on packaging? (1 = poor, 5 = excellent)",2,8.4
demo-consumer,co-082,co-q09,scale,"How would you rate Kettlebird on availability? (1 = poor, 5 = excellent)",2,4.5
demo-consumer,co-082,co-q10,scale,"How would you rate Kettlebird on variety? (1 = poor, 5 = excellent)",1,11.9
demo-consumer,co-082,co-q11,scale,"How would you rate Kettlebird on healthiness? (1 = poor, 5 = excellent)",2,3.7
demo-consumer,co-082,co-q12,matrix,How much do you agree with these statements about snack packaging?,"{""Resealable bags are important to me"":[""Disagree""],""I notice the packaging design when choosing snacks"":[""Neither agree nor disagree""],""Paper packaging makes me think a brand is sustainable"":[""Strongly disagree""],""I read the ingredient list before buying"":[""Strongly agree""],""Sharing bags are too large for me"":[""Neither agree nor disagree""],""Clear nutrition labels influence what I buy"":[""Disagree""]}",63.4
demo-consumer,co-082,co-q13,open,Have you tried the new Kettlebird Sea Salt & Thyme flavour?,yes,12.6
demo-consumer,co-082,co-q14,choice,Which flavours would you like Kettlebird to launch next? Select all that apply.,Smoked paprika; Black pepper & lime; Truffle; Sweet chilli; Wasabi; Pickled onion,23.5
demo-consumer,co-082,co-q15,matrix,How much do you agree with these statements about snacking occasions?,"{""I snack mainly in the evening"":[""Disagree""],""I buy snacks on impulse"":[""Agree""],""I plan snacks as part of the weekly shop"":[""Agree""],""I prefer savoury snacks over sweet ones"":[""Disagree""],""I eat more snacks when watching TV"":[""Disagree""],""I try to limit how often I snack"":[""Neither agree nor disagree""]}",33.3
demo-consumer,co-082,co-q16,choice,On which occasions do you snack? Select all that apply.,Watching films or TV; Mid-afternoon at work; Late at night,6.3
demo-consumer,co-082,co-q17,open,"If you could change one thing about Kettlebird, what would it be?","Bring back the mature cheddar flavour, that was my favourite.",90.8
demo-consumer,co-082,co-q18,choice,How likely are you to buy Kettlebird in the next month?,Likely,10.2
demo-consumer,co-083,co-q01,choice,Which best describes how often you eat packaged savoury snacks?,A few times a week,5.2
demo-consumer,co-083,co-q02,choice,Which snack brands have you bought in the last three months? Select all that apply.,Pop Hollow; Brindle Snacks,22.1
demo-consumer,co-083,co-q03,matrix,"Thinking about Kettlebird crisps, how much do you agree with each statement?","{""Kettlebird tastes better than other brands"":[""Disagree""],""Kettlebird is good value for money"":[""Disagree""],""Kettlebird uses quality ingredients"":[""Disagree""],""Kettlebird is a brand I trust"":[""Disagree""],""Kettlebird is easy to find in shops"":[""Disagree""],""Kettlebird is a brand for people like me"":[""Disagree""]}",36.8
demo-consumer,co-083,co-q04,open,What comes to mind when you think of Kettlebird?,Decent snack.,8.4
demo-consumer,co-083,co-q05,choice,Where do you usually buy snacks? Select all that apply.,Local convenience store; Online grocery delivery; Discount store,20.2
demo-consumer,co-083,co-q06,scale,"How would you rate Kettlebird on taste? (1 = poor, 5 = excellent)",4,2.7
demo-consumer,co-083,co-q07,scale,"How would you rate Kettlebird on price? (1 = poor, 5 = excellent)",4,4
demo-consumer,co-083,co-q08,scale,"How would you rate Kettlebird on packaging? (1 = poor, 5 = excellent)",4,3.8
demo-consumer,co-083,co-q09,scale,"How would you rate Kettlebird on availability? (1 = poor, 5 = excellent)",4,2.9
demo-consumer,co-083,co-q10,scale,"How would you rate Kettlebird on variety? (1 = poor, 5 = excellent)",4,2.7
demo-consumer,co-083,co-q11,scale,"How would you rate Kettlebird on healthiness? (1 = poor, 5 = excellent)",4,4.7
demo-consumer,co-083,co-q12,matrix,How much do you agree with these statements about snack packaging?,"{""Resealable bags are important to me"":[""Neither agree nor disagree""],""I notice the packaging design when choosing snacks"":[""Neither agree nor disagree""],""Paper packaging makes me think a brand is sustainable"":[""Neither agree nor disagree""],""I read the ingredient list before buying"":[""Neither agree nor disagree""],""Sharing bags are too large for me"":[""Neither agree nor disagree""],""Clear nutrition labels influence what I buy"":[""Neither agree nor disagree""]}",27.3
demo-consumer,co-083,co-q13,open,Have you tried the new Kettlebird Sea Salt & Thyme flavour?,"No, herb flavours aren't really my thing, I stick to salt and vinegar",38.1
demo-consumer,co-083,co-q14,choice,Which flavours would you like Kettlebird to launch next? Select all that apply.,Smoked paprika; Salted caramel; Plain unsalted,17.7
demo-consumer,co-083,co-q15,matrix,How much do you agree with these statements about snacking occasions?,"{""I snack mainly in the evening"":[""Neither agree nor disagree""],""I buy snacks on impulse"":[""Neither agree nor disagree""],""I plan snacks as part of the weekly shop"":[""Neither agree nor disagree""],""I prefer savoury snacks over sweet ones"":[""Neither agree nor disagree""],""I eat more snacks when watching TV"":[""Neither agree nor disagree""],""I try to limit how often I snack"":[""Neither agree nor disagree""]}",47.5
demo-consumer,co-083,co-q16,choice,On which occasions do you snack? Select all that apply.,At lunch; Watching films or TV; Parties and gatherings; Mid-afternoon at work,4.8
demo-consumer,co-083,co-q17,open,"If you could change one thing about Kettlebird, what would it be?",Tasty.,11.1
demo-consumer,co-083,co-q18,choice,How likely are you to buy Kettlebird in the next month?,Very unlikely,9.6
demo-consumer,co-084,co-q01,choice,Which best describes how often you eat packaged savoury snacks?,Rarely or never,10.5
demo-consumer,co-084,co-q02,choice,Which snack brands have you bought in the last three months? Select all that apply.,Marsh & Fennel; Tumbleroot,18.9
demo-consumer,co-084,co-q03,matrix,"Thinking about Kettlebird crisps, how much do you agree with each statement?","{""Kettlebird tastes better than other brands"":[""Strongly agree""],""Kettlebird is good value for money"":[""Agree""],""Kettlebird uses quality ingredients"":[""Agree""],""Kettlebird is a brand I trust"":[""Neither agree nor disagree""],""Kettlebird is easy to find in shops"":[""Strongly agree""],""Kettlebird is a brand for people like me"":[""Agree""]}",57.7
demo-consumer,co-084,co-q04,open,What comes to mind when you think of Kettlebird?,good crunch but too much salt on the paprika one. I'd buy them more if they were on offer.,56.6
demo-consumer,co-084,co-q05,choice,Where do you usually buy snacks? Select all that apply.,Online grocery delivery,14.1
demo-consumer,co-084,co-q06,scale,"How would you rate Kettlebird on taste? (1 = poor, 5 = excellent)",5,4.7
demo-consumer,co-084,co-q07,scale,"How would you rate Kettlebird on price? (1 = poor, 5 = excellent)",5,3.8
demo-consumer,co-084,co-q08,scale,"How would you rate Kettlebird on packaging? (1 = poor, 5 = excellent)",5,4.2
demo-consumer,co-084,co-q09,scale,"How would you rate Kettlebird on availability? (1 = poor, 5 = excellent)",4,7.7
demo-consumer,co-084,co-q10,scale,"How would you rate Kettlebird on variety? (1 = poor, 5 = excellent)",5,7.1
demo-consumer,co-084,co-q11,scale,"How would you rate Kettlebird on healthiness? (1 = poor, 5 = excellent)",4,4.5
demo-consumer,co-084,co-q12,matrix,How much do you agree with these statements about snack packaging?,"{""Resealable bags are important to me"":[""Agree""],""I notice the packaging design when choosing snacks"":[""Strongly agree""],""Paper packaging makes me think a brand is sustainable"":[""Agree""],""I read the ingredient list before buying"":[""Agree""],""Sharing bags are too large for me"":[""Neither agree nor disagree""],""Clear nutrition labels influence what I buy"":[""Agree""]}",54.6
demo-consumer,co-084,co-q13,open,Have you tried the new Kettlebird Sea Salt & Thyme flavour?,"No, herb flavours aren't really my thing, I stick to salt and vinegar",26
demo-consumer,co-084,co-q14,choice,Which flavours would you like Kettlebird to launch next? Select all that apply.,Rosemary & garlic; Plain unsalted,19.2
demo-consumer,co-084,co-q15,matrix,How much do you agree with these statements about snacking occasions?,"{""I snack mainly in the evening"":[""Agree""],""I buy snacks on impulse"":[""Strongly agree""],""I plan snacks as part of the weekly shop"":[""Strongly agree""],""I prefer savoury snacks over sweet ones"":[""Strongly agree""],""I eat more snacks when watching TV"":[""Agree""],""I try to limit how often I snack"":[""Neither agree nor disagree""]}",57.2
demo-consumer,co-084,co-q16,choice,On which occasions do you snack? Select all that apply.,With a drink in the evening; Parties and gatherings; Late at night; Picnics and outdoors,9.4
demo-consumer,co-084,co-q17,open,"If you could change one thing about Kettlebird, what would it be?",Fewer broken crisps at the bottom of the bag. Otherwise I'm happy with them.,182.6
demo-consumer,co-084,co-q18,choice,How likely are you to buy Kettlebird in the next month?,Unlikely,12.6
demo-consumer,co-085,co-q01,choice,Which best describes how often you eat packaged savoury snacks?,A few times a week,17
demo-consumer,co-085,co-q02,choice,Which snack brands have you bought in the last three months? Select all that apply.,Marsh & Fennel; Pop Hollow; Crunchfield; Tumbleroot; Supermarket own brand,16.3
demo-consumer,co-085,co-q03,matrix,"Thinking about Kettlebird crisps, how much do you agree with each statement?","{""Kettlebird tastes better than other brands"":[""Neither agree nor disagree""],""Kettlebird is good value for money"":[""Neither agree nor disagree""],""Kettlebird uses quality ingredients"":[""Agree""],""Kettlebird is a brand I trust"":[""Agree""],""Kettlebird is easy to find in shops"":[""Neither agree nor disagree""],""Kettlebird is a brand for people like me"":[""Agree""]}",37.6
demo-consumer,co-085,co-q04,open,What comes to mind when you think of Kettlebird?,The sharing bags are huge and I never finish one on my own.,29.2
demo-consumer,co-085,co-q05,choice,Where do you usually buy snacks? Select all that apply.,Online grocery delivery; Farm shop or deli; Vending machine; Cinema or venue; Somewhere else,18.4
demo-consumer,co-085,co-q06,scale,"How would you rate Kettlebird on taste? (1 = poor, 5 = excellent)",5,4.5
demo-consumer,co-085,co-q07,scale,"How would you rate Kettlebird on price? (1 = poor, 5 = excellent)",3,5
demo-consumer,co-085,co-q08,scale,"How would you rate Kettlebird on packaging? (1 = poor, 5 = excellent)",3,2.9
demo-consumer,co-085,co-q09,scale,"How would you rate Kettlebird on availability? (1 = poor, 5 = excellent)",4,2.9
demo-consumer,co-085,co-q10,scale,"How would you rate Kettlebird on variety? (1 = poor, 5 = excellent)",5,5.7
demo-consumer,co-085,co-q11,scale,"How would you rate Kettlebird on healthiness? (1 = poor, 5 = excellent)",4,3.7
demo-consumer,co-085,co-q12,matrix,How much do you agree with these statements about snack packaging?,"{""Resealable bags are important to me"":[""Agree""],""I notice the packaging design when choosing snacks"":[""Strongly agree""],""Paper packaging makes me think a brand is sustainable"":[""Agree""],""I read the ingredient list before buying"":[""Agree""],""Sharing bags are too large for me"":[""Agree""],""Clear nutrition labels influence what I buy"":[""Agree""]}",47.3
demo-consumer,co-085,co-q13,open,Have you tried the new Kettlebird Sea Salt & Thyme flavour?,"no, I haven't seen it in my local shop yet, I'd try it if I spotted it.",15.1
demo-consumer,co-085,co-q14,choice,Which flavours would you like Kettlebird to launch next? Select all that apply.,Salted caramel,13
demo-consumer,co-085,co-q15,matrix,How much do you agree with these statements about snacking occasions?,"{""I snack mainly in the evening"":[""Agree""],""I buy snacks on impulse"":[""Agree""],""I plan snacks as part of the weekly shop"":[""Disagree""],""I prefer savoury snacks over sweet ones"":[""Agree""],""I eat more snacks when watching TV"":[""Neither agree nor disagree""],""I try to limit how often I snack"":[""Agree""]}",51.7
demo-consumer,co-085,co-q16,choice,On which occasions do you snack? Select all that apply.,Road trips; Parties and gatherings; Late at night,11.6
demo-consumer,co-085,co-q17,open,"If you could change one thing about Kettlebird, what would it be?",Fewer broken crisps at the bottom of the bag.,23.7
demo-consumer,co-085,co-q18,choice,How likely are you to buy Kettlebird in the next month?,Likely,10.5
demo-consumer,co-086,co-q01,choice,Which best describes how often you eat packaged savoury snacks?,Most days,5.5
demo-consumer,co-086,co-q02,choice,Which snack brands have you bought in the last three months? Select all that apply.,Crunchfield; Old Mill Crisps; Tumbleroot,17.8
demo-consumer,co-086,co-q03,matrix,"Thinking about Kettlebird crisps, how much do you agree with each statement?","{""Kettlebird tastes better than other brands"":[""Disagree""],""Kettlebird is good value for money"":[""Agree""],""Kettlebird uses quality ingredients"":[""Strongly agree""],""Kettlebird is a brand I trust"":[""Agree""],""Kettlebird is easy to find in shops"":[""Agree""],""Kettlebird is a brand for people like me"":[""Neither agree nor disagree""]}",61.1
demo-consumer,co-086,co-q04,open,What comes to mind when you think of Kettlebird?,"Good experience, nothing to add here.",14.2
demo-consumer,co-086,co-q05,choice,Where do you usually buy snacks? Select all that apply.,Large supermarket; Petrol station; Online grocery delivery; Cinema or venue,9.6
demo-consumer,co-086,co-q06,scale,"How would you rate Kettlebird on taste? (1 = poor, 5 = excellent)",4,5.2
demo-consumer,co-086,co-q07,scale,"How would you rate Kettlebird on price? (1 = poor, 5 = excellent)",4,4.5
demo-consumer,co-086,co-q08,scale,"How would you rate Kettlebird on packaging? (1 = poor, 5 = excellent)",3,2.8
demo-consumer,co-086,co-q09,scale,"How would you rate Kettlebird on availability? (1 = poor, 5 = excellent)",2,2.5
demo-consumer,co-086,co-q10,scale,"How would you rate Kettlebird on variety? (1 = poor, 5 = excellent)",4,4.6
demo-consumer,co-086,co-q11,scale,"How would you rate Kettlebird on healthiness? (1 = poor, 5 = excellent)",3,3.9
demo-consumer,co-086,co-q12,matrix,How much do you agree with these statements about snack packaging?,"{""Resealable bags are important to me"":[""Neither agree nor disagree""],""I notice the packaging design when choosing snacks"":[""Neither agree nor disagree""],""Paper packaging makes me think a brand is sustainable"":[""Agree""],""I read the ingredient list before buying"":[""Neither agree nor disagree""],""Sharing bags are too large for me"":[""Strongly agree""],""Clear nutrition labels influence what I buy"":[""Agree""]}",31.9
demo-consumer,co-086,co-q13,open,Have you tried the new Kettlebird Sea Salt & Thyme flavour?,"Good experience, nothing to add here.",5.5
demo-consumer,co-086,co-q14,choice,Which flavours would you like Kettlebird to launch next? Select all that apply.,Smoked paprika; Sour cream & chive; Honey mustard; Sweet chilli; Rosemary & garlic,27.7
demo-consumer,co-086,co-q15,matrix,How much do you agree with these statements about snacking occasions?,"{""I snack mainly in the evening"":[""Agree""],""I buy snacks on impulse"":[""Agree""],""I plan snacks as part of the weekly shop"":[""Disagree""],""I prefer savoury snacks over sweet ones"":[""Strongly agree""],""I eat more snacks when watching TV"":[""Agree""],""I try to limit how often I snack"":[""Strongly agree""]}",30.2
demo-consumer,co-086,co-q16,choice,On which occasions do you snack? Select all that apply.,At lunch; Watching films or TV,16.8
demo-consumer,co-086,co-q17,open,"If you could change one thing about Kettlebird, what would it be?","Good experience, nothing to add here.",11.5
demo-consumer,co-086,co-q18,choice,How likely are you to buy Kettlebird in the next month?,Likely,5.1
demo-consumer,co-087,co-q01,choice,Which best describes how often you eat packaged savoury snacks?,Most days,9.3
demo-consumer,co-087,co-q02,choice,Which snack brands have you bought in the last three months? Select all that apply.,Pop Hollow; Brindle Snacks,19.7
demo-consumer,co-087,co-q03,matrix,"Thinking about Kettlebird crisps, how much do you agree with each statement?","{""Kettlebird tastes better than other brands"":[""Disagree""],""Kettlebird is good value for money"":[""Neither agree nor disagree""],""Kettlebird uses quality ingredients"":[""Agree""],""Kettlebird is a brand I trust"":[""Neither agree nor disagree""],""Kettlebird is easy to find in shops"":[""Agree""],""Kettlebird is a brand for people like me"":[""Strongly disagree""]}",24.2
demo-consumer,co-087,co-q04,open,What comes to mind when you think of Kettlebird?,I like it and would use it again.,13.8
demo-consumer,co-087,co-q05,choice,Where do you usually buy snacks? Select all that apply.,Large supermarket; Petrol station; Cinema or venue,14.5
demo-consumer,co-087,co-q06,scale,"How would you rate Kettlebird on taste? (1 = poor, 5 = excellent)",2,1.1
demo-consumer,co-087,co-q07,scale,"How would you rate Kettlebird on price? (1 = poor, 5 = excellent)",3,5.9
demo-consumer,co-087,co-q08,scale,"How would you rate Kettlebird on packaging? (1 = poor, 5 = excellent)",3,2.5
demo-consumer,co-087,co-q09,scale,"How would you rate Kettlebird on availability? (1 = poor, 5 = excellent)",2,1.7
demo-consumer,co-087,co-q10,scale,"How would you rate Kettlebird on variety? (1 = poor, 5 = excellent)",4,3.1
demo-consumer,co-087,co-q11,scale,"How would you rate Kettlebird on healthiness? (1 = poor, 5 = excellent)",3,1.4
demo-consumer,co-087,co-q12,matrix,How much do you agree with these statements about snack packaging?,"{""Resealable bags are important to me"":[""Disagree""],""I notice the packaging design when choosing snacks"":[""Disagree""],""Paper packaging makes me think a brand is sustainable"":[""Neither agree nor disagree""],""I read the ingredient list before buying"":[""Neither agree nor disagree""],""Sharing bags are too large for me"":[""Strongly disagree""],""Clear nutrition labels influence what I buy"":[""Neither agree nor disagree""]}",46.6
demo-consumer,co-087,co-q13,open,Have you tried the new Kettlebird Sea Salt & Thyme flavour?,I like it and would use it again.,8.3
demo-consumer,co-087,co-q14,choice,Which flavours would you like Kettlebird to launch next? Select all that apply.,Truffle,17.9
demo-consumer,co-087,co-q15,matrix,How much do you agree with these statements about snacking occasions?,"{""I snack mainly in the evening"":[""Agree""],""I buy snacks on impulse"":[""Neither agree nor disagree""],""I plan snacks as part of the weekly shop"":[""Neither agree nor disagree""],""I prefer savoury snacks over sweet ones"":[""Neither agree nor disagree""],""I eat more snacks when watching TV"":[""Disagree""],""I try to limit how often I snack"":[""Neither agree nor disagree""]}",20.4
demo-consumer,co-087,co-q16,choice,On which occasions do you snack? Select all that apply.,Road trips; Mid-afternoon at work,15.8
demo-consumer,co-087,co-q17,open,"If you could change one thing about Kettlebird, what would it be?",I like it and would use it again.,10.9
demo-consumer,co-087,co-q18,choice,How likely are you to buy Kettlebird in the next month?,Likely,4.3
demo-consumer,co-088,co-q01,choice,Which best describes how often you eat packaged savoury snacks?,Every day,4.8
demo-consumer,co-088,co-q02,choice,Which snack brands have you bought in the last three months? Select all that apply.,Tumbleroot,5.4
demo-consumer,co-088,co-q03,matrix,"Thinking about Kettlebird crisps, how much do you agree with each statement?","{""Kettlebird tastes better than other brands"":[""Agree""],""Kettlebird is good value for money"":[""Strongly agree""],""Kettlebird uses quality ingredients"":[""Agree""],""Kettlebird is a brand I trust"":[""Neither agree nor disagree""],""Kettlebird is easy to find in shops"":[""Disagree""],""Kettlebird is a brand for people like me"":[""Agree""]}",29.8
demo-consumer,co-088,co-q04,open,What comes to mind when you think of Kettlebird?,"Honest ingredients and a short list on the back, I like that they don't hide stuff. Decent brand overall",34.5
demo-consumer,co-088,co-q05,choice,Where do you usually buy snacks? Select all that apply.,Petrol station,10.7
demo-consumer,co-088,co-q06,scale,"How would you rate Kettlebird on taste? (1 = poor, 5 = excellent)",3,1.7
demo-consumer,co-088,co-q07,scale,"How would you rate Kettlebird on price? (1 = poor, 5 = excellent)",4,2.3
demo-consumer,co-088,co-q08,scale,"How would you rate Kettlebird on packaging? (1 = poor, 5 = excellent)",4,5.2
demo-consumer,co-088,co-q09,scale,"How would you rate Kettlebird on availability? (1 = poor, 5 = excellent)",5,1.6
demo-consumer,co-088,co-q10,scale,"How would you rate Kettlebird on variety? (1 = poor, 5 = excellent)",4,3.4
demo-consumer,co-088,co-q11,scale,"How would you rate Kettlebird on healthiness? (1 = poor, 5 = excellent)",4,2.9
demo-consumer,co-088,co-q12,matrix,How much do you agree with these statements about snack packaging?,"{""Resealable bags are important to me"":[""Neither agree nor disagree""],""I notice the packaging design when choosing snacks"":[""Strongly agree""],""Paper packaging makes me think a brand is sustainable"":[""Neither agree nor disagree""],""I read the ingredient list before buying"":[""Agree""],""Sharing bags are too large for me"":[""Agree""],""Clear nutrition labels influence what I buy"":[""Strongly agree""]}",38.4
demo-consumer,co-088,co-q13,open,Have you tried the new Kettlebird Sea Salt & Thyme flavour?,No,3.7
demo-consumer,co-088,co-q14,choice,Which flavours would you like Kettlebird to launch next? Select all that apply.,Smoked paprika; Sweet chilli,7
demo-consumer,co-088,co-q15,matrix,How much do you agree with these statements about snacking occasions?,"{""I snack mainly in the evening"":[""Neither agree nor disagree""],""I buy snacks on impulse"":[""Agree""],""I plan snacks as part of the weekly shop"":[""Strongly agree""],""I prefer savoury snacks over sweet ones"":[""Agree""],""I eat more snacks when watching TV"":[""Strongly agree""],""I try to limit how often I snack"":[""Agree""]}",20
demo-consumer,co-088,co-q16,choice,On which occasions do you snack? Select all that apply.,Parties and gatherings; Late at night,10.5
demo-consumer,co-088,co-q17,open,"If you could change one thing about Kettlebird, what would it be?","Nothing really, I'd keep them as they are. Otherwise I'm happy with them.",28.9
demo-consumer,co-088,co-q18,choice,How likely are you to buy Kettlebird in the next month?,Unlikely,5.1
demo-consumer,co-089,co-q01,choice,Which best describes how often you eat packaged savoury snacks?,A few times a month,12.1
demo-consumer,co-089,co-q02,choice,Which snack brands have you bought in the last three months? Select all that apply.,Kettlebird; Marsh & Fennel; Crunchfield; Tumbleroot,22.5
demo-consumer,co-089,co-q03,matrix,"Thinking about Kettlebird crisps, how much do you agree with each statement?","{""Kettlebird tastes better than other brands"":[""Neither agree nor disagree""],""Kettlebird is good value for money"":[""Strongly agree""],""Kettlebird uses quality ingredients"":[""Agree""],""Kettlebird is a brand I trust"":[""Agree""],""Kettlebird is easy to find in shops"":[""Disagree""],""Kettlebird is a brand for people like me"":[""Agree""]}",44.4
demo-consumer,co-089,co-q04,open,What comes to mind when you think of Kettlebird?,"Rustic packaging, farmer imagery, slightly premium positioning. I'd buy them more if they were on offer.",86.1
demo-consumer,co-089,co-q05,choice,Where do you usually buy snacks? Select all that apply.,Large supermarket; Vending machine; Cinema or venue,17.2
demo-consumer,co-089,co-q06,scale,"How would you rate Kettlebird on taste? (1 = poor, 5 = excellent)",5,9.5
demo-consumer,co-089,co-q07,scale,"How would you rate Kettlebird on price? (1 = poor, 5 = excellent)",5,6.8
demo-consumer,co-089,co-q08,scale,"How would you rate Kettlebird on packaging? (1 = poor, 5 = excellent)",2,6.8
demo-consumer,co-089,co-q09,scale,"How would you rate Kettlebird on availability? (1 = poor, 5 = excellent)",3,2.4
demo-consumer,co-089,co-q10,scale,"How would you rate Kettlebird on variety? (1 = poor, 5 = excellent)",3,5.3
demo-consumer,co-089,co-q11,scale,"How would you rate Kettlebird on healthiness? (1 = poor, 5 = excellent)",2,3.9
demo-consumer,co-089,co-q12,matrix,How much do you agree with these statements about snack packaging?,"{""Resealable bags are important to me"":[""Strongly agree""],""I notice the packaging design when choosing snacks"":[""Agree""],""Paper packaging makes me think a brand is sustainable"":[""Disagree""],""I read the ingredient list before buying"":[""Strongly agree""],""Sharing bags are too large for me"":[""Strongly agree""],""Clear nutrition labels influence what I buy"":[""Agree""]}",52.7
demo-consumer,co-089,co-q13,open,Have you tried the new Kettlebird Sea Salt & Thyme flavour?,"yes, once at a friend's place, it tasted a bit like stuffing which I didn't mind.",50.3
demo-consumer,co-089,co-q14,choice,Which flavours would you like Kettlebird to launch next? Select all that apply.,Honey mustard; Truffle; Cheese & onion; Wasabi; Rosemary & garlic; Pickled onion,27.8
demo-consumer,co-089,co-q15,matrix,How much do you agree with these statements about snacking occasions?,"{""I snack mainly in the evening"":[""Neither agree nor disagree""],""I buy snacks on impulse"":[""Agree""],""I plan snacks as part of the weekly shop"":[""Agree""],""I prefer savoury snacks over sweet ones"":[""Agree""],""I eat more snacks when watching TV"":[""Agree""],""I try to limit how often I snack"":[""Agree""]}",47.7
demo-consumer,co-089,co-q16,choice,On which occasions do you snack? Select all that apply.,Parties and gatherings; Picnics and outdoors,14.3
demo-consumer,co-089,co-q17,open,"If you could change one thing about Kettlebird, what would it be?","Better availability, I can only find them in two shops near me. Otherwise I'm happy with them.",156.9
demo-consumer,co-089,co-q18,choice,How likely are you to buy Kettlebird in the next month?,Very likely,18.2
demo-consumer,co-090,co-q01,choice,Which best describes how often you eat packaged savoury snacks?,Every day,3.9
demo-consumer,co-090,co-q02,choice,Which snack brands have you bought in the last three months? Select all that apply.,Brindle Snacks,8.3
demo-consumer,co-090,co-q03,matrix,"Thinking about Kettlebird crisps, how much do you agree with each statement?","{""Kettlebird tastes better than other brands"":[""Neither agree nor disagree""],""Kettlebird is good value for money"":[""Strongly agree""],""Kettlebird uses quality ingredients"":[""Agree""],""Kettlebird is a brand I trust"":[""Strongly agree""],""Kettlebird is easy to find in shops"":[""Neither agree nor disagree""],""Kettlebird is a brand for people like me"":[""Strongly agree""]}",40.1
demo-consumer,co-090,co-q04,open,What comes to mind when you think of Kettlebird?,The sharing bags are huge and I never finish one on my own.,32.5
demo-consumer,co-090,co-q05,choice,Where do you usually buy snacks? Select all that apply.,Large supermarket; Online grocery delivery; Vending machine; Cinema or venue; Discount store,38.8
demo-consumer,co-090,co-q06,scale,"How would you rate Kettlebird on taste? (1 = poor, 5 = excellent)",5,4.7
demo-consumer,co-090,co-q07,scale,"How would you rate Kettlebird on price? (1 = poor, 5 = excellent)",5,3.4
demo-consumer,co-090,co-q08,scale,"How would you rate Kettlebird on packaging? (1 = poor, 5 = excellent)",3,1.3
demo-consumer,co-090,co-q09,scale,"How would you rate Kettlebird on availability? (1 = poor, 5 = excellent)",5,4.7
demo-consumer,co-090,co-q10,scale,"How would you rate Kettlebird on variety? (1 = poor, 5 = excellent)",4,4.8
demo-consumer,co-090,co-q11,scale,"How would you rate Kettlebird on healthiness? (1 = poor, 5 = excellent)",5,2.5
demo-consumer,co-090,co-q12,matrix,How much do you agree with these statements about snack packaging?,"{""Resealable bags are important to me"":[""Agree""],""I notice the packaging design when choosing snacks"":[""Agree""],""Paper packaging makes me think a brand is sustainable"":[""Agree""],""I read the ingredient list before buying"":[""Agree""],""Sharing bags are too large for me"":[""Neither agree nor disagree""],""Clear nutrition labels influence what I buy"":[""Agree""]}",14
demo-consumer,co-090,co-q13,open,Have you tried the new Kettlebird Sea Salt & Thyme flavour?,Yep,8.5
demo-consumer,co-090,co-q14,choice,Which flavours would you like Kettlebird to launch next? Select all that apply.,Truffle; Wasabi; Plain unsalted,21.6
demo-consumer,co-090,co-q15,matrix,How much do you agree with these statements about snacking occasions?,"{""I snack mainly in the evening"":[""Neither agree nor disagree""],""I buy snacks on impulse"":[""Agree""],""I plan snacks as part of the weekly shop"":[""Disagree""],""I prefer savoury snacks over sweet ones"":[""Strongly agree""],""I eat more snacks when watching TV"":[""Neither agree nor disagree""],""I try to limit how often I snack"":[""Neither agree nor disagree""]}",37.3
demo-consumer,co-090,co-q16,choice,On which occasions do you snack? Select all that apply.,At lunch; Watching films or TV; Road trips; Picnics and outdoors,7.3
demo-consumer,co-090,co-q17,open,"If you could change one thing about Kettlebird, what would it be?","Bring back the mature cheddar flavour, that was my favourite.",38.1
demo-consumer,co-090,co-q18,choice,How likely are you to buy Kettlebird in the next month?,Likely,5
demo-consumer,co-091,co-q01,choice,Which best describes how often you eat packaged savoury snacks?,Every day,5.3
demo-consumer,co-091,co-q02,choice,Which snack brands have you bought in the last three months? Select all that apply.,Crunchfield,19
demo-consumer,co-091,co-q03,matrix,"Thinking about Kettlebird crisps, how much do you agree with each statement?","{""Kettlebird tastes better than other brands"":[""Agree""],""Kettlebird is good value for money"":[""Strongly agree""],""Kettlebird uses quality ingredients"":[""Agree""],""Kettlebird is a brand I trust"":[""Neither agree nor disagree""],""Kettlebird is easy to find in shops"":[""Neither agree nor disagree""],""Kettlebird is a brand for people like me"":[""Disagree""]}",61.7
demo-consumer,co-091,co-q04,open,What comes to mind when you think of Kettlebird?,The sharing bags are huge and I never finish one on my own.,41.7
demo-consumer,co-091,co-q05,choice,Where do you usually buy snacks? Select all that apply.,Large supermarket; Petrol station; Vending machine,6.4
demo-consumer,co-091,co-q06,scale,"How would you rate Kettlebird on taste? (1 = poor, 5 = excellent)",4,3.3
demo-consumer,co-091,co-q07,scale,"How would you rate Kettlebird on price? (1 = poor, 5 = excellent)",3,7.4
demo-consumer,co-091,co-q08,scale,"How would you rate Kettlebird on packaging? (1 = poor, 5 = excellent)",5,3.5
demo-consumer,co-091,co-q09,scale,"How would you rate Kettlebird on availability? (1 = poor, 5 = excellent)",3,4.7
demo-consumer,co-091,co-q10,scale,"How would you rate Kettlebird on variety? (1 = poor, 5 = excellent)",5,2.2
demo-consumer,co-091,co-q11,scale,"How would you rate Kettlebird on healthiness? (1 = poor, 5 = excellent)",3,3.2
demo-consumer,co-091,co-q12,matrix,How much do you agree with these statements about snack packaging?,"{""Resealable bags are important to me"":[""Neither agree nor disagree""],""I notice the packaging design when choosing snacks"":[""Agree""],""Paper packaging makes me think a brand is sustainable"":[""Neither agree nor disagree""],""I read the ingredient list before buying"":[""Neither agree nor disagree""],""Sharing bags are too large for me"":[""Neither agree nor disagree""],""Clear nutrition labels influence what I buy"":[""Agree""]}",35.9
demo-consumer,co-091,co-q13,open,Have you tried the new Kettlebird Sea Salt & Thyme flavour?,Yes,8.1
demo-consumer,co-091,co-q14,choice,Which flavours would you like Kettlebird to launch next? Select all that apply.,Honey mustard; Wasabi; Plain unsalted,16.8
demo-consumer,co-091,co-q15,matrix,How much do you agree with these statements about snacking occasions?,"{""I snack mainly in the evening"":[""Neither agree nor disagree""],""I buy snacks on impulse"":[""Disagree""],""I plan snacks as part of the weekly shop"":[""Neither agree nor disagree""],""I prefer savoury snacks over sweet ones"":[""Neither agree nor disagree""],""I eat more snacks when watching TV"":[""Neither agree nor disagree""],""I try to limit how often I snack"":[""Agree""]}",21.9
demo-consumer,co-091,co-q16,choice,On which occasions do you snack? Select all that apply.,At lunch,21.3
demo-consumer,co-091,co-q17,open,"If you could change one thing about Kettlebird, what would it be?","Bring back the mature cheddar flavour, that was my favourite.",63.2
demo-consumer,co-091,co-q18,choice,How likely are you to buy Kettlebird in the next month?,Very likely,6.5
demo-consumer,co-092,co-q01,choice,Which best describes how often you eat packaged savoury snacks?,A few times a month,10.1
demo-consumer,co-092,co-q02,choice,Which snack brands have you bought in the last three months? Select all that apply.,Kettlebird; Pop Hollow; Crunchfield; Old Mill Crisps; Saltwater Co.,17.7
demo-consumer,co-092,co-q03,matrix,"Thinking about Kettlebird crisps, how much do you agree with each statement?","{""Kettlebird tastes better than other brands"":[""Neither agree nor disagree""],""Kettlebird is good value for money"":[""Neither agree nor disagree""],""Kettlebird uses quality ingredients"":[""Neither agree nor disagree""],""Kettlebird is a brand I trust"":[""Strongly disagree""],""Kettlebird is easy to find in shops"":[""Neither agree nor disagree""],""Kettlebird is a brand for people like me"":[""Neither agree nor disagree""]}",64.7
demo-consumer,co-092,co-q04,open,What comes to mind when you think of Kettlebird?,"Honest ingredients and a short list on the back, I like that they don't hide stuff.",55.4
demo-consumer,co-092,co-q05,choice,Where do you usually buy snacks? Select all that apply.,Large supermarket; Local convenience store; Farm shop or deli,27.8
demo-consumer,co-092,co-q06,scale,"How would you rate Kettlebird on taste? (1 = poor, 5 = excellent)",3,3.7
demo-consumer,co-092,co-q07,scale,"How would you rate Kettlebird on price? (1 = poor, 5 = excellent)",4,8.1
demo-consumer,co-092,co-q08,scale,"How would you rate Kettlebird on packaging? (1 = poor, 5 = excellent)",2,6.2
demo-consumer,co-092,co-q09,scale,"How would you rate Kettlebird on availability? (1 = poor, 5 = excellent)",4,5.9
demo-consumer,co-092,co-q10,scale,"How would you rate Kettlebird on variety? (1 = poor, 5 = excellent)",3,4.6
demo-consumer,co-092,co-q11,scale,"How would you rate Kettlebird on healthiness? (1 = poor, 5 = excellent)",3,6.6
demo-consumer,co-092,co-q12,matrix,How much do you agree with these statements about snack packaging?,"{""Resealable bags are important to me"":[""Disagree""],""I notice the packaging design when choosing snacks"":[""Agree""],""Paper packaging makes me think a brand is sustainable"":[""Neither agree nor disagree""],""I read the ingredient list before buying"":[""Agree""],""Sharing bags are too large for me"":[""Disagree""],""Clear nutrition labels influence what I buy"":[""Neither agree nor disagree""]}",69.8
demo-consumer,co-092,co-q13,open,Have you tried the new Kettlebird Sea Salt & Thyme flavour?,Nope,9.4
demo-consumer,co-092,co-q14,choice,Which flavours would you like Kettlebird to launch next? Select all that apply.,Honey mustard; Rosemary & garlic; Plain unsalted,32.9
demo-consumer,co-092,co-q15,matrix,How much do you agree with these statements about snacking occasions?,"{""I snack mainly in the evening"":[""Disagree""],""I buy snacks on impulse"":[""Agree""],""I plan snacks as part of the weekly shop"":[""Neither agree nor disagree""],""I prefer savoury snacks over sweet ones"":[""Agree""],""I eat more snacks when watching TV"":[""Agree""],""I try to limit how often I snack"":[""Neither agree nor disagree""]}",55.3
demo-consumer,co-092,co-q16,choice,On which occasions do you snack? Select all that apply.,At lunch; Picnics and outdoors,20.8
demo-consumer,co-092,co-q17,open,"If you could change one thing about Kettlebird, what would it be?","Make the bags resealable, half the time the crisps go soft before I finish them. Everything else is fine.",100.7
demo-consumer,co-092,co-q18,choice,How likely are you to buy Kettlebird in the next month?,Not sure,6.8
demo-consumer,co-093,co-q01,choice,Which best describes how often you eat packaged savoury snacks?,Rarely or never,15.2
demo-consumer,co-093,co-q02,choice,Which snack brands have you bought in the last three months? Select all that apply.,Brindle Snacks,27.1
demo-consumer,co-093,co-q03,matrix,"Thinking about Kettlebird crisps, how much do you agree with each statement?","{""Kettlebird tastes better than other brands"":[""Disagree""],""Kettlebird is good value for money"":[""Strongly disagree""],""Kettlebird uses quality ingredients"":[""Neither agree nor disagree""],""Kettlebird is a brand I trust"":[""Disagree""],""Kettlebird is easy to find in shops"":[""Strongly disagree""],""Kettlebird is a brand for people like me"":[""Disagree""]}",63.2
demo-consumer,co-093,co-q04,open,What comes to mind when you think of Kettlebird?,"I think of road trips, we always grab a bag at the services. The bag is hard to reseal.",30.8
demo-consumer,co-093,co-q05,choice,Where do you usually buy snacks? Select all that apply.,Large supermarket; Petrol station; Farm shop or deli; Discount store,22.1
demo-consumer,co-093,co-q06,scale,"How would you rate Kettlebird on taste? (1 = poor, 5 = excellent)",2,1.5
demo-consumer,co-093,co-q07,scale,"How would you rate Kettlebird on price? (1 = poor, 5 = excellent)",3,1.5
demo-consumer,co-093,co-q08,scale,"How would you rate Kettlebird on packaging? (1 = poor, 5 = excellent)",2,2.7
demo-consumer,co-093,co-q09,scale,"How would you rate Kettlebird on availability? (1 = poor, 5 = excellent)",2,2.5
demo-consumer,co-093,co-q10,scale,"How would you rate Kettlebird on variety? (1 = poor, 5 = excellent)",2,4.2
demo-consumer,co-093,co-q11,scale,"How would you rate Kettlebird on healthiness? (1 = poor, 5 = excellent)",2,4.1
demo-consumer,co-093,co-q12,matrix,How much do you agree with these statements about snack packaging?,"{""Resealable bags are important to me"":[""Disagree""],""I notice the packaging design when choosing snacks"":[""Strongly disagree""],""Paper packaging makes me think a brand is sustainable"":[""Disagree""],""I read the ingredient list before buying"":[""Strongly disagree""],""Sharing bags are too large for me"":[""Strongly disagree""],""Clear nutrition labels influence what I buy"":[""Strongly disagree""]}",32
demo-consumer,co-093,co-q13,open,Have you tried the new Kettlebird Sea Salt & Thyme flavour?,No.,9.4
demo-consumer,co-093,co-q14,choice,Which flavours would you like Kettlebird to launch next? Select all that apply.,Smoked paprika; Honey mustard; Sweet chilli; Wasabi; Pickled onion,29.9
demo-consumer,co-093,co-q15,matrix,How much do you agree with these statements about snacking occasions?,"{""I snack mainly in the evening"":[""Disagree""],""I buy snacks on impulse"":[""Disagree""],""I plan snacks as part of the weekly shop"":[""Disagree""],""I prefer savoury snacks over sweet ones"":[""Strongly disagree""],""I eat more snacks when watching TV"":[""Neither agree nor disagree""],""I try to limit how often I snack"":[""Strongly disagree""]}",28.5
demo-consumer,co-093,co-q16,choice,On which occasions do you snack? Select all that apply.,At lunch; Parties and gatherings; Mid-afternoon at work,7.6
demo-consumer,co-093,co-q17,open,"If you could change one thing about Kettlebird, what would it be?",Fewer broken crisps at the bottom of the bag.,43.9
demo-consumer,co-093,co-q18,choice,How likely are you to buy Kettlebird in the next month?,Not sure,5.3
demo-consumer,co-094,co-q01,choice,Which best describes how often you eat packaged savoury snacks?,Most days,7.4
demo-consumer,co-094,co-q02,choice,Which snack brands have you bought in the last three months? Select all that apply.,Supermarket own brand,34
demo-consumer,co-094,co-q03,matrix,"Thinking about Kettlebird crisps, how much do you agree with each statement?","{""Kettlebird tastes better than other brands"":[""Agree""],""Kettlebird is good value for money"":[""Neither agree nor disagree""],""Kettlebird uses quality ingredients"":[""Strongly agree""],""Kettlebird is a brand I trust"":[""Neither agree nor disagree""],""Kettlebird is easy to find in shops"":[""Strongly agree""],""Kettlebird is a brand for people like me"":[""Agree""]}",80.1
demo-consumer,co-094,co-q04,open,What comes to mind when you think of Kettlebird?,"Thick-cut crisps in a brown paper bag, slightly pricey but good for a weekend treat.",92.6
demo-consumer,co-094,co-q05,choice,Where do you usually buy snacks? Select all that apply.,Large supermarket; Farm shop or deli; Vending machine; Cinema or venue,18.8
demo-consumer,co-094,co-q06,scale,"How would you rate Kettlebird on taste? (1 = poor, 5 = excellent)",4,9.8
demo-consumer,co-094,co-q07,scale,"How would you rate Kettlebird on price? (1 = poor, 5 = excellent)",4,8
demo-consumer,co-094,co-q08,scale,"How would you rate Kettlebird on packaging? (1 = poor, 5 = excellent)",3,4.3
demo-consumer,co-094,co-q09,scale,"How would you rate Kettlebird on availability? (1 = poor, 5 = excellent)",3,8.6
demo-consumer,co-094,co-q10,scale,"How would you rate Kettlebird on variety? (1 = poor, 5 = excellent)",4,7.6
demo-consumer,co-094,co-q11,scale,"How would you rate Kettlebird on healthiness? (1 = poor, 5 = excellent)",4,6.3
demo-consumer,co-094,co-q12,matrix,How much do you agree with these statements about snack packaging?,"{""Resealable bags are important to me"":[""Agree""],""I notice the packaging design when choosing snacks"":[""Disagree""],""Paper packaging makes me think a brand is sustainable"":[""Agree""],""I read the ingredient list before buying"":[""Agree""],""Sharing bags are too large for me"":[""Strongly agree""],""Clear nutrition labels influence what I buy"":[""Agree""]}",67.1
demo-consumer,co-094,co-q13,open,Have you tried the new Kettlebird Sea Salt & Thyme flavour?,"yes, tried it last week, the thyme is subtle and the salt level is about right.",28.1
demo-consumer,co-094,co-q14,choice,Which flavours would you like Kettlebird to launch next? Select all that apply.,Sour cream & chive; Black pepper & lime; Honey mustard; Pickled onion,23
demo-consumer,co-094,co-q15,matrix,How much do you agree with these statements about snacking occasions?,"{""I snack mainly in the evening"":[""Neither agree nor disagree""],""I buy snacks on impulse"":[""Neither agree nor disagree""],""I plan snacks as part of the weekly shop"":[""Neither agree nor disagree""],""I prefer savoury snacks over sweet ones"":[""Neither agree nor disagree""],""I eat more snacks when watching TV"":[""Neither agree nor disagree""],""I try to limit how often I snack"":[""Neither agree nor disagree""]}",73.9
demo-consumer,co-094,co-q16,choice,On which occasions do you snack? Select all that apply.,Picnics and outdoors,15.4
demo-consumer,co-094,co-q17,open,"If you could change one thing about Kettlebird, what would it be?","The packaging looks dated, it needs a refresh.",53.9
demo-consumer,co-094,co-q18,choice,How likely are you to buy Kettlebird in the next month?,Likely,10.9
demo-consumer,co-095,co-q01,choice,Which best describes how often you eat packaged savoury snacks?,Rarely or never,13.9
demo-consumer,co-095,co-q02,choice,Which snack brands have you bought in the last three months? Select all that apply.,Kettlebird; Marsh & Fennel; Pop Hollow; Old Mill Crisps,23.5
demo-consumer,co-095,co-q03,matrix,"Thinking about Kettlebird crisps, how much do you agree with each statement?","{""Kettlebird tastes better than other brands"":[""Agree""],""Kettlebird is good value for money"":[""Agree""],""Kettlebird uses quality ingredients"":[""Strongly agree""],""Kettlebird is a brand I trust"":[""Disagree""],""Kettlebird is easy to find in shops"":[""Strongly agree""],""Kettlebird is a brand for people like me"":[""Strongly agree""]}",63.1
demo-consumer,co-095,co-q04,open,What comes to mind when you think of Kettlebird?,"The orange kettle logo and that strong vinegar flavour, I always think of pub snacks. Haven't had them in a while.",80.5
demo-consumer,co-095,co-q05,choice,Where do you usually buy snacks? Select all that apply.,Online grocery delivery,10.7
demo-consumer,co-095,co-q06,scale,"How would you rate Kettlebird on taste? (1 = poor, 5 = excellent)",5,8.7
demo-consumer,co-095,co-q07,scale,"How would you rate Kettlebird on price? (1 = poor, 5 = excellent)",4,4
demo-consumer,co-095,co-q08,scale,"How would you rate Kettlebird on packaging? (1 = poor, 5 = excellent)",4,4.5
demo-consumer,co-095,co-q09,scale,"How would you rate Kettlebird on availability? (1 = poor, 5 = excellent)",5,4.4
demo-consumer,co-095,co-q10,scale,"How would you rate Kettlebird on variety? (1 = poor, 5 = excellent)",4,7.7
demo-consumer,co-095,co-q11,scale,"How would you rate Kettlebird on healthiness? (1 = poor, 5 = excellent)",4,6.3
demo-consumer,co-095,co-q12,matrix,How much do you agree with these statements about snack packaging?,"{""Resealable bags are important to me"":[""Agree""],""I notice the packaging design when choosing snacks"":[""Strongly agree""],""Paper packaging makes me think a brand is sustainable"":[""Neither agree nor disagree""],""I read the ingredient list before buying"":[""Agree""],""Sharing bags are too large for me"":[""Agree""],""Clear nutrition labels influence what I buy"":[""Strongly agree""]}",46.1
demo-consumer,co-095,co-q13,open,Have you tried the new Kettlebird Sea Salt & Thyme flavour?,Yep,10
demo-consumer,co-095,co-q14,choice,Which flavours would you like Kettlebird to launch next? Select all that apply.,Sour cream & chive; Black pepper & lime; Pickled onion,12.9
demo-consumer,co-095,co-q15,matrix,How much do you agree with these statements about snacking occasions?,"{""I snack mainly in the evening"":[""Agree""],""I buy snacks on impulse"":[""Neither agree nor disagree""],""I plan snacks as part of the weekly shop"":[""Agree""],""I prefer savoury snacks over sweet ones"":[""Agree""],""I eat more snacks when watching TV"":[""Neither agree nor disagree""],""I try to limit how often I snack"":[""Agree""]}",88
demo-consumer,co-095,co-q16,choice,On which occasions do you snack? Select all that apply.,At lunch,23.9
demo-consumer,co-095,co-q17,open,"If you could change one thing about Kettlebird, what would it be?","a clearer label about allergens, the print is tiny. Otherwise I'm happy with them.",59.2
demo-consumer,co-095,co-q18,choice,How likely are you to buy Kettlebird in the next month?,Likely,13.9
demo-consumer,co-096,co-q01,choice,Which best describes how often you eat packaged savoury snacks?,Every day,8.8
demo-consumer,co-096,co-q02,choice,Which snack brands have you bought in the last three months? Select all that apply.,Crunchfield; Old Mill Crisps; Brindle Snacks,20
demo-consumer,co-096,co-q03,matrix,"Thinking about Kettlebird crisps, how much do you agree with each statement?","{""Kettlebird tastes better than other brands"":[""Strongly disagree""],""Kettlebird is good value for money"":[""Disagree""],""Kettlebird uses quality ingredients"":[""Disagree""],""Kettlebird is a brand I trust"":[""Neither agree nor disagree""],""Kettlebird is easy to find in shops"":[""Agree""],""Kettlebird is a brand for people like me"":[""Neither agree nor disagree""]}",24.1
demo-consumer,co-096,co-q04,open,What comes to mind when you think of Kettlebird?,"Honest ingredients and a short list on the back, I like that they don't hide stuff. My kids like them too",39.1
demo-consumer,co-096,co-q05,choice,Where do you usually buy snacks? Select all that apply.,Local convenience store; Online grocery delivery; Farm shop or deli; Vending machine,15.2
demo-consumer,co-096,co-q06,scale,"How would you rate Kettlebird on taste? (1 = poor, 5 = excellent)",2,4.8
demo-consumer,co-096,co-q07,scale,"How would you rate Kettlebird on price? (1 = poor, 5 = excellent)",2,3.3
demo-consumer,co-096,co-q08,scale,"How would you rate Kettlebird on packaging? (1 = poor, 5 = excellent)",2,3.2
demo-consumer,co-096,co-q09,scale,"How would you rate Kettlebird on availability? (1 = poor, 5 = excellent)",3,3.2
demo-consumer,co-096,co-q10,scale,"How would you rate Kettlebird on variety? (1 = poor, 5 = excellent)",2,7
demo-consumer,co-096,co-q11,scale,"How would you rate Kettlebird on healthiness? (1 = poor, 5 = excellent)",2,2.4
demo-consumer,co-096,co-q12,matrix,How much do you agree with these statements about snack packaging?,"{""Resealable bags are important to me"":[""Neither agree nor disagree""],""I notice the packaging design when choosing snacks"":[""Agree""],""Paper packaging makes me think a brand is sustainable"":[""Neither agree nor disagree""],""I read the ingredient list before buying"":[""Agree""],""Sharing bags are too large for me"":[""Neither agree nor disagree""],""Clear nutrition labels influence what I buy"":[""Neither agree nor disagree""]}",15.7
demo-consumer,co-096,co-q13,open,Have you tried the new Kettlebird Sea Salt & Thyme flavour?,Don't know,6
demo-consumer,co-096,co-q14,choice,Which flavours would you like Kettlebird to launch next? Select all that apply.,Sour cream & chive; Cheese & onion; Pickled onion; Plain unsalted,11.3
demo-consumer,co-096,co-q15,matrix,How much do you agree with these statements about snacking occasions?,"{""I snack mainly in the evening"":[""Agree""],""I buy snacks on impulse"":[""Disagree""],""I plan snacks as part of the weekly shop"":[""Neither agree nor disagree""],""I prefer savoury snacks over sweet ones"":[""Neither agree nor disagree""],""I eat more snacks when watching TV"":[""Neither agree nor disagree""],""I try to limit how often I snack"":[""Neither agree nor disagree""]}",28.6
demo-consumer,co-096,co-q16,choice,On which occasions do you snack? Select all that apply.,Watching films or TV; Road trips; Late at night; Picnics and outdoors,13.3
demo-consumer,co-096,co-q17,open,"If you could change one thing about Kettlebird, what would it be?","The packaging looks dated, it needs a refresh. Small thing but it matters.",33.8
demo-consumer,co-096,co-q18,choice,How likely are you to buy Kettlebird in the next month?,Unlikely,7.2
demo-consumer,co-097,co-q01,choice,Which best describes how often you eat packaged savoury snacks?,Most days,6.3
demo-consumer,co-097,co-q02,choice,Which snack brands have you bought in the last three months? Select all that apply.,Marsh & Fennel; Saltwater Co.,7.7
demo-consumer,co-097,co-q03,matrix,"Thinking about Kettlebird crisps, how much do you agree with each statement?","{""Kettlebird tastes better than other brands"":[""Neither agree nor disagree""],""Kettlebird is good value for money"":[""Disagree""],""Kettlebird uses quality ingredients"":[""Strongly agree""],""Kettlebird is a brand I trust"":[""Neither agree nor disagree""],""Kettlebird is easy to find in shops"":[""Neither agree nor disagree""],""Kettlebird is a brand for people like me"":[""Neither agree nor disagree""]}",55.1
demo-consumer,co-097,co-q04,open,What comes to mind when you think of Kettlebird?,"honest ingredients and a short list on the back, I like that they don't hide stuff.",40.9
demo-consumer,co-097,co-q05,choice,Where do you usually buy snacks? Select all that apply.,Petrol station,13.8
demo-consumer,co-097,co-q06,scale,"How would you rate Kettlebird on taste? (1 = poor, 5 = excellent)",3,3
demo-consumer,co-097,co-q07,scale,"How would you rate Kettlebird on price? (1 = poor, 5 = excellent)",3,4.6
demo-consumer,co-097,co-q08,scale,"How would you rate Kettlebird on packaging? (1 = poor, 5 = excellent)",4,4.3
demo-consumer,co-097,co-q09,scale,"How would you rate Kettlebird on availability? (1 = poor, 5 = excellent)",4,3.8
demo-consumer,co-097,co-q10,scale,"How would you rate Kettlebird on variety? (1 = poor, 5 = excellent)",3,3
demo-consumer,co-097,co-q11,scale,"How would you rate Kettlebird on healthiness? (1 = poor, 5 = excellent)",4,3.5
demo-consumer,co-097,co-q12,matrix,How much do you agree with these statements about snack packaging?,"{""Resealable bags are important to me"":[""Neither agree nor disagree""],""I notice the packaging design when choosing snacks"":[""Disagree""],""Paper packaging makes me think a brand is sustainable"":[""Neither agree nor disagree""],""I read the ingredient list before buying"":[""Neither agree nor disagree""],""Sharing bags are too large for me"":[""Neither agree nor disagree""],""Clear nutrition labels influence what I buy"":[""Neither agree nor disagree""]}",24.9
demo-consumer,co-097,co-q13,open,Have you tried the new Kettlebird Sea Salt & Thyme flavour?,No opinion,14.6
demo-consumer,co-097,co-q14,choice,Which flavours would you like Kettlebird to launch next? Select all that apply.,Black pepper & lime,15.5
demo-consumer,co-097,co-q15,matrix,How much do you agree with these statements about snacking occasions?,"{""I snack mainly in the evening"":[""Neither agree nor disagree""],""I buy snacks on impulse"":[""Neither agree nor disagree""],""I plan snacks as part of the weekly shop"":[""Agree""],""I prefer savoury snacks over sweet ones"":[""Disagree""],""I eat more snacks when watching TV"":[""Agree""],""I try to limit how often I snack"":[""Disagree""]}",37.6
demo-consumer,co-097,co-q16,choice,On which occasions do you snack? Select all that apply.,Late at night,17.3
demo-consumer,co-097,co-q17,open,"If you could change one thing about Kettlebird, what would it be?",Don't know,13.1
demo-consumer,co-097,co-q18,choice,How likely are you to buy Kettlebird in the next month?,Very likely,5.5
demo-consumer,co-098,co-q01,choice,Which best describes how often you eat packaged savoury snacks?,A few times a week,15.1
demo-consumer,co-098,co-q02,choice,Which snack brands have you bought in the last three months? Select all that apply.,Brindle Snacks; Tumbleroot,8.2
demo-consumer,co-098,co-q03,matrix,"Thinking about Kettlebird crisps, how much do you agree with each statement?","{""Kettlebird tastes better than other brands"":[""Disagree""],""Kettlebird is good value for money"":[""Disagree""],""Kettlebird uses quality ingredients"":[""Strongly agree""],""Kettlebird is a brand I trust"":[""Disagree""],""Kettlebird is easy to find in shops"":[""Disagree""],""Kettlebird is a brand for people like me"":[""Neither agree nor disagree""]}",26.4
demo-consumer,co-098,co-q04,open,What comes to mind when you think of Kettlebird?,No problems at all with this one.,9.8
demo-consumer,co-098,co-q05,choice,Where do you usually buy snacks? Select all that apply.,Vending machine; Discount store,5.4
demo-consumer,co-098,co-q06,scale,"How would you rate Kettlebird on taste? (1 = poor, 5 = excellent)",4,2.1
demo-consumer,co-098,co-q07,scale,"How would you rate Kettlebird on price? (1 = poor, 5 = excellent)",3,5.3
demo-consumer,co-098,co-q08,scale,"How would you rate Kettlebird on packaging? (1 = poor, 5 = excellent)",3,2.4
demo-consumer,co-098,co-q09,scale,"How would you rate Kettlebird on availability? (1 = poor, 5 = excellent)",3,2.2
demo-consumer,co-098,co-q10,scale,"How would you rate Kettlebird on variety? (1 = poor, 5 = excellent)",2,4
demo-consumer,co-098,co-q11,scale,"How would you rate Kettlebird on healthiness? (1 = poor, 5 = excellent)",3,4.2
demo-consumer,co-098,co-q12,matrix,How much do you agree with these statements about snack packaging?,"{""Resealable bags are important to me"":[""Agree""],""I notice the packaging design when choosing snacks"":[""Disagree""],""Paper packaging makes me think a brand is sustainable"":[""Neither agree nor disagree""],""I read the ingredient list before buying"":[""Neither agree nor disagree""],""Sharing bags are too large for me"":[""Neither agree nor disagree""],""Clear nutrition labels influence what I buy"":[""Agree""]}",29.1
demo-consumer,co-098,co-q13,open,Have you tried the new Kettlebird Sea Salt & Thyme flavour?,No problems at all with this one.,12.7
demo-consumer,co-098,co-q14,choice,Which flavours would you like Kettlebird to launch next? Select all that apply.,Smoked paprika; Black pepper & lime; Salted caramel; Pickled onion; Plain unsalted,7.2
demo-consumer,co-098,co-q15,matrix,How much do you agree with these statements about snacking occasions?,"{""I snack mainly in the evening"":[""Disagree""],""I buy snacks on impulse"":[""Disagree""],""I plan snacks as part of the weekly shop"":[""Disagree""],""I prefer savoury snacks over sweet ones"":[""Neither agree nor disagree""],""I eat more snacks when watching TV"":[""Strongly disagree""],""I try to limit how often I snack"":[""Agree""]}",19.1
demo-consumer,co-098,co-q16,choice,On which occasions do you snack? Select all that apply.,With a drink in the evening; At lunch; Mid-afternoon at work; Late at night,6.7
demo-consumer,co-098,co-q17,open,"If you could change one thing about Kettlebird, what would it be?",No problems at all with this one.,17.5
demo-consumer,co-098,co-q18,choice,How likely are you to buy Kettlebird in the next month?,Not sure,3.9
demo-consumer,co-099,co-q01,choice,Which best describes how often you eat packaged savoury snacks?,Most days,17.2
demo-consumer,co-099,co-q02,choice,Which snack brands have you bought in the last three months? Select all that apply.,Kettlebird; Brindle Snacks; Tumbleroot; Supermarket own brand,9.3
demo-consumer,co-099,co-q03,matrix,"Thinking about Kettlebird crisps, how much do you agree with each statement?","{""Kettlebird tastes better than other brands"":[""Strongly agree""],""Kettlebird is good value for money"":[""Strongly agree""],""Kettlebird uses quality ingredients"":[""Agree""],""Kettlebird is a brand I trust"":[""Strongly agree""],""Kettlebird is easy to find in shops"":[""Strongly agree""],""Kettlebird is a brand for people like me"":[""Agree""]}",34.7
demo-consumer,co-099,co-q04,open,What comes to mind when you think of Kettlebird?,"Honest ingredients and a short list on the back, I like that they don't hide stuff.",17.8
demo-consumer,co-099,co-q05,choice,Where do you usually buy snacks? Select all that apply.,Local convenience store; Petrol station; Farm shop or deli; Vending machine,22
demo-consumer,co-099,co-q06,scale,"How would you rate Kettlebird on taste? (1 = poor, 5 = excellent)",5,3.2
demo-consumer,co-099,co-q07,scale,"How would you rate Kettlebird on price? (1 = poor, 5 = excellent)",5,3.2
demo-consumer,co-099,co-q08,scale,"How would you rate Kettlebird on packaging? (1 = poor, 5 = excellent)",4,4.7
demo-consumer,co-099,co-q09,scale,"How would you rate Kettlebird on availability? (1 = poor, 5 = excellent)",4,9.4
demo-consumer,co-099,co-q10,scale,"How would you rate Kettlebird on variety? (1 = poor, 5 = excellent)",5,3.3
demo-consumer,co-099,co-q11,scale,"How would you rate Kettlebird on healthiness? (1 = poor, 5 = excellent)",5,2.6
demo-consumer,co-099,co-q12,matrix,How much do you agree with these statements about snack packaging?,"{""Resealable bags are important to me"":[""Agree""],""I notice the packaging design when choosing snacks"":[""Agree""],""Paper packaging makes me think a brand is sustainable"":[""Strongly agree""],""I read the ingredient list before buying"":[""Strongly agree""],""Sharing bags are too large for me"":[""Agree""],""Clear nutrition labels influence what I buy"":[""Agree""]}",49.3
demo-consumer,co-099,co-q13,open,Have you tried the new Kettlebird Sea Salt & Thyme flavour?,Yes,10.9
demo-consumer,co-099,co-q14,choice,Which flavours would you like Kettlebird to launch next? Select all that apply.,Sour cream & chive; Black pepper & lime; Honey mustard; Sweet chilli; Salted caramel; Wasabi,27.3
demo-consumer,co-099,co-q15,matrix,How much do you agree with these statements about snacking occasions?,"{""I snack mainly in the evening"":[""Strongly agree""],""I buy snacks on impulse"":[""Strongly agree""],""I plan snacks as part of the weekly shop"":[""Agree""],""I prefer savoury snacks over sweet ones"":[""Agree""],""I eat more snacks when watching TV"":[""Agree""],""I try to limit how often I snack"":[""Agree""]}",32.6
demo-consumer,co-099,co-q16,choice,On which occasions do you snack? Select all that apply.,At lunch; Road trips; Parties and gatherings; Picnics and outdoors,6.9
demo-consumer,co-099,co-q17,open,"If you could change one thing about Kettlebird, what would it be?","Bring back the mature cheddar flavour, that was my favourite. Small thing but it matters",65.3
demo-consumer,co-099,co-q18,choice,How likely are you to buy Kettlebird in the next month?,Very unlikely,13.9
demo-consumer,co-100,co-q01,choice,Which best describes how often you eat packaged savoury snacks?,Rarely or never,1.5
demo-consumer,co-100,co-q02,choice,Which snack brands have you bought in the last three months? Select all that apply.,Crunchfield,6.7
demo-consumer,co-100,co-q03,matrix,"Thinking about Kettlebird crisps, how much do you agree with each statement?","{""Kettlebird tastes better than other brands"":[""Agree""],""Kettlebird is good value for money"":[""Agree""],""Kettlebird uses quality ingredients"":[""Agree""],""Kettlebird is a brand I trust"":[""Agree""],""Kettlebird is easy to find in shops"":[""Agree""],""Kettlebird is a brand for people like me"":[""Agree""]}",7.2
demo-consumer,co-100,co-q04,open,What comes to mind when you think of Kettlebird?,no,8
demo-consumer,co-100,co-q05,choice,Where do you usually buy snacks? Select all that apply.,Farm shop or deli,2.4
demo-consumer,co-100,co-q06,scale,"How would you rate Kettlebird on taste? (1 = poor, 5 = excellent)",5,1
demo-consumer,co-100,co-q07,scale,"How would you rate Kettlebird on price? (1 = poor, 5 = excellent)",4,1.7
demo-consumer,co-100,co-q08,scale,"How would you rate Kettlebird on packaging? (1 = poor, 5 = excellent)",5,1.3
demo-consumer,co-100,co-q09,scale,"How would you rate Kettlebird on availability? (1 = poor, 5 = excellent)",5,1.7
demo-consumer,co-100,co-q10,scale,"How would you rate Kettlebird on variety? (1 = poor, 5 = excellent)",5,2.6
demo-consumer,co-100,co-q11,scale,"How would you rate Kettlebird on healthiness? (1 = poor, 5 = excellent)",5,0.6
demo-consumer,co-100,co-q12,matrix,How much do you agree with these statements about snack packaging?,"{""Resealable bags are important to me"":[""Agree""],""I notice the packaging design when choosing snacks"":[""Agree""],""Paper packaging makes me think a brand is sustainable"":[""Agree""],""I read the ingredient list before buying"":[""Agree""],""Sharing bags are too large for me"":[""Agree""],""Clear nutrition labels influence what I buy"":[""Agree""]}",6.1
demo-consumer,co-100,co-q13,open,Have you tried the new Kettlebird Sea Salt & Thyme flavour?,easy,7
demo-consumer,co-100,co-q14,choice,Which flavours would you like Kettlebird to launch next? Select all that apply.,Black pepper & lime,3.7
demo-consumer,co-100,co-q15,matrix,How much do you agree with these statements about snacking occasions?,"{""I snack mainly in the evening"":[""Disagree""],""I buy snacks on impulse"":[""Disagree""],""I plan snacks as part of the weekly shop"":[""Disagree""],""I prefer savoury snacks over sweet ones"":[""Disagree""],""I eat more snacks when watching TV"":[""Disagree""],""I try to limit how often I snack"":[""Disagree""]}",5
demo-consumer,co-100,co-q16,choice,On which occasions do you snack? Select all that apply.,With a drink in the evening,3.4
demo-consumer,co-100,co-q17,open,"If you could change one thing about Kettlebird, what would it be?",good,10.1
demo-consumer,co-100,co-q18,choice,How likely are you to buy Kettlebird in the next month?,Not sure,1.4
demo-b2b,b2b-001,b2b-q01,choice,Which of these back-office areas takes the most of your time each week?,Stock and suppliers,16.6
demo-b2b,b2b-001,b2b-q02,cardsort,"Sort these twelve back-office tools into groups that make sense to you, and name each group.","{""Money"":[""Invoicing"",""Expense tracking"",""Bookkeeping"",""Tax filing""],""Staff"":[""Payroll"",""Shift scheduling""],""Operations"":[""Inventory counts"",""Supplier orders"",""Appointment booking"",""Customer messaging"",""Hiring and applicant tracking"",""Time-off requests""]}",129.9
demo-b2b,b2b-001,b2b-q03,open,"Describe the last software purchase you decided on: what, why, what went wrong.","I don't actually have a company, I'm a student, so I haven't bought any business software, just a laptop for uni.",98.1
demo-b2b,b2b-001,b2b-q04,choice,Which tools does your business currently pay for? Select all that apply.,None of these,9.8
demo-b2b,b2b-001,b2b-q05,scale,"How satisfied are you with your current accounting software? (1 = very dissatisfied, 5 = very satisfied)",1,2.6
demo-b2b,b2b-001,b2b-q06,open,How do you usually hear about new business software?,"through my course probably, but I don't run a business",27.8
demo-b2b,b2b-001,b2b-q07,choice,Who else is involved when you buy software for the business?,Not applicable,10.2
demo-b2b,b2b-001,b2b-q08,open,What stops you from switching a tool you are unhappy with?,No company here so this doesn't apply to me.,32.8
demo-b2b,b2b-001,b2b-q09,scale,"How much of a priority is replacing one of your tools in the next 12 months? (1 = not a priority, 5 = top priority)",2,3.6
demo-b2b,b2b-001,b2b-q10,choice,"What is your typical yearly budget for one business software subscription, in your local currency?",Not applicable,14.6
demo-b2b,b2b-001,b2b-q11,open,What would make you recommend a business tool to another owner?,"I wouldn't know, I'm not a business owner.",37.1
demo-b2b,b2b-002,b2b-q01,choice,Which of these back-office areas takes the most of your time each week?,Payroll and staff admin,9.3
demo-b2b,b2b-002,b2b-q02,cardsort,"Sort these twelve back-office tools into groups that make sense to you, and name each group.","{""Accounting"":[""Invoicing"",""Expense tracking"",""Bookkeeping"",""Tax filing"",""Appointment booking"",""Customer messaging""],""People"":[""Payroll"",""Shift scheduling"",""Hiring and applicant tracking"",""Time-off requests""],""Day to day"":[""Inventory counts"",""Supplier orders""]}",69.8
demo-b2b,b2b-002,b2b-q03,open,"Describe the last software purchase you decided on: what, why, what went wrong.",We bought a CRM for the sales side after losing track of quotes; it works but the per-seat pricing doubled when we added the two part-timers.,162.9
demo-b2b,b2b-002,b2b-q04,choice,Which tools does your business currently pay for? Select all that apply.,Accounting software; Payroll software; Shift scheduling,21.7
demo-b2b,b2b-002,b2b-q05,scale,"How satisfied are you with your current accounting software? (1 = very dissatisfied, 5 = very satisfied)",3,5.2
demo-b2b,b2b-002,b2b-q06,open,How do you usually hear about new business software?,Trade shows once a year and whatever the supplier reps mention when they visit. Reviews matter more than ads to me.,57.2
demo-b2b,b2b-002,b2b-q07,choice,Who else is involved when you buy software for the business?,The staff who will use it,6.1
demo-b2b,b2b-002,b2b-q08,open,What stops you from switching a tool you are unhappy with?,fear that the new one will have different problems and I'll have paid twice.,70.7
demo-b2b,b2b-002,b2b-q09,scale,"How much of a priority is replacing one of your tools in the next 12 months? (1 = not a priority, 5 = top priority)",3,3.3
demo-b2b,b2b-002,b2b-q10,choice,"What is your typical yearly budget for one business software subscription, in your local currency?","More than 5,000",10.7
demo-b2b,b2b-002,b2b-q11,open,What would make you recommend a business tool to another owner?,"being able to cancel monthly, I'd happily recommend a tool that doesn't trap you. That's rarer than it should be.",57.8
demo-b2b,b2b-003,b2b-q01,choice,Which of these back-office areas takes the most of your time each week?,Customer bookings and messages,2
demo-b2b,b2b-003,b2b-q02,cardsort,"Sort these twelve back-office tools into groups that make sense to you, and name each group.","{""Things"":[""Shift scheduling"",""Inventory counts"",""Hiring and applicant tracking"",""Payroll""],""C"":[""Invoicing"",""Bookkeeping"",""Time-off requests"",""Customer messaging"",""Appointment booking""],""Misc"":[""Expense tracking"",""Tax filing"",""Supplier orders""]}",26.9
demo-b2b,b2b-003,b2b-q03,open,"Describe the last software purchase you decided on: what, why, what went wrong.",ok,14.9
demo-b2b,b2b-003,b2b-q04,choice,Which tools does your business currently pay for? Select all that apply.,CRM,3
demo-b2b,b2b-003,b2b-q05,scale,"How satisfied are you with your current accounting software? (1 = very dissatisfied, 5 = very satisfied)",5,0.9
demo-b2b,b2b-003,b2b-q06,open,How do you usually hear about new business software?,nothing,13.9
demo-b2b,b2b-003,b2b-q07,choice,Who else is involved when you buy software for the business?,I decide alone,1.8
demo-b2b,b2b-003,b2b-q08,open,What stops you from switching a tool you are unhappy with?,dont know,7.3
demo-b2b,b2b-003,b2b-q09,scale,"How much of a priority is replacing one of your tools in the next 12 months? (1 = not a priority, 5 = top priority)",2,1.1
demo-b2b,b2b-003,b2b-q10,choice,"What is your typical yearly budget for one business software subscription, in your local currency?",Under 200,1.2
demo-b2b,b2b-003,b2b-q11,open,What would make you recommend a business tool to another owner?,ok,10.2
demo-b2b,b2b-004,b2b-q01,choice,Which of these back-office areas takes the most of your time each week?,Customer bookings and messages,8.6
demo-b2b,b2b-004,b2b-q02,cardsort,"Sort these twelve back-office tools into groups that make sense to you, and name each group.","{""Money"":[""Invoicing"",""Expense tracking"",""Bookkeeping"",""Tax filing"",""Inventory counts"",""Supplier orders""],""HR"":[""Payroll"",""Shift scheduling"",""Time-off requests""],""Day to day"":[""Appointment booking"",""Customer messaging"",""Hiring and applicant tracking""]}",90.1
demo-b2b,b2b-004,b2b-q03,open,"Describe the last software purchase you decided on: what, why, what went wrong.","Bought a scheduling app for the shop floor so people could swap shifts themselves; the problem was the mobile app logged everyone out weekly and the staff stopped using it. I'd still choose it again, just with more planning.",110.6
demo-b2b,b2b-004,b2b-q04,choice,Which tools does your business currently pay for? Select all that apply.,Payroll software; Inventory management; Booking system; Email marketing,11.2
demo-b2b,b2b-004,b2b-q05,scale,"How satisfied are you with your current accounting software? (1 = very dissatisfied, 5 = very satisfied)",5,5
demo-b2b,b2b-004,b2b-q06,open,How do you usually hear about new business software?,Word of mouth at the chamber of commerce meetings. I usually trial two before choosing.,22.4
demo-b2b,b2b-004,b2b-q07,choice,Who else is involved when you buy software for the business?,The staff who will use it,8.9
demo-b2b,b2b-004,b2b-q08,open,What stops you from switching a tool you are unhappy with?,Our accountant is used to the current one and switching means switching how she works too.,43.5
demo-b2b,b2b-004,b2b-q09,scale,"How much of a priority is replacing one of your tools in the next 12 months? (1 = not a priority, 5 = top priority)",3,3.3
demo-b2b,b2b-004,b2b-q10,choice,"What is your typical yearly budget for one business software subscription, in your local currency?","200 to 1,000",12.9
demo-b2b,b2b-004,b2b-q11,open,What would make you recommend a business tool to another owner?,"if my staff adopted it without complaining, that's the real test.",16.1
demo-b2b,b2b-005,b2b-q01,choice,Which of these back-office areas takes the most of your time each week?,Customer bookings and messages,14
demo-b2b,b2b-005,b2b-q02,cardsort,"Sort these twelve back-office tools into groups that make sense to you, and name each group.","{""Money"":[""Expense tracking"",""Bookkeeping"",""Tax filing"",""Customer messaging""],""HR"":[""Payroll"",""Shift scheduling"",""Hiring and applicant tracking"",""Time-off requests""],""Day to day"":[""Inventory counts"",""Supplier orders""],""Other"":[""Invoicing"",""Appointment booking""]}",111.9
demo-b2b,b2b-005,b2b-q03,open,"Describe the last software purchase you decided on: what, why, what went wrong.",Bought a scheduling app for the shop floor so people could swap shifts themselves; the problem was the mobile app logged everyone out weekly and the staff stopped using it.,95.9
demo-b2b,b2b-005,b2b-q04,choice,Which tools does your business currently pay for? Select all that apply.,CRM,14.7
demo-b2b,b2b-005,b2b-q05,scale,"How satisfied are you with your current accounting software? (1 = very dissatisfied, 5 = very satisfied)",2,5.4
demo-b2b,b2b-005,b2b-q06,open,How do you usually hear about new business software?,Mostly from the accountant and from other owners in the local business group chat.,60.8
demo-b2b,b2b-005,b2b-q07,choice,Who else is involved when you buy software for the business?,I decide alone,11.1
demo-b2b,b2b-005,b2b-q08,open,What stops you from switching a tool you are unhappy with?,"The time it takes to move the data across and retrain everyone, we're too small to lose a week on it. It's a real frustration.",82.6
demo-b2b,b2b-005,b2b-q09,scale,"How much of a priority is replacing one of your tools in the next 12 months? (1 = not a priority, 5 = top priority)",3,4.5
demo-b2b,b2b-005,b2b-q10,choice,"What is your typical yearly budget for one business software subscription, in your local currency?",Under 200,8.3
demo-b2b,b2b-005,b2b-q11,open,What would make you recommend a business tool to another owner?,"being able to cancel monthly, I'd happily recommend a tool that doesn't trap you. That's rarer than it should be.",22.4
demo-b2b,b2b-006,b2b-q01,choice,Which of these back-office areas takes the most of your time each week?,Marketing,7.1
demo-b2b,b2b-006,b2b-q02,cardsort,"Sort these twelve back-office tools into groups that make sense to you, and name each group.","{""Money"":[""Invoicing"",""Expense tracking"",""Bookkeeping"",""Tax filing""],""Staff"":[""Payroll"",""Shift scheduling"",""Hiring and applicant tracking"",""Time-off requests"",""Inventory counts""],""Day to day"":[""Supplier orders"",""Appointment booking"",""Customer messaging""]}",104.6
demo-b2b,b2b-006,b2b-q03,open,"Describe the last software purchase you decided on: what, why, what went wrong.","Got a rota and time-off app for the restaurant; what went wrong was the integration with payroll never actually synced hours, so we still type them in.",182
demo-b2b,b2b-006,b2b-q04,choice,Which tools does your business currently pay for? Select all that apply.,Inventory management; CRM,11
demo-b2b,b2b-006,b2b-q05,scale,"How satisfied are you with your current accounting software? (1 = very dissatisfied, 5 = very satisfied)",2,8.8
demo-b2b,b2b-006,b2b-q06,open,How do you usually hear about new business software?,industry newsletters and the occasional webinar if the topic is relevant. Reviews matter more than ads to me.,72.4
demo-b2b,b2b-006,b2b-q07,choice,Who else is involved when you buy software for the business?,The staff who will use it,8.1
demo-b2b,b2b-006,b2b-q08,open,What stops you from switching a tool you are unhappy with?,"The time it takes to move the data across and retrain everyone, we're too small to lose a week on it.",64.7
demo-b2b,b2b-006,b2b-q09,scale,"How much of a priority is replacing one of your tools in the next 12 months? (1 = not a priority, 5 = top priority)",2,4.6
demo-b2b,b2b-006,b2b-q10,choice,"What is your typical yearly budget for one business software subscription, in your local currency?","200 to 1,000",7.7
demo-b2b,b2b-006,b2b-q11,open,What would make you recommend a business tool to another owner?,If it saved me measurable time each week and the support actually picked up the phone,44.8
demo-b2b,b2b-007,b2b-q01,choice,Which of these back-office areas takes the most of your time each week?,Customer bookings and messages,15.7
demo-b2b,b2b-007,b2b-q02,cardsort,"Sort these twelve back-office tools into groups that make sense to you, and name each group.","{""Accounting"":[""Invoicing"",""Bookkeeping"",""Tax filing"",""Hiring and applicant tracking""],""People"":[""Payroll"",""Shift scheduling"",""Time-off requests"",""Expense tracking"",""Supplier orders""],""Day to day"":[""Inventory counts"",""Appointment booking"",""Customer messaging""]}",112.4
demo-b2b,b2b-007,b2b-q03,open,"Describe the last software purchase you decided on: what, why, what went wrong.",We moved payroll from spreadsheets to a cloud payroll tool because the accountant kept finding errors; the migration took twice as long as promised and two staff were paid late in the first month.,139
demo-b2b,b2b-007,b2b-q04,choice,Which tools does your business currently pay for? Select all that apply.,Booking system,24.9
demo-b2b,b2b-007,b2b-q05,scale,"How satisfied are you with your current accounting software? (1 = very dissatisfied, 5 = very satisfied)",4,6
demo-b2b,b2b-007,b2b-q06,open,How do you usually hear about new business software?,Word of mouth at the chamber of commerce meetings.,31.4
demo-b2b,b2b-007,b2b-q07,choice,Who else is involved when you buy software for the business?,My co-owner,11.2
demo-b2b,b2b-007,b2b-q08,open,What stops you from switching a tool you are unhappy with?,Cost of the overlap period when you pay for both while migrating. We'll probably live with it another year.,102.4
demo-b2b,b2b-007,b2b-q09,scale,"How much of a priority is replacing one of your tools in the next 12 months? (1 = not a priority, 5 = top priority)",3,3.4
demo-b2b,b2b-007,b2b-q10,choice,"What is your typical yearly budget for one business software subscription, in your local currency?","200 to 1,000",21
demo-b2b,b2b-007,b2b-q11,open,What would make you recommend a business tool to another owner?,"Reliability above everything, if the till goes down on a Saturday I lose real money",62.9
demo-b2b,b2b-008,b2b-q01,choice,Which of these back-office areas takes the most of your time each week?,Stock and suppliers,2.8
demo-b2b,b2b-008,b2b-q02,cardsort,"Sort these twelve back-office tools into groups that make sense to you, and name each group.","{""Finance"":[""Invoicing"",""Expense tracking"",""Bookkeeping"",""Tax filing""],""People"":[""Payroll"",""Shift scheduling"",""Hiring and applicant tracking"",""Time-off requests""],""Back room"":[""Inventory counts""],""Customers"":[""Appointment booking"",""Customer messaging"",""Supplier orders""]}",81.6
demo-b2b,b2b-008,b2b-q03,open,"Describe the last software purchase you decided on: what, why, what went wrong.","Got a rota and time-off app for the restaurant; what went wrong was the integration with payroll never actually synced hours, so we still type them in.",104.8
demo-b2b,b2b-008,b2b-q04,choice,Which tools does your business currently pay for? Select all that apply.,Payroll software; Project management,13.3
demo-b2b,b2b-008,b2b-q05,scale,"How satisfied are you with your current accounting software? (1 = very dissatisfied, 5 = very satisfied)",5,1.1
demo-b2b,b2b-008,b2b-q06,open,How do you usually hear about new business software?,"Online searches when something breaks, I rarely go looking otherwise.",29.6
demo-b2b,b2b-008,b2b-q07,choice,Who else is involved when you buy software for the business?,Our accountant or bookkeeper,7.1
demo-b2b,b2b-008,b2b-q08,open,What stops you from switching a tool you are unhappy with?,Our accountant is used to the current one and switching means switching how she works too. We'll probably live with it another year.,27
demo-b2b,b2b-008,b2b-q09,scale,"How much of a priority is replacing one of your tools in the next 12 months? (1 = not a priority, 5 = top priority)",5,4.7
demo-b2b,b2b-008,b2b-q10,choice,"What is your typical yearly budget for one business software subscription, in your local currency?","More than 5,000",4.4
demo-b2b,b2b-008,b2b-q11,open,What would make you recommend a business tool to another owner?,"An export button that gives me my data in a usable format, that shows they respect customers. Simple asks really.",59.4
demo-b2b,b2b-009,b2b-q01,choice,Which of these back-office areas takes the most of your time each week?,Stock and suppliers,19.9
demo-b2b,b2b-009,b2b-q02,cardsort,"Sort these twelve back-office tools into groups that make sense to you, and name each group.","{""Finance"":[""Invoicing"",""Bookkeeping"",""Tax filing""],""HR"":[""Payroll"",""Shift scheduling"",""Hiring and applicant tracking"",""Time-off requests"",""Customer messaging""],""Customers and stock"":[""Inventory counts"",""Supplier orders"",""Appointment booking"",""Expense tracking""]}",259.5
demo-b2b,b2b-009,b2b-q03,open,"Describe the last software purchase you decided on: what, why, what went wrong.",Everything was fine and easy to use.,17.3
demo-b2b,b2b-009,b2b-q04,choice,Which tools does your business currently pay for? Select all that apply.,Accounting software; Shift scheduling; Inventory management,14
demo-b2b,b2b-009,b2b-q05,scale,"How satisfied are you with your current accounting software? (1 = very dissatisfied, 5 = very satisfied)",4,6.9
demo-b2b,b2b-009,b2b-q06,open,How do you usually hear about new business software?,Everything was fine and easy to use.,15.8
demo-b2b,b2b-009,b2b-q07,choice,Who else is involved when you buy software for the business?,An IT contractor,11.9
demo-b2b,b2b-009,b2b-q08,open,What stops you from switching a tool you are unhappy with?,Everything was fine and easy to use.,21.3
demo-b2b,b2b-009,b2b-q09,scale,"How much of a priority is replacing one of your tools in the next 12 months? (1 = not a priority, 5 = top priority)",3,5.5
demo-b2b,b2b-009,b2b-q10,choice,"What is your typical yearly budget for one business software subscription, in your local currency?",Under 200,31.4
demo-b2b,b2b-009,b2b-q11,open,What would make you recommend a business tool to another owner?,Everything was fine and easy to use.,12.6
demo-b2b,b2b-010,b2b-q01,choice,Which of these back-office areas takes the most of your time each week?,None of these / not applicable,11
demo-b2b,b2b-010,b2b-q02,cardsort,"Sort these twelve back-office tools into groups that make sense to you, and name each group.","{""Accounting"":[""Invoicing"",""Expense tracking"",""Bookkeeping"",""Tax filing"",""Customer messaging"",""Hiring and applicant tracking""],""People"":[""Payroll"",""Time-off requests""],""Operations"":[""Inventory counts"",""Supplier orders"",""Appointment booking"",""Shift scheduling""]}",77.7
demo-b2b,b2b-010,b2b-q03,open,"Describe the last software purchase you decided on: what, why, what went wrong.","I don't have a company so nothing to describe here, sorry.",70.4
demo-b2b,b2b-010,b2b-q04,choice,Which tools does your business currently pay for? Select all that apply.,Booking system,15.2
demo-b2b,b2b-010,b2b-q05,scale,"How satisfied are you with your current accounting software? (1 = very dissatisfied, 5 = very satisfied)",5,4.7
demo-b2b,b2b-010,b2b-q06,open,How do you usually hear about new business software?,I don't have a company so I don't look for this stuff.,58.3
demo-b2b,b2b-010,b2b-q07,choice,Who else is involved when you buy software for the business?,I decide alone,8.2
demo-b2b,b2b-010,b2b-q08,open,What stops you from switching a tool you are unhappy with?,No company here so this doesn't apply to me.,50
demo-b2b,b2b-010,b2b-q09,scale,"How much of a priority is replacing one of your tools in the next 12 months? (1 = not a priority, 5 = top priority)",4,6.4
demo-b2b,b2b-010,b2b-q10,choice,"What is your typical yearly budget for one business software subscription, in your local currency?",Not applicable,7.3
demo-b2b,b2b-010,b2b-q11,open,What would make you recommend a business tool to another owner?,"No idea, I don't buy this kind of thing.",53.2
demo-b2b,b2b-011,b2b-q01,choice,Which of these back-office areas takes the most of your time each week?,Marketing,6.2
demo-b2b,b2b-011,b2b-q02,cardsort,"Sort these twelve back-office tools into groups that make sense to you, and name each group.","{""Money"":[""Invoicing"",""Expense tracking"",""Bookkeeping"",""Tax filing""],""Staff"":[""Payroll"",""Shift scheduling"",""Hiring and applicant tracking"",""Time-off requests""],""Day to day"":[""Supplier orders"",""Customer messaging""],""Not sure"":[""Appointment booking"",""Inventory counts""]}",191
demo-b2b,b2b-011,b2b-q03,open,"Describe the last software purchase you decided on: what, why, what went wrong.","Got a rota and time-off app for the restaurant; what went wrong was the integration with payroll never actually synced hours, so we still type them in",207.6
demo-b2b,b2b-011,b2b-q04,choice,Which tools does your business currently pay for? Select all that apply.,Accounting software,11.5
demo-b2b,b2b-011,b2b-q05,scale,"How satisfied are you with your current accounting software? (1 = very dissatisfied, 5 = very satisfied)",4,3.3
demo-b2b,b2b-011,b2b-q06,open,How do you usually hear about new business software?,"Social media ads, annoyingly, they seem to know exactly what I'm struggling with. Price lists are rarely upfront though.",108.2
demo-b2b,b2b-011,b2b-q07,choice,Who else is involved when you buy software for the business?,The staff who will use it,10.5
demo-b2b,b2b-011,b2b-q08,open,What stops you from switching a tool you are unhappy with?,Our accountant is used to the current one and switching means switching how she works too. Smaller firms get the worst of this.,40
demo-b2b,b2b-011,b2b-q09,scale,"How much of a priority is replacing one of your tools in the next 12 months? (1 = not a priority, 5 = top priority)",5,8.3
demo-b2b,b2b-011,b2b-q10,choice,"What is your typical yearly budget for one business software subscription, in your local currency?",Under 200,14.1
demo-b2b,b2b-011,b2b-q11,open,What would make you recommend a business tool to another owner?,"a fair price for a company of our size, not enterprise rates. Simple asks really.",58.6
demo-b2b,b2b-012,b2b-q01,choice,Which of these back-office areas takes the most of your time each week?,None of these / not applicable,22
demo-b2b,b2b-012,b2b-q02,cardsort,"Sort these twelve back-office tools into groups that make sense to you, and name each group.","{""Accounting"":[""Invoicing"",""Expense tracking"",""Bookkeeping"",""Tax filing"",""Time-off requests"",""Supplier orders""],""People"":[""Payroll"",""Shift scheduling"",""Hiring and applicant tracking""],""Operations"":[""Inventory counts"",""Appointment booking"",""Customer messaging""]}",55.7
demo-b2b,b2b-012,b2b-q03,open,"Describe the last software purchase you decided on: what, why, what went wrong.","I'm studying at the moment and don't own anything, the last thing I bought was a games console.",69
demo-b2b,b2b-012,b2b-q04,choice,Which tools does your business currently pay for? Select all that apply.,None of these,8.4
demo-b2b,b2b-012,b2b-q05,scale,"How satisfied are you with your current accounting software? (1 = very dissatisfied, 5 = very satisfied)",2,4.4
demo-b2b,b2b-012,b2b-q06,open,How do you usually hear about new business software?,Not applicable to me.,32.1
demo-b2b,b2b-012,b2b-q07,choice,Who else is involved when you buy software for the business?,Not applicable,6.5
demo-b2b,b2b-012,b2b-q08,open,What stops you from switching a tool you are unhappy with?,"I'm a student, I don't pay for business tools.",42.5
demo-b2b,b2b-012,b2b-q09,scale,"How much of a priority is replacing one of your tools in the next 12 months? (1 = not a priority, 5 = top priority)",2,2.2
demo-b2b,b2b-012,b2b-q10,choice,"What is your typical yearly budget for one business software subscription, in your local currency?",Not applicable,13.5
demo-b2b,b2b-012,b2b-q11,open,What would make you recommend a business tool to another owner?,"I wouldn't know, I'm not a business owner.",39
demo-b2b,b2b-013,b2b-q01,choice,Which of these back-office areas takes the most of your time each week?,Stock and suppliers,14
demo-b2b,b2b-013,b2b-q02,cardsort,"Sort these twelve back-office tools into groups that make sense to you, and name each group.","{""Money"":[""Invoicing"",""Expense tracking"",""Bookkeeping"",""Tax filing"",""Inventory counts""],""HR"":[""Payroll"",""Shift scheduling"",""Hiring and applicant tracking"",""Time-off requests""],""Customers and stock"":[""Supplier orders"",""Appointment booking"",""Customer messaging""]}",67
demo-b2b,b2b-013,b2b-q03,open,"Describe the last software purchase you decided on: what, why, what went wrong.","We moved payroll from spreadsheets to a cloud payroll tool because the accountant kept finding errors; the migration took twice as long as promised and two staff were paid late in the first month. I'd still choose it again, just with more planning.",239.3
demo-b2b,b2b-013,b2b-q04,choice,Which tools does your business currently pay for? Select all that apply.,Accounting software,20.4
demo-b2b,b2b-013,b2b-q05,scale,"How satisfied are you with your current accounting software? (1 = very dissatisfied, 5 = very satisfied)",5,6.6
demo-b2b,b2b-013,b2b-q06,open,How do you usually hear about new business software?,"Online searches when something breaks, I rarely go looking otherwise. Reviews matter more than ads to me.",42.4
demo-b2b,b2b-013,b2b-q07,choice,Who else is involved when you buy software for the business?,Our accountant or bookkeeper,9.5
demo-b2b,b2b-013,b2b-q08,open,What stops you from switching a tool you are unhappy with?,Cost of the overlap period when you pay for both while migrating. We'll probably live with it another year.,83
demo-b2b,b2b-013,b2b-q09,scale,"How much of a priority is replacing one of your tools in the next 12 months? (1 = not a priority, 5 = top priority)",3,4.5
demo-b2b,b2b-013,b2b-q10,choice,"What is your typical yearly budget for one business software subscription, in your local currency?","200 to 1,000",13.3
demo-b2b,b2b-013,b2b-q11,open,What would make you recommend a business tool to another owner?,"If my staff adopted it without complaining, that's the real test.",15.1
demo-b2b,b2b-014,b2b-q01,choice,Which of these back-office areas takes the most of your time each week?,Stock and suppliers,10.5
demo-b2b,b2b-014,b2b-q02,cardsort,"Sort these twelve back-office tools into groups that make sense to you, and name each group.","{""Accounting"":[""Invoicing"",""Expense tracking"",""Bookkeeping"",""Tax filing""],""People"":[""Payroll"",""Shift scheduling"",""Hiring and applicant tracking"",""Time-off requests"",""Customer messaging""],""Operations"":[""Inventory counts"",""Supplier orders""],""Other"":[""Appointment booking""]}",55.9
demo-b2b,b2b-014,b2b-q03,open,"Describe the last software purchase you decided on: what, why, what went wrong.","Got a rota and time-off app for the restaurant; what went wrong was the integration with payroll never actually synced hours, so we still type them in. Lesson learned about trial periods.",53.9
demo-b2b,b2b-014,b2b-q04,choice,Which tools does your business currently pay for? Select all that apply.,Accounting software; Shift scheduling; Inventory management; CRM,5.5
demo-b2b,b2b-014,b2b-q05,scale,"How satisfied are you with your current accounting software? (1 = very dissatisfied, 5 = very satisfied)",4,2.8
demo-b2b,b2b-014,b2b-q06,open,How do you usually hear about new business software?,Mostly from the accountant and from other owners in the local business group chat. Reviews matter more than ads to me.,48.4
demo-b2b,b2b-014,b2b-q07,choice,Who else is involved when you buy software for the business?,My co-owner,5.3
demo-b2b,b2b-014,b2b-q08,open,What stops you from switching a tool you are unhappy with?,"Annual contracts, we're locked in until next spring. We'll probably live with it another year.",42.6
demo-b2b,b2b-014,b2b-q09,scale,"How much of a priority is replacing one of your tools in the next 12 months? (1 = not a priority, 5 = top priority)",3,1.6
demo-b2b,b2b-014,b2b-q10,choice,"What is your typical yearly budget for one business software subscription, in your local currency?","More than 5,000",5
demo-b2b,b2b-014,b2b-q11,open,What would make you recommend a business tool to another owner?,if it saved me measurable time each week and the support actually picked up the phone.,25.4
demo-b2b,b2b-015,b2b-q01,choice,Which of these back-office areas takes the most of your time each week?,Payroll and staff admin,18.7
demo-b2b,b2b-015,b2b-q02,cardsort,"Sort these twelve back-office tools into groups that make sense to you, and name each group.","{""Accounting"":[""Expense tracking"",""Bookkeeping"",""Tax filing"",""Customer messaging""],""Staff"":[""Payroll"",""Shift scheduling"",""Hiring and applicant tracking"",""Time-off requests""],""Day to day"":[""Supplier orders"",""Appointment booking""],""Admin"":[""Inventory counts"",""Invoicing""]}",43
demo-b2b,b2b-015,b2b-q03,open,"Describe the last software purchase you decided on: what, why, what went wrong.","signed up for an inventory tool to stop over-ordering at the café; it needed barcodes on everything and we never finished labelling, so it's half used.",141.2
demo-b2b,b2b-015,b2b-q04,choice,Which tools does your business currently pay for? Select all that apply.,Payroll software; CRM; Email marketing; Project management,25.6
demo-b2b,b2b-015,b2b-q05,scale,"How satisfied are you with your current accounting software? (1 = very dissatisfied, 5 = very satisfied)",1,2.1
demo-b2b,b2b-015,b2b-q06,open,How do you usually hear about new business software?,My bookkeeper tells me what integrates with her systems and that decides it.,45.7
demo-b2b,b2b-015,b2b-q07,choice,Who else is involved when you buy software for the business?,I decide alone,15.2
demo-b2b,b2b-015,b2b-q08,open,What stops you from switching a tool you are unhappy with?,"Honestly just inertia, it's annoying but it works well enough most days. It's a real frustration.",52.8
demo-b2b,b2b-015,b2b-q09,scale,"How much of a priority is replacing one of your tools in the next 12 months? (1 = not a priority, 5 = top priority)",3,7.7
demo-b2b,b2b-015,b2b-q10,choice,"What is your typical yearly budget for one business software subscription, in your local currency?","More than 5,000",10.5
demo-b2b,b2b-015,b2b-q11,open,What would make you recommend a business tool to another owner?,"Clear pricing that doesn't jump when you add a user, and a proper mobile app. Simple asks really.",52.2
demo-b2b,b2b-016,b2b-q01,choice,Which of these back-office areas takes the most of your time each week?,Marketing,7.6
demo-b2b,b2b-016,b2b-q02,cardsort,"Sort these twelve back-office tools into groups that make sense to you, and name each group.","{""Money"":[""Invoicing"",""Expense tracking"",""Bookkeeping"",""Tax filing""],""Staff"":[""Payroll"",""Shift scheduling"",""Hiring and applicant tracking"",""Time-off requests""],""Stock"":[""Inventory counts"",""Supplier orders""],""Customers"":[""Customer messaging""],""Admin"":[""Appointment booking""]}",98.4
demo-b2b,b2b-016,b2b-q03,open,"Describe the last software purchase you decided on: what, why, what went wrong.",We bought a CRM for the sales side after losing track of quotes; it works but the per-seat pricing doubled when we added the two part-timers. Support was the weak point.,63.9
demo-b2b,b2b-016,b2b-q04,choice,Which tools does your business currently pay for? Select all that apply.,Shift scheduling; CRM; Email marketing; Project management,6.7
demo-b2b,b2b-016,b2b-q05,scale,"How satisfied are you with your current accounting software? (1 = very dissatisfied, 5 = very satisfied)",4,4.8
demo-b2b,b2b-016,b2b-q06,open,How do you usually hear about new business software?,mostly from the accountant and from other owners in the local business group chat.,37.4
demo-b2b,b2b-016,b2b-q07,choice,Who else is involved when you buy software for the business?,I decide alone,7.1
demo-b2b,b2b-016,b2b-q08,open,What stops you from switching a tool you are unhappy with?,Cost of the overlap period when you pay for both while migrating.,41.8
demo-b2b,b2b-016,b2b-q09,scale,"How much of a priority is replacing one of your tools in the next 12 months? (1 = not a priority, 5 = top priority)",3,3.8
demo-b2b,b2b-016,b2b-q10,choice,"What is your typical yearly budget for one business software subscription, in your local currency?","More than 5,000",7.2
demo-b2b,b2b-016,b2b-q11,open,What would make you recommend a business tool to another owner?,"a fair price for a company of our size, not enterprise rates. That's rarer than it should be.",34.2
demo-b2b,b2b-017,b2b-q01,choice,Which of these back-office areas takes the most of your time each week?,Payroll and staff admin,11.5
demo-b2b,b2b-017,b2b-q02,cardsort,"Sort these twelve back-office tools into groups that make sense to you, and name each group.","{""Finance"":[""Expense tracking"",""Bookkeeping"",""Tax filing"",""Customer messaging""],""Staff"":[""Payroll"",""Shift scheduling"",""Hiring and applicant tracking"",""Time-off requests""],""Operations"":[""Inventory counts"",""Supplier orders"",""Appointment booking""],""Admin"":[""Invoicing""]}",161.6
demo-b2b,b2b-017,b2b-q03,open,"Describe the last software purchase you decided on: what, why, what went wrong.",lkjlkj,12.8
demo-b2b,b2b-017,b2b-q04,choice,Which tools does your business currently pay for? Select all that apply.,Project management,11.1
demo-b2b,b2b-017,b2b-q05,scale,"How satisfied are you with your current accounting software? (1 = very dissatisfied, 5 = very satisfied)",4,8.9
demo-b2b,b2b-017,b2b-q06,open,How do you usually hear about new business software?,sdfsdf,10.1
demo-b2b,b2b-017,b2b-q07,choice,Who else is involved when you buy software for the business?,The staff who will use it,8.5
demo-b2b,b2b-017,b2b-q08,open,What stops you from switching a tool you are unhappy with?,dfgdfg sdf,13.1
demo-b2b,b2b-017,b2b-q09,scale,"How much of a priority is replacing one of your tools in the next 12 months? (1 = not a priority, 5 = top priority)",3,4
demo-b2b,b2b-017,b2b-q10,choice,"What is your typical yearly budget for one business software subscription, in your local currency?",Under 200,11.4
demo-b2b,b2b-017,b2b-q11,open,What would make you recommend a business tool to another owner?,fghj,8.5
demo-b2b,b2b-018,b2b-q01,choice,Which of these back-office areas takes the most of your time each week?,Bookkeeping and invoices,8.7
demo-b2b,b2b-018,b2b-q02,cardsort,"Sort these twelve back-office tools into groups that make sense to you, and name each group.","{""Finance"":[""Invoicing"",""Expense tracking"",""Bookkeeping""],""People"":[""Payroll"",""Shift scheduling"",""Hiring and applicant tracking"",""Time-off requests"",""Customer messaging""],""Customers and stock"":[""Inventory counts"",""Supplier orders"",""Appointment booking"",""Tax filing""]}",106.9
demo-b2b,b2b-018,b2b-q03,open,"Describe the last software purchase you decided on: what, why, what went wrong.","We bought a CRM for the sales side after losing track of quotes; it works but the per-seat pricing doubled when we added the two part-timers. I'd still choose it again, just with more planning.",92.1
demo-b2b,b2b-018,b2b-q04,choice,Which tools does your business currently pay for? Select all that apply.,Payroll software; Booking system; Email marketing,21.5
demo-b2b,b2b-018,b2b-q05,scale,"How satisfied are you with your current accounting software? (1 = very dissatisfied, 5 = very satisfied)",4,1.3
demo-b2b,b2b-018,b2b-q06,open,How do you usually hear about new business software?,Trade shows once a year and whatever the supplier reps mention when they visit.,29.3
demo-b2b,b2b-018,b2b-q07,choice,Who else is involved when you buy software for the business?,Our accountant or bookkeeper,5.1
demo-b2b,b2b-018,b2b-q08,open,What stops you from switching a tool you are unhappy with?,The integrations with the till and the bank took months to set up and I don't want to redo them.,43.8
demo-b2b,b2b-018,b2b-q09,scale,"How much of a priority is replacing one of your tools in the next 12 months? (1 = not a priority, 5 = top priority)",3,3.1
demo-b2b,b2b-018,b2b-q10,choice,"What is your typical yearly budget for one business software subscription, in your local currency?","200 to 1,000",8.2
demo-b2b,b2b-018,b2b-q11,open,What would make you recommend a business tool to another owner?,"A fair price for a company of our size, not enterprise rates. That's rarer than it should be.",26.8
demo-b2b,b2b-019,b2b-q01,choice,Which of these back-office areas takes the most of your time each week?,Stock and suppliers,6.9
demo-b2b,b2b-019,b2b-q02,cardsort,"Sort these twelve back-office tools into groups that make sense to you, and name each group.","{""Accounting"":[""Invoicing"",""Tax filing""],""HR"":[""Payroll"",""Shift scheduling"",""Hiring and applicant tracking"",""Time-off requests"",""Appointment booking""],""Operations"":[""Inventory counts"",""Supplier orders"",""Customer messaging"",""Bookkeeping"",""Expense tracking""]}",108.5
demo-b2b,b2b-019,b2b-q03,open,"Describe the last software purchase you decided on: what, why, what went wrong.",Picked a booking system for the clinic so patients could book online; it went well apart from the SMS reminders costing more than the subscription itself.,102.7
demo-b2b,b2b-019,b2b-q04,choice,Which tools does your business currently pay for? Select all that apply.,Payroll software; Inventory management; Project management,18.5
demo-b2b,b2b-019,b2b-q05,scale,"How satisfied are you with your current accounting software? (1 = very dissatisfied, 5 = very satisfied)",3,3.6
demo-b2b,b2b-019,b2b-q06,open,How do you usually hear about new business software?,"Podcasts aimed at small business owners, and then I look up the sponsors. Price lists are rarely upfront though.",45.3
demo-b2b,b2b-019,b2b-q07,choice,Who else is involved when you buy software for the business?,The staff who will use it,4.3
demo-b2b,b2b-019,b2b-q08,open,What stops you from switching a tool you are unhappy with?,"Staff pushback, the team hates learning new tools. Smaller firms get the worst of this.",26.7
demo-b2b,b2b-019,b2b-q09,scale,"How much of a priority is replacing one of your tools in the next 12 months? (1 = not a priority, 5 = top priority)",5,3.5
demo-b2b,b2b-019,b2b-q10,choice,"What is your typical yearly budget for one business software subscription, in your local currency?",Under 200,9.2
demo-b2b,b2b-019,b2b-q11,open,What would make you recommend a business tool to another owner?,If it saved me measurable time each week and the support actually picked up the phone. Simple asks really.,61.1
demo-b2b,b2b-020,b2b-q01,choice,Which of these back-office areas takes the most of your time each week?,Bookkeeping and invoices,4.6
demo-b2b,b2b-020,b2b-q02,cardsort,"Sort these twelve back-office tools into groups that make sense to you, and name each group.","{""Things"":[""Hiring and applicant tracking"",""Tax filing""],""Misc"":[""Customer messaging"",""Expense tracking""],""Other"":[""Time-off requests"",""Bookkeeping"",""Shift scheduling"",""Inventory counts""],""Tools"":[""Appointment booking"",""Supplier orders""],""B"":[""Invoicing"",""Payroll""]}",20
demo-b2b,b2b-020,b2b-q03,open,"Describe the last software purchase you decided on: what, why, what went wrong.",Nothing specific comes to mind.,57.3
demo-b2b,b2b-020,b2b-q04,choice,Which tools does your business currently pay for? Select all that apply.,Accounting software; Booking system; CRM,14.5
demo-b2b,b2b-020,b2b-q05,scale,"How satisfied are you with your current accounting software? (1 = very dissatisfied, 5 = very satisfied)",2,3.4
demo-b2b,b2b-020,b2b-q06,open,How do you usually hear about new business software?,Nothing specific comes to mind.,24.6
demo-b2b,b2b-020,b2b-q07,choice,Who else is involved when you buy software for the business?,An IT contractor,2.7
demo-b2b,b2b-020,b2b-q08,open,What stops you from switching a tool you are unhappy with?,It depends on the tool.,43.4
demo-b2b,b2b-020,b2b-q09,scale,"How much of a priority is replacing one of your tools in the next 12 months? (1 = not a priority, 5 = top priority)",1,5.4
demo-b2b,b2b-020,b2b-q10,choice,"What is your typical yearly budget for one business software subscription, in your local currency?","More than 5,000",14.2
demo-b2b,b2b-020,b2b-q11,open,What would make you recommend a business tool to another owner?,"If my staff adopted it without complaining, that's the real test.",29.9
demo-b2b,b2b-021,b2b-q01,choice,Which of these back-office areas takes the most of your time each week?,Customer bookings and messages,12.9
demo-b2b,b2b-021,b2b-q02,cardsort,"Sort these twelve back-office tools into groups that make sense to you, and name each group.","{""Accounting"":[""Invoicing"",""Expense tracking"",""Bookkeeping"",""Tax filing""],""Staff"":[""Shift scheduling"",""Time-off requests"",""Hiring and applicant tracking""],""Operations"":[""Inventory counts"",""Supplier orders"",""Appointment booking"",""Customer messaging"",""Payroll""]}",51.2
demo-b2b,b2b-021,b2b-q03,open,"Describe the last software purchase you decided on: what, why, what went wrong.","We moved payroll from spreadsheets to a cloud payroll tool because the accountant kept finding errors; the migration took twice as long as promised and two staff were paid late in the first month. We're still on it, for now.",117
demo-b2b,b2b-021,b2b-q04,choice,Which tools does your business currently pay for? Select all that apply.,CRM; Email marketing,9
demo-b2b,b2b-021,b2b-q05,scale,"How satisfied are you with your current accounting software? (1 = very dissatisfied, 5 = very satisfied)",5,3.1
demo-b2b,b2b-021,b2b-q06,open,How do you usually hear about new business software?,My bookkeeper tells me what integrates with her systems and that decides it.,69.3
demo-b2b,b2b-021,b2b-q07,choice,Who else is involved when you buy software for the business?,My co-owner,7.4
demo-b2b,b2b-021,b2b-q08,open,What stops you from switching a tool you are unhappy with?,"Honestly just inertia, it's annoying but it works well enough most days.",41.7
demo-b2b,b2b-021,b2b-q09,scale,"How much of a priority is replacing one of your tools in the next 12 months? (1 = not a priority, 5 = top priority)",4,7.1
demo-b2b,b2b-021,b2b-q10,choice,"What is your typical yearly budget for one business software subscription, in your local currency?","More than 5,000",6.4
demo-b2b,b2b-021,b2b-q11,open,What would make you recommend a business tool to another owner?,If it saved me measurable time each week and the support actually picked up the phone,31.9
demo-b2b,b2b-022,b2b-q01,choice,Which of these back-office areas takes the most of your time each week?,Bookkeeping and invoices,20.6
demo-b2b,b2b-022,b2b-q02,cardsort,"Sort these twelve back-office tools into groups that make sense to you, and name each group.","{""Money"":[""Invoicing"",""Expense tracking"",""Bookkeeping"",""Tax filing""],""People"":[""Payroll"",""Shift scheduling"",""Hiring and applicant tracking"",""Customer messaging""],""Day to day"":[""Inventory counts"",""Supplier orders"",""Appointment booking"",""Time-off requests""]}",258.5
demo-b2b,b2b-022,b2b-q03,open,"Describe the last software purchase you decided on: what, why, what went wrong.",We replaced our accounting package because the old one stopped being supported; the new one is fine but the first tax return came out wrong and we had to amend it. Lesson learned about trial periods.,184.6
demo-b2b,b2b-022,b2b-q04,choice,Which tools does your business currently pay for? Select all that apply.,Accounting software; CRM; Project management,27.1
demo-b2b,b2b-022,b2b-q05,scale,"How satisfied are you with your current accounting software? (1 = very dissatisfied, 5 = very satisfied)",4,3.8
demo-b2b,b2b-022,b2b-q06,open,How do you usually hear about new business software?,My bookkeeper tells me what integrates with her systems and that decides it.,47.4
demo-b2b,b2b-022,b2b-q07,choice,Who else is involved when you buy software for the business?,I decide alone,19.4
demo-b2b,b2b-022,b2b-q08,open,What stops you from switching a tool you are unhappy with?,"Annual contracts, we're locked in until next spring.",111.6
demo-b2b,b2b-022,b2b-q09,scale,"How much of a priority is replacing one of your tools in the next 12 months? (1 = not a priority, 5 = top priority)",4,4.2
demo-b2b,b2b-022,b2b-q10,choice,"What is your typical yearly budget for one business software subscription, in your local currency?",Under 200,11.8
demo-b2b,b2b-022,b2b-q11,open,What would make you recommend a business tool to another owner?,"It would need to just work without me babysitting it, that's the whole point.",49.6
demo-b2b,b2b-023,b2b-q01,choice,Which of these back-office areas takes the most of your time each week?,None of these / not applicable,11.8
demo-b2b,b2b-023,b2b-q02,cardsort,"Sort these twelve back-office tools into groups that make sense to you, and name each group.","{""Money"":[""Invoicing"",""Expense tracking"",""Bookkeeping"",""Tax filing"",""Appointment booking"",""Hiring and applicant tracking""],""People"":[""Payroll"",""Shift scheduling"",""Time-off requests""],""Customers and stock"":[""Inventory counts"",""Supplier orders"",""Customer messaging""]}",94.4
demo-b2b,b2b-023,b2b-q03,open,"Describe the last software purchase you decided on: what, why, what went wrong.","I'm studying at the moment and don't own anything, the last thing I bought was a games console.",93.7
demo-b2b,b2b-023,b2b-q04,choice,Which tools does your business currently pay for? Select all that apply.,Payroll software,7.8
demo-b2b,b2b-023,b2b-q05,scale,"How satisfied are you with your current accounting software? (1 = very dissatisfied, 5 = very satisfied)",1,6.2
demo-b2b,b2b-023,b2b-q06,open,How do you usually hear about new business software?,I don't have a company so I don't look for this stuff.,28.6
demo-b2b,b2b-023,b2b-q07,choice,Who else is involved when you buy software for the business?,The staff who will use it,8.4
demo-b2b,b2b-023,b2b-q08,open,What stops you from switching a tool you are unhappy with?,Not applicable.,13.9
demo-b2b,b2b-023,b2b-q09,scale,"How much of a priority is replacing one of your tools in the next 12 months? (1 = not a priority, 5 = top priority)",3,3.8
demo-b2b,b2b-023,b2b-q10,choice,"What is your typical yearly budget for one business software subscription, in your local currency?","200 to 1,000",11.5
demo-b2b,b2b-023,b2b-q11,open,What would make you recommend a business tool to another owner?,"Can't really say, I'm a student.",27.8
demo-b2b,b2b-024,b2b-q01,choice,Which of these back-office areas takes the most of your time each week?,Bookkeeping and invoices,2.1
demo-b2b,b2b-024,b2b-q02,cardsort,"Sort these twelve back-office tools into groups that make sense to you, and name each group.","{""Group 1"":[""Invoicing"",""Inventory counts"",""Payroll"",""Customer messaging"",""Hiring and applicant tracking""],""Group 2"":[""Bookkeeping"",""Time-off requests"",""Expense tracking"",""Shift scheduling"",""Appointment booking""],""Group 3"":[""Tax filing"",""Supplier orders""]}",29.1
demo-b2b,b2b-024,b2b-q03,open,"Describe the last software purchase you decided on: what, why, what went wrong.",ok,14.4
demo-b2b,b2b-024,b2b-q04,choice,Which tools does your business currently pay for? Select all that apply.,Inventory management,3.5
demo-b2b,b2b-024,b2b-q05,scale,"How satisfied are you with your current accounting software? (1 = very dissatisfied, 5 = very satisfied)",5,1
demo-b2b,b2b-024,b2b-q06,open,How do you usually hear about new business software?,nice,9.5
demo-b2b,b2b-024,b2b-q07,choice,Who else is involved when you buy software for the business?,An IT contractor,2.6
demo-b2b,b2b-024,b2b-q08,open,What stops you from switching a tool you are unhappy with?,dont know,8.8
demo-b2b,b2b-024,b2b-q09,scale,"How much of a priority is replacing one of your tools in the next 12 months? (1 = not a priority, 5 = top priority)",1,0.6
demo-b2b,b2b-024,b2b-q10,choice,"What is your typical yearly budget for one business software subscription, in your local currency?","1,000 to 5,000",1.9
demo-b2b,b2b-024,b2b-q11,open,What would make you recommend a business tool to another owner?,nothing,10.4
demo-b2b,b2b-025,b2b-q01,choice,Which of these back-office areas takes the most of your time each week?,Marketing,7.5
demo-b2b,b2b-025,b2b-q02,cardsort,"Sort these twelve back-office tools into groups that make sense to you, and name each group.","{""Finance"":[""Invoicing"",""Expense tracking"",""Tax filing"",""Supplier orders""],""People"":[""Payroll"",""Shift scheduling"",""Hiring and applicant tracking"",""Time-off requests""],""Customers and stock"":[""Inventory counts"",""Appointment booking"",""Bookkeeping""],""Other"":[""Customer messaging""]}",103.8
demo-b2b,b2b-025,b2b-q03,open,"Describe the last software purchase you decided on: what, why, what went wrong.","Signed up for an inventory tool to stop over-ordering at the café; it needed barcodes on everything and we never finished labelling, so it's half used. We're still on it, for now.",42.1
demo-b2b,b2b-025,b2b-q04,choice,Which tools does your business currently pay for? Select all that apply.,Payroll software; Shift scheduling; Inventory management; CRM,17.8
demo-b2b,b2b-025,b2b-q05,scale,"How satisfied are you with your current accounting software? (1 = very dissatisfied, 5 = very satisfied)",4,2.8
demo-b2b,b2b-025,b2b-q06,open,How do you usually hear about new business software?,Word of mouth at the chamber of commerce meetings,17.6
demo-b2b,b2b-025,b2b-q07,choice,Who else is involved when you buy software for the business?,My co-owner,11.5
demo-b2b,b2b-025,b2b-q08,open,What stops you from switching a tool you are unhappy with?,"Staff pushback, the team hates learning new tools.",24.9
demo-b2b,b2b-025,b2b-q09,scale,"How much of a priority is replacing one of your tools in the next 12 months? (1 = not a priority, 5 = top priority)",4,5.1
demo-b2b,b2b-025,b2b-q10,choice,"What is your typical yearly budget for one business software subscription, in your local currency?",Under 200,8.6
demo-b2b,b2b-025,b2b-q11,open,What would make you recommend a business tool to another owner?,"If my staff adopted it without complaining, that's the real test. That's rarer than it should be.",28.5
demo-b2b,b2b-026,b2b-q01,choice,Which of these back-office areas takes the most of your time each week?,Marketing,12.7
demo-b2b,b2b-026,b2b-q02,cardsort,"Sort these twelve back-office tools into groups that make sense to you, and name each group.","{""Money"":[""Invoicing"",""Bookkeeping""],""People"":[""Payroll"",""Shift scheduling"",""Hiring and applicant tracking"",""Time-off requests"",""Tax filing"",""Expense tracking""],""Customers and stock"":[""Inventory counts"",""Supplier orders"",""Appointment booking"",""Customer messaging""]}",129.9
demo-b2b,b2b-026,b2b-q03,open,"Describe the last software purchase you decided on: what, why, what went wrong.",Bought a scheduling app for the shop floor so people could swap shifts themselves; the problem was the mobile app logged everyone out weekly and the staff stopped using it.,172.4
demo-b2b,b2b-026,b2b-q04,choice,Which tools does your business currently pay for? Select all that apply.,Project management,21.6
demo-b2b,b2b-026,b2b-q05,scale,"How satisfied are you with your current accounting software? (1 = very dissatisfied, 5 = very satisfied)",5,5.8
demo-b2b,b2b-026,b2b-q06,open,How do you usually hear about new business software?,"Podcasts aimed at small business owners, and then I look up the sponsors.",55.4
demo-b2b,b2b-026,b2b-q07,choice,Who else is involved when you buy software for the business?,Our accountant or bookkeeper,9.4
demo-b2b,b2b-026,b2b-q08,open,What stops you from switching a tool you are unhappy with?,"Staff pushback, the team hates learning new tools",55.3
demo-b2b,b2b-026,b2b-q09,scale,"How much of a priority is replacing one of your tools in the next 12 months? (1 = not a priority, 5 = top priority)",3,3.7
demo-b2b,b2b-026,b2b-q10,choice,"What is your typical yearly budget for one business software subscription, in your local currency?","200 to 1,000",13.3
demo-b2b,b2b-026,b2b-q11,open,What would make you recommend a business tool to another owner?,Integrations with the accounting software so I don't type things twice. Simple asks really.,75.5
demo-b2b,b2b-027,b2b-q01,choice,Which of these back-office areas takes the most of your time each week?,Bookkeeping and invoices,7.2
demo-b2b,b2b-027,b2b-q02,cardsort,"Sort these twelve back-office tools into groups that make sense to you, and name each group.","{""Money"":[""Invoicing"",""Bookkeeping"",""Tax filing""],""HR"":[""Payroll"",""Shift scheduling"",""Hiring and applicant tracking"",""Time-off requests"",""Expense tracking""],""Day to day"":[""Inventory counts"",""Supplier orders"",""Appointment booking"",""Customer messaging""]}",92
demo-b2b,b2b-027,b2b-q03,open,"Describe the last software purchase you decided on: what, why, what went wrong.","Bought a scheduling app for the shop floor so people could swap shifts themselves; the problem was the mobile app logged everyone out weekly and the staff stopped using it. We're still on it, for now.",70.8
demo-b2b,b2b-027,b2b-q04,choice,Which tools does your business currently pay for? Select all that apply.,None of these,8
demo-b2b,b2b-027,b2b-q05,scale,"How satisfied are you with your current accounting software? (1 = very dissatisfied, 5 = very satisfied)",1,3.3
demo-b2b,b2b-027,b2b-q06,open,How do you usually hear about new business software?,My bookkeeper tells me what integrates with her systems and that decides it.,35
demo-b2b,b2b-027,b2b-q07,choice,Who else is involved when you buy software for the business?,I decide alone,4.8
demo-b2b,b2b-027,b2b-q08,open,What stops you from switching a tool you are unhappy with?,"Honestly just inertia, it's annoying but it works well enough most days.",46.8
demo-b2b,b2b-027,b2b-q09,scale,"How much of a priority is replacing one of your tools in the next 12 months? (1 = not a priority, 5 = top priority)",3,2.2
demo-b2b,b2b-027,b2b-q10,choice,"What is your typical yearly budget for one business software subscription, in your local currency?","1,000 to 5,000",7.3
demo-b2b,b2b-027,b2b-q11,open,What would make you recommend a business tool to another owner?,"A fair price for a company of our size, not enterprise rates.",36.6
demo-b2b,b2b-028,b2b-q01,choice,Which of these back-office areas takes the most of your time each week?,Payroll and staff admin,5.9
demo-b2b,b2b-028,b2b-q02,cardsort,"Sort these twelve back-office tools into groups that make sense to you, and name each group.","{""Money"":[""Invoicing"",""Expense tracking"",""Bookkeeping"",""Shift scheduling""],""HR"":[""Payroll"",""Hiring and applicant tracking"",""Time-off requests""],""Operations"":[""Inventory counts"",""Supplier orders"",""Customer messaging""],""Other"":[""Tax filing"",""Appointment booking""]}",129.7
demo-b2b,b2b-028,b2b-q03,open,"Describe the last software purchase you decided on: what, why, what went wrong.",Switched invoicing software to get automatic reminders because late payments were killing our cash flow; the import mangled half our customer addresses and I had to fix them by hand. Lesson learned about trial periods,174.8
demo-b2b,b2b-028,b2b-q04,choice,Which tools does your business currently pay for? Select all that apply.,Shift scheduling; Booking system; Email marketing,10.3
demo-b2b,b2b-028,b2b-q05,scale,"How satisfied are you with your current accounting software? (1 = very dissatisfied, 5 = very satisfied)",4,5.6
demo-b2b,b2b-028,b2b-q06,open,How do you usually hear about new business software?,"From the bank's business portal, they bundle a few tools with the account.",38.1
demo-b2b,b2b-028,b2b-q07,choice,Who else is involved when you buy software for the business?,An IT contractor,8.7
demo-b2b,b2b-028,b2b-q08,open,What stops you from switching a tool you are unhappy with?,"The time it takes to move the data across and retrain everyone, we're too small to lose a week on it.",63
demo-b2b,b2b-028,b2b-q09,scale,"How much of a priority is replacing one of your tools in the next 12 months? (1 = not a priority, 5 = top priority)",5,1.6
demo-b2b,b2b-028,b2b-q10,choice,"What is your typical yearly budget for one business software subscription, in your local currency?","1,000 to 5,000",9.4
demo-b2b,b2b-028,b2b-q11,open,What would make you recommend a business tool to another owner?,"Being able to cancel monthly, I'd happily recommend a tool that doesn't trap you. That's rarer than it should be.",28.4
demo-b2b,b2b-029,b2b-q01,choice,Which of these back-office areas takes the most of your time each week?,Marketing,5.4
demo-b2b,b2b-029,b2b-q02,cardsort,"Sort these twelve back-office tools into groups that make sense to you, and name each group.","{""Money"":[""Invoicing"",""Expense tracking"",""Tax filing""],""HR"":[""Payroll"",""Shift scheduling"",""Hiring and applicant tracking"",""Time-off requests"",""Bookkeeping""],""Day to day"":[""Inventory counts"",""Supplier orders"",""Appointment booking"",""Customer messaging""]}",176
demo-b2b,b2b-029,b2b-q03,open,"Describe the last software purchase you decided on: what, why, what went wrong.",Picked a booking system for the clinic so patients could book online; it went well apart from the SMS reminders costing more than the subscription itself.,82.6
demo-b2b,b2b-029,b2b-q04,choice,Which tools does your business currently pay for? Select all that apply.,Booking system,6.1
demo-b2b,b2b-029,b2b-q05,scale,"How satisfied are you with your current accounting software? (1 = very dissatisfied, 5 = very satisfied)",3,4
demo-b2b,b2b-029,b2b-q06,open,How do you usually hear about new business software?,word of mouth at the chamber of commerce meetings. I usually trial two before choosing.,44
demo-b2b,b2b-029,b2b-q07,choice,Who else is involved when you buy software for the business?,My co-owner,15.2
demo-b2b,b2b-029,b2b-q08,open,What stops you from switching a tool you are unhappy with?,Fear that the new one will have different problems and I'll have paid twice.,54.8
demo-b2b,b2b-029,b2b-q09,scale,"How much of a priority is replacing one of your tools in the next 12 months? (1 = not a priority, 5 = top priority)",3,2.3
demo-b2b,b2b-029,b2b-q10,choice,"What is your typical yearly budget for one business software subscription, in your local currency?","200 to 1,000",15.3
demo-b2b,b2b-029,b2b-q11,open,What would make you recommend a business tool to another owner?,"It would need to just work without me babysitting it, that's the whole point.",28.9
demo-b2b,b2b-030,b2b-q01,choice,Which of these back-office areas takes the most of your time each week?,Payroll and staff admin,8.2
demo-b2b,b2b-030,b2b-q02,cardsort,"Sort these twelve back-office tools into groups that make sense to you, and name each group.","{""Money"":[""Invoicing"",""Expense tracking"",""Bookkeeping"",""Shift scheduling""],""People"":[""Payroll"",""Hiring and applicant tracking"",""Time-off requests""],""Operations"":[""Inventory counts"",""Supplier orders"",""Appointment booking"",""Customer messaging""],""Admin"":[""Tax filing""]}",88.8
demo-b2b,b2b-030,b2b-q03,open,"Describe the last software purchase you decided on: what, why, what went wrong.",Picked a booking system for the clinic so patients could book online; it went well apart from the SMS reminders costing more than the subscription itself. Lesson learned about trial periods.,121.4
demo-b2b,b2b-030,b2b-q04,choice,Which tools does your business currently pay for? Select all that apply.,Accounting software; Booking system; CRM,7.6
demo-b2b,b2b-030,b2b-q05,scale,"How satisfied are you with your current accounting software? (1 = very dissatisfied, 5 = very satisfied)",5,3.4
demo-b2b,b2b-030,b2b-q06,open,How do you usually hear about new business software?,Word of mouth at the chamber of commerce meetings. Reviews matter more than ads to me.,21.6
demo-b2b,b2b-030,b2b-q07,choice,Who else is involved when you buy software for the business?,An IT contractor,13
demo-b2b,b2b-030,b2b-q08,open,What stops you from switching a tool you are unhappy with?,Cost of the overlap period when you pay for both while migrating. We'll probably live with it another year.,49.7
demo-b2b,b2b-030,b2b-q09,scale,"How much of a priority is replacing one of your tools in the next 12 months? (1 = not a priority, 5 = top priority)",5,3.8
demo-b2b,b2b-030,b2b-q10,choice,"What is your typical yearly budget for one business software subscription, in your local currency?",Under 200,8.5
demo-b2b,b2b-030,b2b-q11,open,What would make you recommend a business tool to another owner?,"A fair price for a company of our size, not enterprise rates.",41.9
demo-b2b,b2b-031,b2b-q01,choice,Which of these back-office areas takes the most of your time each week?,Customer bookings and messages,9.4
demo-b2b,b2b-031,b2b-q02,cardsort,"Sort these twelve back-office tools into groups that make sense to you, and name each group.","{""Accounting"":[""Invoicing"",""Expense tracking"",""Bookkeeping"",""Tax filing"",""Shift scheduling"",""Payroll""],""Staff"":[""Hiring and applicant tracking"",""Time-off requests""],""Operations"":[""Inventory counts"",""Supplier orders"",""Appointment booking"",""Customer messaging""]}",69.9
demo-b2b,b2b-031,b2b-q03,open,"Describe the last software purchase you decided on: what, why, what went wrong.",Chose an expense app because receipts were piling up in a shoebox; the card feed broke every few weeks and support took days to answer.,98.7
demo-b2b,b2b-031,b2b-q04,choice,Which tools does your business currently pay for? Select all that apply.,Accounting software,10.8
demo-b2b,b2b-031,b2b-q05,scale,"How satisfied are you with your current accounting software? (1 = very dissatisfied, 5 = very satisfied)",3,7.3
demo-b2b,b2b-031,b2b-q06,open,How do you usually hear about new business software?,Trade shows once a year and whatever the supplier reps mention when they visit. Reviews matter more than ads to me.,72.2
demo-b2b,b2b-031,b2b-q07,choice,Who else is involved when you buy software for the business?,My co-owner,8.5
demo-b2b,b2b-031,b2b-q08,open,What stops you from switching a tool you are unhappy with?,Our accountant is used to the current one and switching means switching how she works too. Smaller firms get the worst of this.,48.9
demo-b2b,b2b-031,b2b-q09,scale,"How much of a priority is replacing one of your tools in the next 12 months? (1 = not a priority, 5 = top priority)",5,5.1
demo-b2b,b2b-031,b2b-q10,choice,"What is your typical yearly budget for one business software subscription, in your local currency?","More than 5,000",7.8
demo-b2b,b2b-031,b2b-q11,open,What would make you recommend a business tool to another owner?,"A fair price for a company of our size, not enterprise rates. I've recommended two tools in ten years.",30
demo-b2b,b2b-032,b2b-q01,choice,Which of these back-office areas takes the most of your time each week?,Marketing,9.1
demo-b2b,b2b-032,b2b-q02,cardsort,"Sort these twelve back-office tools into groups that make sense to you, and name each group.","{""Finance"":[""Invoicing"",""Expense tracking"",""Bookkeeping""],""HR"":[""Payroll"",""Time-off requests""],""Operations"":[""Inventory counts"",""Supplier orders"",""Appointment booking"",""Customer messaging""],""Other"":[""Tax filing"",""Shift scheduling"",""Hiring and applicant tracking""]}",118
demo-b2b,b2b-032,b2b-q03,open,"Describe the last software purchase you decided on: what, why, what went wrong.",Picked a booking system for the clinic so patients could book online; it went well apart from the SMS reminders costing more than the subscription itself.,105.4
demo-b2b,b2b-032,b2b-q04,choice,Which tools does your business currently pay for? Select all that apply.,Shift scheduling; Inventory management; CRM; Email marketing,23.2
demo-b2b,b2b-032,b2b-q05,scale,"How satisfied are you with your current accounting software? (1 = very dissatisfied, 5 = very satisfied)",2,6.2
demo-b2b,b2b-032,b2b-q06,open,How do you usually hear about new business software?,Word of mouth at the chamber of commerce meetings.,26.6
demo-b2b,b2b-032,b2b-q07,choice,Who else is involved when you buy software for the business?,My co-owner,14.4
demo-b2b,b2b-032,b2b-q08,open,What stops you from switching a tool you are unhappy with?,I don't know,47
demo-b2b,b2b-032,b2b-q09,scale,"How much of a priority is replacing one of your tools in the next 12 months? (1 = not a priority, 5 = top priority)",3,5.5
demo-b2b,b2b-032,b2b-q10,choice,"What is your typical yearly budget for one business software subscription, in your local currency?","More than 5,000",10.3
demo-b2b,b2b-032,b2b-q11,open,What would make you recommend a business tool to another owner?,"If my staff adopted it without complaining, that's the real test. Most tools fail on at least one of those.",42.2
demo-b2b,b2b-033,b2b-q01,choice,Which of these back-office areas takes the most of your time each week?,Stock and suppliers,12.5
demo-b2b,b2b-033,b2b-q02,cardsort,"Sort these twelve back-office tools into groups that make sense to you, and name each group.","{""Accounting"":[""Invoicing"",""Expense tracking"",""Bookkeeping"",""Tax filing""],""Staff"":[""Payroll"",""Shift scheduling"",""Hiring and applicant tracking"",""Time-off requests"",""Customer messaging""],""Day to day"":[""Inventory counts"",""Supplier orders"",""Appointment booking""]}",93.1
demo-b2b,b2b-033,b2b-q03,open,"Describe the last software purchase you decided on: what, why, what went wrong.",asdkjh qwe,17.9
demo-b2b,b2b-033,b2b-q04,choice,Which tools does your business currently pay for? Select all that apply.,Accounting software; Booking system; Project management,22.5
demo-b2b,b2b-033,b2b-q05,scale,"How satisfied are you with your current accounting software? (1 = very dissatisfied, 5 = very satisfied)",3,2.5
demo-b2b,b2b-033,b2b-q06,open,How do you usually hear about new business software?,fghj,14.9
demo-b2b,b2b-033,b2b-q07,choice,Who else is involved when you buy software for the business?,My co-owner,8.9
demo-b2b,b2b-033,b2b-q08,open,What stops you from switching a tool you are unhappy with?,asdkjh qwe,13.9
demo-b2b,b2b-033,b2b-q09,scale,"How much of a priority is replacing one of your tools in the next 12 months? (1 = not a priority, 5 = top priority)",3,1.6
demo-b2b,b2b-033,b2b-q10,choice,"What is your typical yearly budget for one business software subscription, in your local currency?","200 to 1,000",6.4
demo-b2b,b2b-033,b2b-q11,open,What would make you recommend a business tool to another owner?,kjhkjh lkj,13.4
demo-b2b,b2b-034,b2b-q01,choice,Which of these back-office areas takes the most of your time each week?,Bookkeeping and invoices,2.6
demo-b2b,b2b-034,b2b-q02,cardsort,"Sort these twelve back-office tools into groups that make sense to you, and name each group.","{""Finance"":[""Expense tracking""],""People"":[""Payroll"",""Shift scheduling"",""Hiring and applicant tracking"",""Time-off requests"",""Tax filing""],""Operations"":[""Inventory counts"",""Supplier orders"",""Appointment booking"",""Customer messaging"",""Invoicing""],""Not sure"":[""Bookkeeping""]}",99.5
demo-b2b,b2b-034,b2b-q03,open,"Describe the last software purchase you decided on: what, why, what went wrong.","Picked a booking system for the clinic so patients could book online; it went well apart from the SMS reminders costing more than the subscription itself. I'd still choose it again, just with more planning.",63.4
demo-b2b,b2b-034,b2b-q04,choice,Which tools does your business currently pay for? Select all that apply.,CRM; Project management,22.6
demo-b2b,b2b-034,b2b-q05,scale,"How satisfied are you with your current accounting software? (1 = very dissatisfied, 5 = very satisfied)",3,2.8
demo-b2b,b2b-034,b2b-q06,open,How do you usually hear about new business software?,"Social media ads, annoyingly, they seem to know exactly what I'm struggling with. Reviews matter more than ads to me.",28.7
demo-b2b,b2b-034,b2b-q07,choice,Who else is involved when you buy software for the business?,The staff who will use it,8.2
demo-b2b,b2b-034,b2b-q08,open,What stops you from switching a tool you are unhappy with?,"Honestly just inertia, it's annoying but it works well enough most days. It's a real frustration.",36.9
demo-b2b,b2b-034,b2b-q09,scale,"How much of a priority is replacing one of your tools in the next 12 months? (1 = not a priority, 5 = top priority)",4,2.6
demo-b2b,b2b-034,b2b-q10,choice,"What is your typical yearly budget for one business software subscription, in your local currency?",Under 200,6.1
demo-b2b,b2b-034,b2b-q11,open,What would make you recommend a business tool to another owner?,"Good onboarding, someone who sets it up with you rather than a pile of help articles. That's rarer than it should be.",45.2
demo-b2b,b2b-035,b2b-q01,choice,Which of these back-office areas takes the most of your time each week?,Bookkeeping and invoices,11.8
demo-b2b,b2b-035,b2b-q02,cardsort,"Sort these twelve back-office tools into groups that make sense to you, and name each group.","{""Accounting"":[""Expense tracking"",""Bookkeeping"",""Tax filing""],""HR"":[""Payroll"",""Shift scheduling"",""Hiring and applicant tracking"",""Time-off requests"",""Appointment booking""],""Operations"":[""Inventory counts"",""Supplier orders"",""Customer messaging"",""Invoicing""]}",241.2
demo-b2b,b2b-035,b2b-q03,open,"Describe the last software purchase you decided on: what, why, what went wrong.",We replaced our accounting package because the old one stopped being supported; the new one is fine but the first tax return came out wrong and we had to amend it,195.7
demo-b2b,b2b-035,b2b-q04,choice,Which tools does your business currently pay for? Select all that apply.,Accounting software; CRM,22.2
demo-b2b,b2b-035,b2b-q05,scale,"How satisfied are you with your current accounting software? (1 = very dissatisfied, 5 = very satisfied)",5,5.7
demo-b2b,b2b-035,b2b-q06,open,How do you usually hear about new business software?,Recommendations from staff who used something at a previous job. Reviews matter more than ads to me.,105.2
demo-b2b,b2b-035,b2b-q07,choice,Who else is involved when you buy software for the business?,Our accountant or bookkeeper,10.9
demo-b2b,b2b-035,b2b-q08,open,What stops you from switching a tool you are unhappy with?,"Staff pushback, the team hates learning new tools.",98.5
demo-b2b,b2b-035,b2b-q09,scale,"How much of a priority is replacing one of your tools in the next 12 months? (1 = not a priority, 5 = top priority)",4,6.7
demo-b2b,b2b-035,b2b-q10,choice,"What is your typical yearly budget for one business software subscription, in your local currency?","200 to 1,000",16.8
demo-b2b,b2b-035,b2b-q11,open,What would make you recommend a business tool to another owner?,"An export button that gives me my data in a usable format, that shows they respect customers. That's rarer than it should be",116
demo-b2b,b2b-036,b2b-q01,choice,Which of these back-office areas takes the most of your time each week?,Bookkeeping and invoices,9.3
demo-b2b,b2b-036,b2b-q02,cardsort,"Sort these twelve back-office tools into groups that make sense to you, and name each group.","{""Money"":[""Invoicing"",""Bookkeeping"",""Tax filing""],""Staff"":[""Payroll"",""Shift scheduling"",""Hiring and applicant tracking"",""Time-off requests"",""Customer messaging""],""Operations"":[""Inventory counts"",""Supplier orders"",""Appointment booking"",""Expense tracking""]}",68.4
demo-b2b,b2b-036,b2b-q03,open,"Describe the last software purchase you decided on: what, why, what went wrong.",chose an expense app because receipts were piling up in a shoebox; the card feed broke every few weeks and support took days to answer,63
demo-b2b,b2b-036,b2b-q04,choice,Which tools does your business currently pay for? Select all that apply.,Accounting software,15.9
demo-b2b,b2b-036,b2b-q05,scale,"How satisfied are you with your current accounting software? (1 = very dissatisfied, 5 = very satisfied)",5,3.4
demo-b2b,b2b-036,b2b-q06,open,How do you usually hear about new business software?,"From the bank's business portal, they bundle a few tools with the account.",13.7
demo-b2b,b2b-036,b2b-q07,choice,Who else is involved when you buy software for the business?,I decide alone,3.7
demo-b2b,b2b-036,b2b-q08,open,What stops you from switching a tool you are unhappy with?,"Staff pushback, the team hates learning new tools.",30.5
demo-b2b,b2b-036,b2b-q09,scale,"How much of a priority is replacing one of your tools in the next 12 months? (1 = not a priority, 5 = top priority)",3,6.8
demo-b2b,b2b-036,b2b-q10,choice,"What is your typical yearly budget for one business software subscription, in your local currency?","More than 5,000",9.1
demo-b2b,b2b-036,b2b-q11,open,What would make you recommend a business tool to another owner?,"It would need to just work without me babysitting it, that's the whole point.",28.9
demo-b2b,b2b-037,b2b-q01,choice,Which of these back-office areas takes the most of your time each week?,Bookkeeping and invoices,7.2
demo-b2b,b2b-037,b2b-q02,cardsort,"Sort these twelve back-office tools into groups that make sense to you, and name each group.","{""Finance"":[""Invoicing"",""Expense tracking"",""Bookkeeping"",""Tax filing""],""People"":[""Payroll"",""Shift scheduling"",""Hiring and applicant tracking"",""Time-off requests""],""Customers and stock"":[""Supplier orders"",""Appointment booking"",""Customer messaging""],""Not sure"":[""Inventory counts""]}",51.1
demo-b2b,b2b-037,b2b-q03,open,"Describe the last software purchase you decided on: what, why, what went wrong.",Picked a booking system for the clinic so patients could book online; it went well apart from the SMS reminders costing more than the subscription itself. Support was the weak point.,138.1
demo-b2b,b2b-037,b2b-q04,choice,Which tools does your business currently pay for? Select all that apply.,None of these,17.7
demo-b2b,b2b-037,b2b-q05,scale,"How satisfied are you with your current accounting software? (1 = very dissatisfied, 5 = very satisfied)",1,4.7
demo-b2b,b2b-037,b2b-q06,open,How do you usually hear about new business software?,"From the bank's business portal, they bundle a few tools with the account. I usually trial two before choosing.",34.1
demo-b2b,b2b-037,b2b-q07,choice,Who else is involved when you buy software for the business?,Our accountant or bookkeeper,8.6
demo-b2b,b2b-037,b2b-q08,open,What stops you from switching a tool you are unhappy with?,The integrations with the till and the bank took months to set up and I don't want to redo them. Smaller firms get the worst of this,34
demo-b2b,b2b-037,b2b-q09,scale,"How much of a priority is replacing one of your tools in the next 12 months? (1 = not a priority, 5 = top priority)",3,4.4
demo-b2b,b2b-037,b2b-q10,choice,"What is your typical yearly budget for one business software subscription, in your local currency?","1,000 to 5,000",5.3
demo-b2b,b2b-037,b2b-q11,open,What would make you recommend a business tool to another owner?,"Good onboarding, someone who sets it up with you rather than a pile of help articles.",31.7
demo-b2b,b2b-038,b2b-q01,choice,Which of these back-office areas takes the most of your time each week?,Marketing,12.2
demo-b2b,b2b-038,b2b-q02,cardsort,"Sort these twelve back-office tools into groups that make sense to you, and name each group.","{""Accounting"":[""Invoicing"",""Bookkeeping"",""Tax filing"",""Customer messaging""],""People"":[""Payroll"",""Shift scheduling"",""Hiring and applicant tracking"",""Time-off requests"",""Expense tracking""],""Operations"":[""Inventory counts"",""Supplier orders"",""Appointment booking""]}",134.3
demo-b2b,b2b-038,b2b-q03,open,"Describe the last software purchase you decided on: what, why, what went wrong.","Bought a project tool for the agency to track client work; everyone used it for a month and then went back to email, so that was wasted money.",76.7
demo-b2b,b2b-038,b2b-q04,choice,Which tools does your business currently pay for? Select all that apply.,Payroll software,7
demo-b2b,b2b-038,b2b-q05,scale,"How satisfied are you with your current accounting software? (1 = very dissatisfied, 5 = very satisfied)",4,4
demo-b2b,b2b-038,b2b-q06,open,How do you usually hear about new business software?,Industry newsletters and the occasional webinar if the topic is relevant.,34.1
demo-b2b,b2b-038,b2b-q07,choice,Who else is involved when you buy software for the business?,The staff who will use it,8.1
demo-b2b,b2b-038,b2b-q08,open,What stops you from switching a tool you are unhappy with?,"The time it takes to move the data across and retrain everyone, we're too small to lose a week on it.",59.7
demo-b2b,b2b-038,b2b-q09,scale,"How much of a priority is replacing one of your tools in the next 12 months? (1 = not a priority, 5 = top priority)",2,4.6
demo-b2b,b2b-038,b2b-q10,choice,"What is your typical yearly budget for one business software subscription, in your local currency?",Under 200,12.1
demo-b2b,b2b-038,b2b-q11,open,What would make you recommend a business tool to another owner?,"An export button that gives me my data in a usable format, that shows they respect customers.",56.7
demo-b2b,b2b-039,b2b-q01,choice,Which of these back-office areas takes the most of your time each week?,Bookkeeping and invoices,14.3
demo-b2b,b2b-039,b2b-q02,cardsort,"Sort these twelve back-office tools into groups that make sense to you, and name each group.","{""Accounting"":[""Invoicing"",""Expense tracking"",""Tax filing"",""Hiring and applicant tracking""],""Staff"":[""Payroll"",""Shift scheduling"",""Time-off requests"",""Bookkeeping""],""Operations"":[""Inventory counts"",""Supplier orders"",""Appointment booking"",""Customer messaging""]}",207.1
demo-b2b,b2b-039,b2b-q03,open,"Describe the last software purchase you decided on: what, why, what went wrong.",We bought a CRM for the sales side after losing track of quotes; it works but the per-seat pricing doubled when we added the two part-timers.,73.6
demo-b2b,b2b-039,b2b-q04,choice,Which tools does your business currently pay for? Select all that apply.,Accounting software,11
demo-b2b,b2b-039,b2b-q05,scale,"How satisfied are you with your current accounting software? (1 = very dissatisfied, 5 = very satisfied)",2,3.2
demo-b2b,b2b-039,b2b-q06,open,How do you usually hear about new business software?,Industry newsletters and the occasional webinar if the topic is relevant.,28.8
demo-b2b,b2b-039,b2b-q07,choice,Who else is involved when you buy software for the business?,The staff who will use it,10.9
demo-b2b,b2b-039,b2b-q08,open,What stops you from switching a tool you are unhappy with?,Fear that the new one will have different problems and I'll have paid twice. We'll probably live with it another year,34.3
demo-b2b,b2b-039,b2b-q09,scale,"How much of a priority is replacing one of your tools in the next 12 months? (1 = not a priority, 5 = top priority)",2,5
demo-b2b,b2b-039,b2b-q10,choice,"What is your typical yearly budget for one business software subscription, in your local currency?",Under 200,9.2
demo-b2b,b2b-039,b2b-q11,open,What would make you recommend a business tool to another owner?,"A fair price for a company of our size, not enterprise rates.",29.8
demo-b2b,b2b-040,b2b-q01,choice,Which of these back-office areas takes the most of your time each week?,Marketing,9.7
demo-b2b,b2b-040,b2b-q02,cardsort,"Sort these twelve back-office tools into groups that make sense to you, and name each group.","{""Accounting"":[""Bookkeeping"",""Tax filing""],""HR"":[""Payroll"",""Shift scheduling"",""Hiring and applicant tracking"",""Time-off requests""],""Operations"":[""Inventory counts"",""Supplier orders"",""Appointment booking"",""Customer messaging"",""Invoicing"",""Expense tracking""]}",46.1
demo-b2b,b2b-040,b2b-q03,open,"Describe the last software purchase you decided on: what, why, what went wrong.","Signed up for an inventory tool to stop over-ordering at the café; it needed barcodes on everything and we never finished labelling, so it's half used. We're still on it, for now.",51.1
demo-b2b,b2b-040,b2b-q04,choice,Which tools does your business currently pay for? Select all that apply.,CRM,17.8
demo-b2b,b2b-040,b2b-q05,scale,"How satisfied are you with your current accounting software? (1 = very dissatisfied, 5 = very satisfied)",1,3.4
demo-b2b,b2b-040,b2b-q06,open,How do you usually hear about new business software?,Word of mouth at the chamber of commerce meetings. I'm wary of anything with a long contract,30.1
demo-b2b,b2b-040,b2b-q07,choice,Who else is involved when you buy software for the business?,I decide alone,6.7
demo-b2b,b2b-040,b2b-q08,open,What stops you from switching a tool you are unhappy with?,"the export options are deliberately bad, getting our history out would be a nightmare",33.3
demo-b2b,b2b-040,b2b-q09,scale,"How much of a priority is replacing one of your tools in the next 12 months? (1 = not a priority, 5 = top priority)",1,2.6
demo-b2b,b2b-040,b2b-q10,choice,"What is your typical yearly budget for one business software subscription, in your local currency?","200 to 1,000",6.7
demo-b2b,b2b-040,b2b-q11,open,What would make you recommend a business tool to another owner?,"Reliability above everything, if the till goes down on a Saturday I lose real money.",27.5
demo-b2b,b2b-041,b2b-q01,choice,Which of these back-office areas takes the most of your time each week?,Stock and suppliers,15.8
demo-b2b,b2b-041,b2b-q02,cardsort,"Sort these twelve back-office tools into groups that make sense to you, and name each group.","{""Accounting"":[""Expense tracking"",""Bookkeeping"",""Time-off requests""],""HR"":[""Payroll"",""Shift scheduling"",""Hiring and applicant tracking"",""Invoicing"",""Tax filing""],""Operations"":[""Inventory counts"",""Supplier orders"",""Appointment booking"",""Customer messaging""]}",98.3
demo-b2b,b2b-041,b2b-q03,open,"Describe the last software purchase you decided on: what, why, what went wrong.","Bought a project tool for the agency to track client work; everyone used it for a month and then went back to email, so that was wasted money.",185.1
demo-b2b,b2b-041,b2b-q04,choice,Which tools does your business currently pay for? Select all that apply.,Payroll software; Shift scheduling; Booking system; Project management,6.1
demo-b2b,b2b-041,b2b-q05,scale,"How satisfied are you with your current accounting software? (1 = very dissatisfied, 5 = very satisfied)",5,5
demo-b2b,b2b-041,b2b-q06,open,How do you usually hear about new business software?,Recommendations from staff who used something at a previous job. Reviews matter more than ads to me.,76.5
demo-b2b,b2b-041,b2b-q07,choice,Who else is involved when you buy software for the business?,Our accountant or bookkeeper,12
demo-b2b,b2b-041,b2b-q08,open,What stops you from switching a tool you are unhappy with?,"No idea, sorry",16.2
demo-b2b,b2b-041,b2b-q09,scale,"How much of a priority is replacing one of your tools in the next 12 months? (1 = not a priority, 5 = top priority)",3,5.5
demo-b2b,b2b-041,b2b-q10,choice,"What is your typical yearly budget for one business software subscription, in your local currency?","More than 5,000",5.5
demo-b2b,b2b-041,b2b-q11,open,What would make you recommend a business tool to another owner?,I don't know,30.6
demo-b2b,b2b-042,b2b-q01,choice,Which of these back-office areas takes the most of your time each week?,Marketing,6.8
demo-b2b,b2b-042,b2b-q02,cardsort,"Sort these twelve back-office tools into groups that make sense to you, and name each group.","{""Accounting"":[""Invoicing"",""Expense tracking"",""Bookkeeping"",""Tax filing"",""Appointment booking""],""HR"":[""Payroll"",""Shift scheduling"",""Hiring and applicant tracking"",""Time-off requests"",""Customer messaging""],""Day to day"":[""Inventory counts"",""Supplier orders""]}",163.4
demo-b2b,b2b-042,b2b-q03,open,"Describe the last software purchase you decided on: what, why, what went wrong.",Picked a booking system for the clinic so patients could book online; it went well apart from the SMS reminders costing more than the subscription itself.,96.9
demo-b2b,b2b-042,b2b-q04,choice,Which tools does your business currently pay for? Select all that apply.,Accounting software; Email marketing,15.8
demo-b2b,b2b-042,b2b-q05,scale,"How satisfied are you with your current accounting software? (1 = very dissatisfied, 5 = very satisfied)",3,3.5
demo-b2b,b2b-042,b2b-q06,open,How do you usually hear about new business software?,"Online searches when something breaks, I rarely go looking otherwise. I usually trial two before choosing.",55.1
demo-b2b,b2b-042,b2b-q07,choice,Who else is involved when you buy software for the business?,I decide alone,6.8
demo-b2b,b2b-042,b2b-q08,open,What stops you from switching a tool you are unhappy with?,fear that the new one will have different problems and I'll have paid twice. Smaller firms get the worst of this.,56.8
demo-b2b,b2b-042,b2b-q09,scale,"How much of a priority is replacing one of your tools in the next 12 months? (1 = not a priority, 5 = top priority)",4,5.4
demo-b2b,b2b-042,b2b-q10,choice,"What is your typical yearly budget for one business software subscription, in your local currency?",Under 200,10.9
demo-b2b,b2b-042,b2b-q11,open,What would make you recommend a business tool to another owner?,"a fair price for a company of our size, not enterprise rates.",38.7
demo-b2b,b2b-043,b2b-q01,choice,Which of these back-office areas takes the most of your time each week?,Stock and suppliers,2.8
demo-b2b,b2b-043,b2b-q02,cardsort,"Sort these twelve back-office tools into groups that make sense to you, and name each group.","{""Money"":[""Invoicing"",""Bookkeeping"",""Tax filing"",""Customer messaging""],""People"":[""Payroll"",""Shift scheduling"",""Hiring and applicant tracking"",""Time-off requests""],""Operations"":[""Inventory counts"",""Supplier orders"",""Appointment booking"",""Expense tracking""]}",27.4
demo-b2b,b2b-043,b2b-q03,open,"Describe the last software purchase you decided on: what, why, what went wrong.",Chose an expense app because receipts were piling up in a shoebox; the card feed broke every few weeks and support took days to answer. Next time I'll involve the bookkeeper earlier.,75.6
demo-b2b,b2b-043,b2b-q04,choice,Which tools does your business currently pay for? Select all that apply.,Accounting software; Shift scheduling; Inventory management,11.5
demo-b2b,b2b-043,b2b-q05,scale,"How satisfied are you with your current accounting software? (1 = very dissatisfied, 5 = very satisfied)",4,3.8
demo-b2b,b2b-043,b2b-q06,open,How do you usually hear about new business software?,Recommendations from staff who used something at a previous job,32.1
demo-b2b,b2b-043,b2b-q07,choice,Who else is involved when you buy software for the business?,Our accountant or bookkeeper,9.4
demo-b2b,b2b-043,b2b-q08,open,What stops you from switching a tool you are unhappy with?,"Annual contracts, we're locked in until next spring. It's a real frustration.",34.5
demo-b2b,b2b-043,b2b-q09,scale,"How much of a priority is replacing one of your tools in the next 12 months? (1 = not a priority, 5 = top priority)",4,2.3
demo-b2b,b2b-043,b2b-q10,choice,"What is your typical yearly budget for one business software subscription, in your local currency?","1,000 to 5,000",4.3
demo-b2b,b2b-043,b2b-q11,open,What would make you recommend a business tool to another owner?,"Good onboarding, someone who sets it up with you rather than a pile of help articles.",30.1
demo-b2b,b2b-044,b2b-q01,choice,Which of these back-office areas takes the most of your time each week?,Marketing,10.6
demo-b2b,b2b-044,b2b-q02,cardsort,"Sort these twelve back-office tools into groups that make sense to you, and name each group.","{""Money"":[""Expense tracking"",""Bookkeeping"",""Tax filing"",""Customer messaging""],""HR"":[""Payroll"",""Shift scheduling"",""Hiring and applicant tracking"",""Time-off requests"",""Appointment booking"",""Invoicing""],""Day to day"":[""Inventory counts"",""Supplier orders""]}",124.1
demo-b2b,b2b-044,b2b-q03,open,"Describe the last software purchase you decided on: what, why, what went wrong.","picked a booking system for the clinic so patients could book online; it went well apart from the SMS reminders costing more than the subscription itself. I'd still choose it again, just with more planning.",104.5
demo-b2b,b2b-044,b2b-q04,choice,Which tools does your business currently pay for? Select all that apply.,Accounting software; Shift scheduling; Inventory management; CRM,12.7
demo-b2b,b2b-044,b2b-q05,scale,"How satisfied are you with your current accounting software? (1 = very dissatisfied, 5 = very satisfied)",2,1.7
demo-b2b,b2b-044,b2b-q06,open,How do you usually hear about new business software?,Word of mouth at the chamber of commerce meetings.,36
demo-b2b,b2b-044,b2b-q07,choice,Who else is involved when you buy software for the business?,The staff who will use it,8.4
demo-b2b,b2b-044,b2b-q08,open,What stops you from switching a tool you are unhappy with?,The integrations with the till and the bank took months to set up and I don't want to redo them. Smaller firms get the worst of this.,99.2
demo-b2b,b2b-044,b2b-q09,scale,"How much of a priority is replacing one of your tools in the next 12 months? (1 = not a priority, 5 = top priority)",3,7.1
demo-b2b,b2b-044,b2b-q10,choice,"What is your typical yearly budget for one business software subscription, in your local currency?","More than 5,000",10.2
demo-b2b,b2b-044,b2b-q11,open,What would make you recommend a business tool to another owner?,If it saved me measurable time each week and the support actually picked up the phone. That's rarer than it should be.,102.5
demo-b2b,b2b-045,b2b-q01,choice,Which of these back-office areas takes the most of your time each week?,Payroll and staff admin,8.3
demo-b2b,b2b-045,b2b-q02,cardsort,"Sort these twelve back-office tools into groups that make sense to you, and name each group.","{""Money"":[""Bookkeeping""],""People"":[""Payroll"",""Shift scheduling"",""Hiring and applicant tracking"",""Time-off requests"",""Invoicing""],""Operations"":[""Inventory counts"",""Supplier orders"",""Appointment booking"",""Customer messaging""],""Other"":[""Tax filing"",""Expense tracking""]}",119.4
demo-b2b,b2b-045,b2b-q03,open,"Describe the last software purchase you decided on: what, why, what went wrong.",Switched invoicing software to get automatic reminders because late payments were killing our cash flow; the import mangled half our customer addresses and I had to fix them by hand. Lesson learned about trial periods.,114.2
demo-b2b,b2b-045,b2b-q04,choice,Which tools does your business currently pay for? Select all that apply.,Shift scheduling; Inventory management; Project management,17.1
demo-b2b,b2b-045,b2b-q05,scale,"How satisfied are you with your current accounting software? (1 = very dissatisfied, 5 = very satisfied)",3,8
demo-b2b,b2b-045,b2b-q06,open,How do you usually hear about new business software?,"Podcasts aimed at small business owners, and then I look up the sponsors.",16.1
demo-b2b,b2b-045,b2b-q07,choice,Who else is involved when you buy software for the business?,The staff who will use it,10
demo-b2b,b2b-045,b2b-q08,open,What stops you from switching a tool you are unhappy with?,"The time it takes to move the data across and retrain everyone, we're too small to lose a week on it.",112.5
demo-b2b,b2b-045,b2b-q09,scale,"How much of a priority is replacing one of your tools in the next 12 months? (1 = not a priority, 5 = top priority)",4,2.7
demo-b2b,b2b-045,b2b-q10,choice,"What is your typical yearly budget for one business software subscription, in your local currency?","1,000 to 5,000",3.3
demo-b2b,b2b-045,b2b-q11,open,What would make you recommend a business tool to another owner?,"clear pricing that doesn't jump when you add a user, and a proper mobile app.",36
demo-b2b,b2b-046,b2b-q01,choice,Which of these back-office areas takes the most of your time each week?,None of these / not applicable,11.1
demo-b2b,b2b-046,b2b-q02,cardsort,"Sort these twelve back-office tools into groups that make sense to you, and name each group.","{""Money"":[""Invoicing"",""Expense tracking"",""Bookkeeping"",""Tax filing"",""Supplier orders""],""HR"":[""Payroll"",""Shift scheduling"",""Hiring and applicant tracking"",""Time-off requests"",""Customer messaging"",""Appointment booking""],""Day to day"":[""Inventory counts""]}",98.1
demo-b2b,b2b-046,b2b-q03,open,"Describe the last software purchase you decided on: what, why, what went wrong.","I don't actually have a company, I'm a student, so I haven't bought any business software, just a laptop for uni.",92.5
demo-b2b,b2b-046,b2b-q04,choice,Which tools does your business currently pay for? Select all that apply.,CRM,10
demo-b2b,b2b-046,b2b-q05,scale,"How satisfied are you with your current accounting software? (1 = very dissatisfied, 5 = very satisfied)",2,4.8
demo-b2b,b2b-046,b2b-q06,open,How do you usually hear about new business software?,not applicable to me.,16.9
demo-b2b,b2b-046,b2b-q07,choice,Who else is involved when you buy software for the business?,An IT contractor,6
demo-b2b,b2b-046,b2b-q08,open,What stops you from switching a tool you are unhappy with?,Not applicable.,20.9
demo-b2b,b2b-046,b2b-q09,scale,"How much of a priority is replacing one of your tools in the next 12 months? (1 = not a priority, 5 = top priority)",2,1.8
demo-b2b,b2b-046,b2b-q10,choice,"What is your typical yearly budget for one business software subscription, in your local currency?","More than 5,000",3.6
demo-b2b,b2b-046,b2b-q11,open,What would make you recommend a business tool to another owner?,"I wouldn't know, I'm not a business owner.",31.6
demo-b2b,b2b-047,b2b-q01,choice,Which of these back-office areas takes the most of your time each week?,Marketing,7.8
demo-b2b,b2b-047,b2b-q02,cardsort,"Sort these twelve back-office tools into groups that make sense to you, and name each group.","{""Finance"":[""Invoicing"",""Expense tracking"",""Bookkeeping"",""Tax filing"",""Inventory counts""],""HR"":[""Payroll"",""Shift scheduling"",""Hiring and applicant tracking"",""Time-off requests""],""Customers and stock"":[""Supplier orders"",""Appointment booking"",""Customer messaging""]}",104
demo-b2b,b2b-047,b2b-q03,open,"Describe the last software purchase you decided on: what, why, what went wrong.",We moved payroll from spreadsheets to a cloud payroll tool because the accountant kept finding errors; the migration took twice as long as promised and two staff were paid late in the first month. Support was the weak point. Hell of a lot of time wasted on invoices every month.,78
demo-b2b,b2b-047,b2b-q04,choice,Which tools does your business currently pay for? Select all that apply.,Accounting software; Inventory management; Project management,7.5
demo-b2b,b2b-047,b2b-q05,scale,"How satisfied are you with your current accounting software? (1 = very dissatisfied, 5 = very satisfied)",5,5.1
demo-b2b,b2b-047,b2b-q06,open,How do you usually hear about new business software?,"social media ads, annoyingly, they seem to know exactly what I'm struggling with. Price lists are rarely upfront though",73.6
demo-b2b,b2b-047,b2b-q07,choice,Who else is involved when you buy software for the business?,Our accountant or bookkeeper,5.4
demo-b2b,b2b-047,b2b-q08,open,What stops you from switching a tool you are unhappy with?,our accountant is used to the current one and switching means switching how she works too.,57.9
demo-b2b,b2b-047,b2b-q09,scale,"How much of a priority is replacing one of your tools in the next 12 months? (1 = not a priority, 5 = top priority)",5,6.4
demo-b2b,b2b-047,b2b-q10,choice,"What is your typical yearly budget for one business software subscription, in your local currency?","1,000 to 5,000",8.9
demo-b2b,b2b-047,b2b-q11,open,What would make you recommend a business tool to another owner?,"Clear pricing that doesn't jump when you add a user, and a proper mobile app. Hell of a lot of time wasted on invoices every month.",79
demo-b2b,b2b-048,b2b-q01,choice,Which of these back-office areas takes the most of your time each week?,None of these / not applicable,23
demo-b2b,b2b-048,b2b-q02,cardsort,"Sort these twelve back-office tools into groups that make sense to you, and name each group.","{""Finance"":[""Invoicing"",""Expense tracking"",""Bookkeeping"",""Tax filing""],""Staff"":[""Payroll"",""Hiring and applicant tracking"",""Time-off requests""],""Customers and stock"":[""Inventory counts"",""Supplier orders"",""Appointment booking"",""Customer messaging"",""Shift scheduling""]}",86.1
demo-b2b,b2b-048,b2b-q03,open,"Describe the last software purchase you decided on: what, why, what went wrong.","Student here, no business, no software purchases, I thought this was a general survey",105.7
demo-b2b,b2b-048,b2b-q04,choice,Which tools does your business currently pay for? Select all that apply.,Shift scheduling,7.8
demo-b2b,b2b-048,b2b-q05,scale,"How satisfied are you with your current accounting software? (1 = very dissatisfied, 5 = very satisfied)",4,4.7
demo-b2b,b2b-048,b2b-q06,open,How do you usually hear about new business software?,i don't have a company so I don't look for this stuff.,29.2
demo-b2b,b2b-048,b2b-q07,choice,Who else is involved when you buy software for the business?,Not applicable,14.9
demo-b2b,b2b-048,b2b-q08,open,What stops you from switching a tool you are unhappy with?,Not applicable,9.2
demo-b2b,b2b-048,b2b-q09,scale,"How much of a priority is replacing one of your tools in the next 12 months? (1 = not a priority, 5 = top priority)",4,4.6
demo-b2b,b2b-048,b2b-q10,choice,"What is your typical yearly budget for one business software subscription, in your local currency?","1,000 to 5,000",26.6
demo-b2b,b2b-048,b2b-q11,open,What would make you recommend a business tool to another owner?,"Can't really say, I'm a student.",47.2
demo-b2b,b2b-049,b2b-q01,choice,Which of these back-office areas takes the most of your time each week?,Bookkeeping and invoices,7.3
demo-b2b,b2b-049,b2b-q02,cardsort,"Sort these twelve back-office tools into groups that make sense to you, and name each group.","{""Accounting"":[""Expense tracking"",""Bookkeeping"",""Tax filing""],""Staff"":[""Shift scheduling"",""Time-off requests""],""Day to day"":[""Inventory counts"",""Supplier orders"",""Appointment booking"",""Customer messaging"",""Invoicing"",""Hiring and applicant tracking"",""Payroll""]}",94.2
demo-b2b,b2b-049,b2b-q03,open,"Describe the last software purchase you decided on: what, why, what went wrong.","Signed up for an inventory tool to stop over-ordering at the café; it needed barcodes on everything and we never finished labelling, so it's half used. I'd still choose it again, just with more planning.",87.6
demo-b2b,b2b-049,b2b-q04,choice,Which tools does your business currently pay for? Select all that apply.,Shift scheduling,10.4
demo-b2b,b2b-049,b2b-q05,scale,"How satisfied are you with your current accounting software? (1 = very dissatisfied, 5 = very satisfied)",5,4.3
demo-b2b,b2b-049,b2b-q06,open,How do you usually hear about new business software?,Word of mouth at the chamber of commerce meetings.,49.9
demo-b2b,b2b-049,b2b-q07,choice,Who else is involved when you buy software for the business?,My co-owner,7.1
demo-b2b,b2b-049,b2b-q08,open,What stops you from switching a tool you are unhappy with?,Our accountant is used to the current one and switching means switching how she works too. We'll probably live with it another year,91.9
demo-b2b,b2b-049,b2b-q09,scale,"How much of a priority is replacing one of your tools in the next 12 months? (1 = not a priority, 5 = top priority)",5,6.9
demo-b2b,b2b-049,b2b-q10,choice,"What is your typical yearly budget for one business software subscription, in your local currency?",Under 200,8.8
demo-b2b,b2b-049,b2b-q11,open,What would make you recommend a business tool to another owner?,"Clear pricing that doesn't jump when you add a user, and a proper mobile app. Most tools fail on at least one of those",54.3
demo-b2b,b2b-050,b2b-q01,choice,Which of these back-office areas takes the most of your time each week?,Bookkeeping and invoices,13.5
demo-b2b,b2b-050,b2b-q02,cardsort,"Sort these twelve back-office tools into groups that make sense to you, and name each group.","{""Finance"":[""Invoicing"",""Expense tracking"",""Tax filing""],""People"":[""Shift scheduling"",""Hiring and applicant tracking"",""Time-off requests""],""Operations"":[""Inventory counts"",""Supplier orders"",""Appointment booking"",""Customer messaging"",""Bookkeeping"",""Payroll""]}",78.6
demo-b2b,b2b-050,b2b-q03,open,"Describe the last software purchase you decided on: what, why, what went wrong.",We replaced our accounting package because the old one stopped being supported; the new one is fine but the first tax return came out wrong and we had to amend it.,113.6
demo-b2b,b2b-050,b2b-q04,choice,Which tools does your business currently pay for? Select all that apply.,Shift scheduling; Project management,23.2
demo-b2b,b2b-050,b2b-q05,scale,"How satisfied are you with your current accounting software? (1 = very dissatisfied, 5 = very satisfied)",2,8.2
demo-b2b,b2b-050,b2b-q06,open,How do you usually hear about new business software?,"Online searches when something breaks, I rarely go looking otherwise.",61.5
demo-b2b,b2b-050,b2b-q07,choice,Who else is involved when you buy software for the business?,Our accountant or bookkeeper,7.6
demo-b2b,b2b-050,b2b-q08,open,What stops you from switching a tool you are unhappy with?,"Staff pushback, the team hates learning new tools. Smaller firms get the worst of this",106.1
demo-b2b,b2b-050,b2b-q09,scale,"How much of a priority is replacing one of your tools in the next 12 months? (1 = not a priority, 5 = top priority)",3,8.6
demo-b2b,b2b-050,b2b-q10,choice,"What is your typical yearly budget for one business software subscription, in your local currency?",Under 200,8.3
demo-b2b,b2b-050,b2b-q11,open,What would make you recommend a business tool to another owner?,"Reliability above everything, if the till goes down on a Saturday I lose real money. That's rarer than it should be.",60.3
demo-b2b,b2b-051,b2b-q01,choice,Which of these back-office areas takes the most of your time each week?,Stock and suppliers,5.9
demo-b2b,b2b-051,b2b-q02,cardsort,"Sort these twelve back-office tools into groups that make sense to you, and name each group.","{""Finance"":[""Invoicing"",""Expense tracking"",""Bookkeeping"",""Tax filing""],""Staff"":[""Payroll"",""Shift scheduling"",""Hiring and applicant tracking"",""Time-off requests"",""Supplier orders"",""Customer messaging""],""Operations"":[""Inventory counts"",""Appointment booking""]}",28.9
demo-b2b,b2b-051,b2b-q03,open,"Describe the last software purchase you decided on: what, why, what went wrong.",I think it is pretty good overall.,30.2
demo-b2b,b2b-051,b2b-q04,choice,Which tools does your business currently pay for? Select all that apply.,CRM; Project management,11.8
demo-b2b,b2b-051,b2b-q05,scale,"How satisfied are you with your current accounting software? (1 = very dissatisfied, 5 = very satisfied)",4,4.1
demo-b2b,b2b-051,b2b-q06,open,How do you usually hear about new business software?,I think it is pretty good overall.,10.8
demo-b2b,b2b-051,b2b-q07,choice,Who else is involved when you buy software for the business?,I decide alone,4.2
demo-b2b,b2b-051,b2b-q08,open,What stops you from switching a tool you are unhappy with?,I think it is pretty good overall.,11
demo-b2b,b2b-051,b2b-q09,scale,"How much of a priority is replacing one of your tools in the next 12 months? (1 = not a priority, 5 = top priority)",3,2.4
demo-b2b,b2b-051,b2b-q10,choice,"What is your typical yearly budget for one business software subscription, in your local currency?","1,000 to 5,000",3.7
demo-b2b,b2b-051,b2b-q11,open,What would make you recommend a business tool to another owner?,I think it is pretty good overall.,15.4
demo-b2b,b2b-052,b2b-q01,choice,Which of these back-office areas takes the most of your time each week?,Marketing,3.6
demo-b2b,b2b-052,b2b-q02,cardsort,"Sort these twelve back-office tools into groups that make sense to you, and name each group.","{""Finance"":[""Invoicing"",""Expense tracking"",""Bookkeeping""],""People"":[""Payroll"",""Shift scheduling"",""Hiring and applicant tracking"",""Time-off requests""],""Day to day"":[""Inventory counts"",""Supplier orders"",""Appointment booking"",""Customer messaging""],""Other"":[""Tax filing""]}",98.6
demo-b2b,b2b-052,b2b-q03,open,"Describe the last software purchase you decided on: what, why, what went wrong.",Everything was fine and easy to use.,28.1
demo-b2b,b2b-052,b2b-q04,choice,Which tools does your business currently pay for? Select all that apply.,Booking system; Email marketing; Project management,6.9
demo-b2b,b2b-052,b2b-q05,scale,"How satisfied are you with your current accounting software? (1 = very dissatisfied, 5 = very satisfied)",4,2.8
demo-b2b,b2b-052,b2b-q06,open,How do you usually hear about new business software?,Everything was fine and easy to use.,12.6
demo-b2b,b2b-052,b2b-q07,choice,Who else is involved when you buy software for the business?,An IT contractor,6.1
demo-b2b,b2b-052,b2b-q08,open,What stops you from switching a tool you are unhappy with?,Everything was fine and easy to use.,24.7
demo-b2b,b2b-052,b2b-q09,scale,"How much of a priority is replacing one of your tools in the next 12 months? (1 = not a priority, 5 = top priority)",5,2.9
demo-b2b,b2b-052,b2b-q10,choice,"What is your typical yearly budget for one business software subscription, in your local currency?","1,000 to 5,000",10.1
demo-b2b,b2b-052,b2b-q11,open,What would make you recommend a business tool to another owner?,Everything was fine and easy to use.,15.7
demo-b2b,b2b-053,b2b-q01,choice,Which of these back-office areas takes the most of your time each week?,Marketing,14.3
demo-b2b,b2b-053,b2b-q02,cardsort,"Sort these twelve back-office tools into groups that make sense to you, and name each group.","{""Finance"":[""Invoicing"",""Tax filing"",""Appointment booking""],""HR"":[""Payroll"",""Shift scheduling"",""Hiring and applicant tracking"",""Time-off requests""],""Customers and stock"":[""Inventory counts"",""Supplier orders"",""Customer messaging""],""Other"":[""Expense tracking"",""Bookkeeping""]}",116.6
demo-b2b,b2b-053,b2b-q03,open,"Describe the last software purchase you decided on: what, why, what went wrong.","Signed up for an inventory tool to stop over-ordering at the café; it needed barcodes on everything and we never finished labelling, so it's half used.",107.8
demo-b2b,b2b-053,b2b-q04,choice,Which tools does your business currently pay for? Select all that apply.,Payroll software; Inventory management; Booking system,9.6
demo-b2b,b2b-053,b2b-q05,scale,"How satisfied are you with your current accounting software? (1 = very dissatisfied, 5 = very satisfied)",4,3.7
demo-b2b,b2b-053,b2b-q06,open,How do you usually hear about new business software?,my bookkeeper tells me what integrates with her systems and that decides it. I usually trial two before choosing.,44.2
demo-b2b,b2b-053,b2b-q07,choice,Who else is involved when you buy software for the business?,My co-owner,7.5
demo-b2b,b2b-053,b2b-q08,open,What stops you from switching a tool you are unhappy with?,Our accountant is used to the current one and switching means switching how she works too,40.6
demo-b2b,b2b-053,b2b-q09,scale,"How much of a priority is replacing one of your tools in the next 12 months? (1 = not a priority, 5 = top priority)",5,4.2
demo-b2b,b2b-053,b2b-q10,choice,"What is your typical yearly budget for one business software subscription, in your local currency?","1,000 to 5,000",6.5
demo-b2b,b2b-053,b2b-q11,open,What would make you recommend a business tool to another owner?,"being able to cancel monthly, I'd happily recommend a tool that doesn't trap you.",70.3
demo-b2b,b2b-054,b2b-q01,choice,Which of these back-office areas takes the most of your time each week?,Bookkeeping and invoices,6.1
demo-b2b,b2b-054,b2b-q02,cardsort,"Sort these twelve back-office tools into groups that make sense to you, and name each group.","{""Accounting"":[""Invoicing"",""Expense tracking"",""Bookkeeping"",""Tax filing""],""HR"":[""Payroll"",""Shift scheduling"",""Hiring and applicant tracking""],""Day to day"":[""Inventory counts"",""Supplier orders"",""Appointment booking"",""Customer messaging"",""Time-off requests""]}",217.5
demo-b2b,b2b-054,b2b-q03,open,"Describe the last software purchase you decided on: what, why, what went wrong.","got a rota and time-off app for the restaurant; what went wrong was the integration with payroll never actually synced hours, so we still type them in.",72.7
demo-b2b,b2b-054,b2b-q04,choice,Which tools does your business currently pay for? Select all that apply.,Shift scheduling; Booking system; Email marketing; Project management,18.6
demo-b2b,b2b-054,b2b-q05,scale,"How satisfied are you with your current accounting software? (1 = very dissatisfied, 5 = very satisfied)",2,4.6
demo-b2b,b2b-054,b2b-q06,open,How do you usually hear about new business software?,"Podcasts aimed at small business owners, and then I look up the sponsors.",49.7
demo-b2b,b2b-054,b2b-q07,choice,Who else is involved when you buy software for the business?,I decide alone,11.8
demo-b2b,b2b-054,b2b-q08,open,What stops you from switching a tool you are unhappy with?,Cost of the overlap period when you pay for both while migrating,61.5
demo-b2b,b2b-054,b2b-q09,scale,"How much of a priority is replacing one of your tools in the next 12 months? (1 = not a priority, 5 = top priority)",3,4.2
demo-b2b,b2b-054,b2b-q10,choice,"What is your typical yearly budget for one business software subscription, in your local currency?",Under 200,5.5
demo-b2b,b2b-054,b2b-q11,open,What would make you recommend a business tool to another owner?,"Clear pricing that doesn't jump when you add a user, and a proper mobile app",50.6
demo-b2b,b2b-055,b2b-q01,choice,Which of these back-office areas takes the most of your time each week?,Stock and suppliers,9.7
demo-b2b,b2b-055,b2b-q02,cardsort,"Sort these twelve back-office tools into groups that make sense to you, and name each group.","{""Finance"":[""Bookkeeping""],""HR"":[""Payroll"",""Shift scheduling"",""Hiring and applicant tracking"",""Time-off requests""],""Operations"":[""Inventory counts"",""Supplier orders"",""Appointment booking"",""Customer messaging""],""Other"":[""Tax filing"",""Expense tracking"",""Invoicing""]}",194.9
demo-b2b,b2b-055,b2b-q03,open,"Describe the last software purchase you decided on: what, why, what went wrong.",We bought a CRM for the sales side after losing track of quotes; it works but the per-seat pricing doubled when we added the two part-timers.,142.3
demo-b2b,b2b-055,b2b-q04,choice,Which tools does your business currently pay for? Select all that apply.,Payroll software,13.7
demo-b2b,b2b-055,b2b-q05,scale,"How satisfied are you with your current accounting software? (1 = very dissatisfied, 5 = very satisfied)",3,8.6
demo-b2b,b2b-055,b2b-q06,open,How do you usually hear about new business software?,Mostly from the accountant and from other owners in the local business group chat. Price lists are rarely upfront though.,59.8
demo-b2b,b2b-055,b2b-q07,choice,Who else is involved when you buy software for the business?,I decide alone,7.6
demo-b2b,b2b-055,b2b-q08,open,What stops you from switching a tool you are unhappy with?,"staff pushback, the team hates learning new tools.",69.1
demo-b2b,b2b-055,b2b-q09,scale,"How much of a priority is replacing one of your tools in the next 12 months? (1 = not a priority, 5 = top priority)",4,5.5
demo-b2b,b2b-055,b2b-q10,choice,"What is your typical yearly budget for one business software subscription, in your local currency?","More than 5,000",16.2
demo-b2b,b2b-055,b2b-q11,open,What would make you recommend a business tool to another owner?,"an export button that gives me my data in a usable format, that shows they respect customers. I've recommended two tools in ten years",108.1
demo-b2b,b2b-056,b2b-q01,choice,Which of these back-office areas takes the most of your time each week?,Payroll and staff admin,5.6
demo-b2b,b2b-056,b2b-q02,cardsort,"Sort these twelve back-office tools into groups that make sense to you, and name each group.","{""Finance"":[""Invoicing"",""Bookkeeping"",""Tax filing"",""Supplier orders"",""Customer messaging""],""People"":[""Payroll"",""Shift scheduling"",""Hiring and applicant tracking"",""Time-off requests""],""Stock"":[""Inventory counts"",""Expense tracking""],""Sales"":[""Appointment booking""]}",74.5
demo-b2b,b2b-056,b2b-q03,open,"Describe the last software purchase you decided on: what, why, what went wrong.","Bought a scheduling app for the shop floor so people could swap shifts themselves; the problem was the mobile app logged everyone out weekly and the staff stopped using it. I'd still choose it again, just with more planning",94.1
demo-b2b,b2b-056,b2b-q04,choice,Which tools does your business currently pay for? Select all that apply.,Shift scheduling; Booking system; CRM; Email marketing,5
demo-b2b,b2b-056,b2b-q05,scale,"How satisfied are you with your current accounting software? (1 = very dissatisfied, 5 = very satisfied)",2,4.7
demo-b2b,b2b-056,b2b-q06,open,How do you usually hear about new business software?,"From the bank's business portal, they bundle a few tools with the account. I'm wary of anything with a long contract.",35
demo-b2b,b2b-056,b2b-q07,choice,Who else is involved when you buy software for the business?,The staff who will use it,6
demo-b2b,b2b-056,b2b-q08,open,What stops you from switching a tool you are unhappy with?,"The export options are deliberately bad, getting our history out would be a nightmare.",33.1
demo-b2b,b2b-056,b2b-q09,scale,"How much of a priority is replacing one of your tools in the next 12 months? (1 = not a priority, 5 = top priority)",4,1.2
demo-b2b,b2b-056,b2b-q10,choice,"What is your typical yearly budget for one business software subscription, in your local currency?",Under 200,6.5
demo-b2b,b2b-056,b2b-q11,open,What would make you recommend a business tool to another owner?,"A fair price for a company of our size, not enterprise rates.",32
demo-b2b,b2b-057,b2b-q01,choice,Which of these back-office areas takes the most of your time each week?,Marketing,13.9
demo-b2b,b2b-057,b2b-q02,cardsort,"Sort these twelve back-office tools into groups that make sense to you, and name each group.","{""Accounting"":[""Invoicing"",""Expense tracking"",""Bookkeeping"",""Tax filing"",""Shift scheduling""],""HR"":[""Payroll"",""Hiring and applicant tracking"",""Time-off requests""],""Operations"":[""Inventory counts"",""Supplier orders"",""Appointment booking"",""Customer messaging""]}",140.8
demo-b2b,b2b-057,b2b-q03,open,"Describe the last software purchase you decided on: what, why, what went wrong.","We replaced our accounting package because the old one stopped being supported; the new one is fine but the first tax return came out wrong and we had to amend it. I'd still choose it again, just with more planning.",87.7
demo-b2b,b2b-057,b2b-q04,choice,Which tools does your business currently pay for? Select all that apply.,Booking system,8.4
demo-b2b,b2b-057,b2b-q05,scale,"How satisfied are you with your current accounting software? (1 = very dissatisfied, 5 = very satisfied)",3,6.7
demo-b2b,b2b-057,b2b-q06,open,How do you usually hear about new business software?,Word of mouth at the chamber of commerce meetings,29.5
demo-b2b,b2b-057,b2b-q07,choice,Who else is involved when you buy software for the business?,I decide alone,9.5
demo-b2b,b2b-057,b2b-q08,open,What stops you from switching a tool you are unhappy with?,"annual contracts, we're locked in until next spring. Smaller firms get the worst of this.",45.8
demo-b2b,b2b-057,b2b-q09,scale,"How much of a priority is replacing one of your tools in the next 12 months? (1 = not a priority, 5 = top priority)",3,3.9
demo-b2b,b2b-057,b2b-q10,choice,"What is your typical yearly budget for one business software subscription, in your local currency?","More than 5,000",1.3
demo-b2b,b2b-057,b2b-q11,open,What would make you recommend a business tool to another owner?,integrations with the accounting software so I don't type things twice. Most tools fail on at least one of those.,54.8
demo-b2b,b2b-058,b2b-q01,choice,Which of these back-office areas takes the most of your time each week?,Bookkeeping and invoices,1
demo-b2b,b2b-058,b2b-q02,cardsort,"Sort these twelve back-office tools into groups that make sense to you, and name each group.","{""Misc"":[""Invoicing"",""Payroll"",""Appointment booking"",""Expense tracking""],""C"":[""Bookkeeping"",""Tax filing"",""Shift scheduling""],""Other"":[""Inventory counts"",""Hiring and applicant tracking"",""Customer messaging""],""Tools"":[""Supplier orders""],""Things"":[""Time-off requests""]}",33.3
demo-b2b,b2b-058,b2b-q03,open,"Describe the last software purchase you decided on: what, why, what went wrong.",nice,10.1
demo-b2b,b2b-058,b2b-q04,choice,Which tools does your business currently pay for? Select all that apply.,Accounting software,2.4
demo-b2b,b2b-058,b2b-q05,scale,"How satisfied are you with your current accounting software? (1 = very dissatisfied, 5 = very satisfied)",4,0.9
demo-b2b,b2b-058,b2b-q06,open,How do you usually hear about new business software?,it was ok,5.7
demo-b2b,b2b-058,b2b-q07,choice,Who else is involved when you buy software for the business?,Our accountant or bookkeeper,2.5
demo-b2b,b2b-058,b2b-q08,open,What stops you from switching a tool you are unhappy with?,fine,7.8
demo-b2b,b2b-058,b2b-q09,scale,"How much of a priority is replacing one of your tools in the next 12 months? (1 = not a priority, 5 = top priority)",5,0.9
demo-b2b,b2b-058,b2b-q10,choice,"What is your typical yearly budget for one business software subscription, in your local currency?",Under 200,1.8
demo-b2b,b2b-058,b2b-q11,open,What would make you recommend a business tool to another owner?,it was ok,7.2
demo-b2b,b2b-059,b2b-q01,choice,Which of these back-office areas takes the most of your time each week?,Payroll and staff admin,15.2
demo-b2b,b2b-059,b2b-q02,cardsort,"Sort these twelve back-office tools into groups that make sense to you, and name each group.","{""Money"":[""Invoicing"",""Expense tracking"",""Bookkeeping"",""Tax filing"",""Supplier orders""],""People"":[""Payroll"",""Shift scheduling"",""Time-off requests"",""Customer messaging""],""Customers and stock"":[""Inventory counts"",""Appointment booking"",""Hiring and applicant tracking""]}",95.3
demo-b2b,b2b-059,b2b-q03,open,"Describe the last software purchase you decided on: what, why, what went wrong.",Bought a scheduling app for the shop floor so people could swap shifts themselves; the problem was the mobile app logged everyone out weekly and the staff stopped using it. Support was the weak point.,128.4
demo-b2b,b2b-059,b2b-q04,choice,Which tools does your business currently pay for? Select all that apply.,Shift scheduling; CRM,22.4
demo-b2b,b2b-059,b2b-q05,scale,"How satisfied are you with your current accounting software? (1 = very dissatisfied, 5 = very satisfied)",2,4
demo-b2b,b2b-059,b2b-q06,open,How do you usually hear about new business software?,"Podcasts aimed at small business owners, and then I look up the sponsors.",37.5
demo-b2b,b2b-059,b2b-q07,choice,Who else is involved when you buy software for the business?,Our accountant or bookkeeper,10
demo-b2b,b2b-059,b2b-q08,open,What stops you from switching a tool you are unhappy with?,Fear that the new one will have different problems and I'll have paid twice,74.3
demo-b2b,b2b-059,b2b-q09,scale,"How much of a priority is replacing one of your tools in the next 12 months? (1 = not a priority, 5 = top priority)",3,2.3
demo-b2b,b2b-059,b2b-q10,choice,"What is your typical yearly budget for one business software subscription, in your local currency?","200 to 1,000",10
demo-b2b,b2b-059,b2b-q11,open,What would make you recommend a business tool to another owner?,Integrations with the accounting software so I don't type things twice. Simple asks really.,100
demo-b2b,b2b-060,b2b-q01,choice,Which of these back-office areas takes the most of your time each week?,Payroll and staff admin,7
demo-b2b,b2b-060,b2b-q02,cardsort,"Sort these twelve back-office tools into groups that make sense to you, and name each group.","{""Money"":[""Invoicing"",""Bookkeeping"",""Tax filing""],""Staff"":[""Payroll"",""Shift scheduling"",""Hiring and applicant tracking"",""Time-off requests"",""Expense tracking""],""Day to day"":[""Inventory counts"",""Supplier orders"",""Appointment booking""],""Admin"":[""Customer messaging""]}",104.6
demo-b2b,b2b-060,b2b-q03,open,"Describe the last software purchase you decided on: what, why, what went wrong.","Switched invoicing software to get automatic reminders because late payments were killing our cash flow; the import mangled half our customer addresses and I had to fix them by hand. I'd still choose it again, just with more planning.",229.5
demo-b2b,b2b-060,b2b-q04,choice,Which tools does your business currently pay for? Select all that apply.,Inventory management; CRM,11.4
demo-b2b,b2b-060,b2b-q05,scale,"How satisfied are you with your current accounting software? (1 = very dissatisfied, 5 = very satisfied)",5,7.1
demo-b2b,b2b-060,b2b-q06,open,How do you usually hear about new business software?,Recommendations from staff who used something at a previous job.,53.3
demo-b2b,b2b-060,b2b-q07,choice,Who else is involved when you buy software for the business?,My co-owner,8.5
demo-b2b,b2b-060,b2b-q08,open,What stops you from switching a tool you are unhappy with?,Fear that the new one will have different problems and I'll have paid twice.,69.8
demo-b2b,b2b-060,b2b-q09,scale,"How much of a priority is replacing one of your tools in the next 12 months? (1 = not a priority, 5 = top priority)",5,6
demo-b2b,b2b-060,b2b-q10,choice,"What is your typical yearly budget for one business software subscription, in your local currency?","More than 5,000",14.4
demo-b2b,b2b-060,b2b-q11,open,What would make you recommend a business tool to another owner?,"Reliability above everything, if the till goes down on a Saturday I lose real money.",32.8
demo-b2b,b2b-061,b2b-q01,choice,Which of these back-office areas takes the most of your time each week?,Payroll and staff admin,5.5
demo-b2b,b2b-061,b2b-q02,cardsort,"Sort these twelve back-office tools into groups that make sense to you, and name each group.","{""Finance"":[""Invoicing"",""Expense tracking"",""Bookkeeping"",""Tax filing""],""HR"":[""Payroll"",""Shift scheduling"",""Hiring and applicant tracking"",""Time-off requests""],""Day to day"":[""Supplier orders"",""Appointment booking"",""Customer messaging"",""Inventory counts""]}",97.2
demo-b2b,b2b-061,b2b-q03,open,"Describe the last software purchase you decided on: what, why, what went wrong.",We bought a CRM for the sales side after losing track of quotes; it works but the per-seat pricing doubled when we added the two part-timers.,82.8
demo-b2b,b2b-061,b2b-q04,choice,Which tools does your business currently pay for? Select all that apply.,Payroll software,13.7
demo-b2b,b2b-061,b2b-q05,scale,"How satisfied are you with your current accounting software? (1 = very dissatisfied, 5 = very satisfied)",4,3.2
demo-b2b,b2b-061,b2b-q06,open,How do you usually hear about new business software?,"Online searches when something breaks, I rarely go looking otherwise. I'm wary of anything with a long contract.",52.9
demo-b2b,b2b-061,b2b-q07,choice,Who else is involved when you buy software for the business?,I decide alone,14
demo-b2b,b2b-061,b2b-q08,open,What stops you from switching a tool you are unhappy with?,"The export options are deliberately bad, getting our history out would be a nightmare.",54
demo-b2b,b2b-061,b2b-q09,scale,"How much of a priority is replacing one of your tools in the next 12 months? (1 = not a priority, 5 = top priority)",5,3.2
demo-b2b,b2b-061,b2b-q10,choice,"What is your typical yearly budget for one business software subscription, in your local currency?","More than 5,000",6.5
demo-b2b,b2b-061,b2b-q11,open,What would make you recommend a business tool to another owner?,"Good onboarding, someone who sets it up with you rather than a pile of help articles.",81.6
demo-b2b,b2b-062,b2b-q01,choice,Which of these back-office areas takes the most of your time each week?,Bookkeeping and invoices,6.3
demo-b2b,b2b-062,b2b-q02,cardsort,"Sort these twelve back-office tools into groups that make sense to you, and name each group.","{""Finance"":[""Invoicing"",""Expense tracking"",""Bookkeeping"",""Tax filing"",""Customer messaging""],""HR"":[""Payroll"",""Shift scheduling"",""Time-off requests""],""Customers and stock"":[""Inventory counts"",""Supplier orders"",""Appointment booking"",""Hiring and applicant tracking""]}",80.6
demo-b2b,b2b-062,b2b-q03,open,"Describe the last software purchase you decided on: what, why, what went wrong.",Bought a scheduling app for the shop floor so people could swap shifts themselves; the problem was the mobile app logged everyone out weekly and the staff stopped using it.,43.1
demo-b2b,b2b-062,b2b-q04,choice,Which tools does your business currently pay for? Select all that apply.,Accounting software; Inventory management; Email marketing,9.4
demo-b2b,b2b-062,b2b-q05,scale,"How satisfied are you with your current accounting software? (1 = very dissatisfied, 5 = very satisfied)",4,1.7
demo-b2b,b2b-062,b2b-q06,open,How do you usually hear about new business software?,Recommendations from staff who used something at a previous job. I usually trial two before choosing.,16.3
demo-b2b,b2b-062,b2b-q07,choice,Who else is involved when you buy software for the business?,An IT contractor,3.3
demo-b2b,b2b-062,b2b-q08,open,What stops you from switching a tool you are unhappy with?,"The time it takes to move the data across and retrain everyone, we're too small to lose a week on it. It's a real frustration.",45.6
demo-b2b,b2b-062,b2b-q09,scale,"How much of a priority is replacing one of your tools in the next 12 months? (1 = not a priority, 5 = top priority)",3,1.5
demo-b2b,b2b-062,b2b-q10,choice,"What is your typical yearly budget for one business software subscription, in your local currency?","More than 5,000",7.4
demo-b2b,b2b-062,b2b-q11,open,What would make you recommend a business tool to another owner?,"It would need to just work without me babysitting it, that's the whole point.",24.5
demo-b2b,b2b-063,b2b-q01,choice,Which of these back-office areas takes the most of your time each week?,Bookkeeping and invoices,2.2
demo-b2b,b2b-063,b2b-q02,cardsort,"Sort these twelve back-office tools into groups that make sense to you, and name each group.","{""A"":[""Inventory counts"",""Appointment booking"",""Time-off requests"",""Shift scheduling""],""Misc"":[""Bookkeeping"",""Hiring and applicant tracking"",""Customer messaging"",""Invoicing""],""Tools"":[""Expense tracking"",""Supplier orders"",""Payroll"",""Tax filing""]}",22.6
demo-b2b,b2b-063,b2b-q03,open,"Describe the last software purchase you decided on: what, why, what went wrong.",ok,12
demo-b2b,b2b-063,b2b-q04,choice,Which tools does your business currently pay for? Select all that apply.,CRM,2.4
demo-b2b,b2b-063,b2b-q05,scale,"How satisfied are you with your current accounting software? (1 = very dissatisfied, 5 = very satisfied)",5,0.7
demo-b2b,b2b-063,b2b-q06,open,How do you usually hear about new business software?,nice,9.5
demo-b2b,b2b-063,b2b-q07,choice,Who else is involved when you buy software for the business?,An IT contractor,1.1
demo-b2b,b2b-063,b2b-q08,open,What stops you from switching a tool you are unhappy with?,good,8.9
demo-b2b,b2b-063,b2b-q09,scale,"How much of a priority is replacing one of your tools in the next 12 months? (1 = not a priority, 5 = top priority)",5,0.6
demo-b2b,b2b-063,b2b-q10,choice,"What is your typical yearly budget for one business software subscription, in your local currency?",Under 200,4.1
demo-b2b,b2b-063,b2b-q11,open,What would make you recommend a business tool to another owner?,fine i guess,4.7
demo-b2b,b2b-064,b2b-q01,choice,Which of these back-office areas takes the most of your time each week?,Customer bookings and messages,6.9
demo-b2b,b2b-064,b2b-q02,cardsort,"Sort these twelve back-office tools into groups that make sense to you, and name each group.","{""Money"":[""Invoicing"",""Expense tracking"",""Bookkeeping"",""Tax filing""],""HR"":[""Payroll"",""Shift scheduling"",""Hiring and applicant tracking"",""Time-off requests""],""Day to day"":[""Inventory counts"",""Supplier orders"",""Customer messaging""],""Admin"":[""Appointment booking""]}",72.8
demo-b2b,b2b-064,b2b-q03,open,"Describe the last software purchase you decided on: what, why, what went wrong.",We replaced our accounting package because the old one stopped being supported; the new one is fine but the first tax return came out wrong and we had to amend it. Next time I'll involve the bookkeeper earlier,88.1
demo-b2b,b2b-064,b2b-q04,choice,Which tools does your business currently pay for? Select all that apply.,CRM; Email marketing,24
demo-b2b,b2b-064,b2b-q05,scale,"How satisfied are you with your current accounting software? (1 = very dissatisfied, 5 = very satisfied)",3,7
demo-b2b,b2b-064,b2b-q06,open,How do you usually hear about new business software?,"From the bank's business portal, they bundle a few tools with the account. I'm wary of anything with a long contract.",62.1
demo-b2b,b2b-064,b2b-q07,choice,Who else is involved when you buy software for the business?,I decide alone,13.3
demo-b2b,b2b-064,b2b-q08,open,What stops you from switching a tool you are unhappy with?,"The time it takes to move the data across and retrain everyone, we're too small to lose a week on it. If someone did the migration for me I'd switch tomorrow.",78.2
demo-b2b,b2b-064,b2b-q09,scale,"How much of a priority is replacing one of your tools in the next 12 months? (1 = not a priority, 5 = top priority)",3,3.2
demo-b2b,b2b-064,b2b-q10,choice,"What is your typical yearly budget for one business software subscription, in your local currency?","1,000 to 5,000",10.4
demo-b2b,b2b-064,b2b-q11,open,What would make you recommend a business tool to another owner?,"It would need to just work without me babysitting it, that's the whole point.",32.3
demo-b2b,b2b-065,b2b-q01,choice,Which of these back-office areas takes the most of your time each week?,Payroll and staff admin,5.3
demo-b2b,b2b-065,b2b-q02,cardsort,"Sort these twelve back-office tools into groups that make sense to you, and name each group.","{""Accounting"":[""Invoicing""],""People"":[""Payroll"",""Shift scheduling"",""Hiring and applicant tracking"",""Time-off requests"",""Tax filing""],""Customers and stock"":[""Inventory counts"",""Supplier orders"",""Appointment booking"",""Customer messaging""],""Not sure"":[""Bookkeeping"",""Expense tracking""]}",59.2
demo-b2b,b2b-065,b2b-q03,open,"Describe the last software purchase you decided on: what, why, what went wrong.","Got a rota and time-off app for the restaurant; what went wrong was the integration with payroll never actually synced hours, so we still type them in",83.1
demo-b2b,b2b-065,b2b-q04,choice,Which tools does your business currently pay for? Select all that apply.,CRM; Project management,10.6
demo-b2b,b2b-065,b2b-q05,scale,"How satisfied are you with your current accounting software? (1 = very dissatisfied, 5 = very satisfied)",2,3.5
demo-b2b,b2b-065,b2b-q06,open,How do you usually hear about new business software?,Word of mouth at the chamber of commerce meetings. Reviews matter more than ads to me,29.7
demo-b2b,b2b-065,b2b-q07,choice,Who else is involved when you buy software for the business?,Our accountant or bookkeeper,5.9
demo-b2b,b2b-065,b2b-q08,open,What stops you from switching a tool you are unhappy with?,Cost of the overlap period when you pay for both while migrating.,36.6
demo-b2b,b2b-065,b2b-q09,scale,"How much of a priority is replacing one of your tools in the next 12 months? (1 = not a priority, 5 = top priority)",3,4.4
demo-b2b,b2b-065,b2b-q10,choice,"What is your typical yearly budget for one business software subscription, in your local currency?","More than 5,000",9.6
demo-b2b,b2b-065,b2b-q11,open,What would make you recommend a business tool to another owner?,"Clear pricing that doesn't jump when you add a user, and a proper mobile app",59.7
demo-b2b,b2b-066,b2b-q01,choice,Which of these back-office areas takes the most of your time each week?,Bookkeeping and invoices,4.8
demo-b2b,b2b-066,b2b-q02,cardsort,"Sort these twelve back-office tools into groups that make sense to you, and name each group.","{""Money"":[""Invoicing"",""Expense tracking"",""Tax filing"",""Shift scheduling""],""HR"":[""Payroll"",""Hiring and applicant tracking"",""Time-off requests"",""Bookkeeping""],""Customers and stock"":[""Inventory counts"",""Supplier orders"",""Appointment booking"",""Customer messaging""]}",122.6
demo-b2b,b2b-066,b2b-q03,open,"Describe the last software purchase you decided on: what, why, what went wrong.",Everything was fine and easy to use.,27.9
demo-b2b,b2b-066,b2b-q04,choice,Which tools does your business currently pay for? Select all that apply.,Payroll software; Inventory management; CRM,10.2
demo-b2b,b2b-066,b2b-q05,scale,"How satisfied are you with your current accounting software? (1 = very dissatisfied, 5 = very satisfied)",4,5.2
demo-b2b,b2b-066,b2b-q06,open,How do you usually hear about new business software?,Everything was fine and easy to use.,15.8
demo-b2b,b2b-066,b2b-q07,choice,Who else is involved when you buy software for the business?,The staff who will use it,8.9
demo-b2b,b2b-066,b2b-q08,open,What stops you from switching a tool you are unhappy with?,Everything was fine and easy to use.,20.6
demo-b2b,b2b-066,b2b-q09,scale,"How much of a priority is replacing one of your tools in the next 12 months? (1 = not a priority, 5 = top priority)",4,5.6
demo-b2b,b2b-066,b2b-q10,choice,"What is your typical yearly budget for one business software subscription, in your local currency?","200 to 1,000",11.3
demo-b2b,b2b-066,b2b-q11,open,What would make you recommend a business tool to another owner?,Everything was fine and easy to use.,18.8
demo-b2b,b2b-067,b2b-q01,choice,Which of these back-office areas takes the most of your time each week?,Customer bookings and messages,15.1
demo-b2b,b2b-067,b2b-q02,cardsort,"Sort these twelve back-office tools into groups that make sense to you, and name each group.","{""Money"":[""Invoicing"",""Expense tracking"",""Bookkeeping"",""Tax filing"",""Appointment booking"",""Payroll""],""Staff"":[""Shift scheduling"",""Hiring and applicant tracking"",""Time-off requests""],""Day to day"":[""Inventory counts"",""Supplier orders"",""Customer messaging""]}",140.7
demo-b2b,b2b-067,b2b-q03,open,"Describe the last software purchase you decided on: what, why, what went wrong.","Switched invoicing software to get automatic reminders because late payments were killing our cash flow; the import mangled half our customer addresses and I had to fix them by hand. We're still on it, for now.",35.3
demo-b2b,b2b-067,b2b-q04,choice,Which tools does your business currently pay for? Select all that apply.,Shift scheduling; Inventory management,7.3
demo-b2b,b2b-067,b2b-q05,scale,"How satisfied are you with your current accounting software? (1 = very dissatisfied, 5 = very satisfied)",3,2.7
demo-b2b,b2b-067,b2b-q06,open,How do you usually hear about new business software?,Word of mouth at the chamber of commerce meetings. I usually trial two before choosing.,34.2
demo-b2b,b2b-067,b2b-q07,choice,Who else is involved when you buy software for the business?,I decide alone,5.7
demo-b2b,b2b-067,b2b-q08,open,What stops you from switching a tool you are unhappy with?,The integrations with the till and the bank took months to set up and I don't want to redo them. If someone did the migration for me I'd switch tomorrow.,52.3
demo-b2b,b2b-067,b2b-q09,scale,"How much of a priority is replacing one of your tools in the next 12 months? (1 = not a priority, 5 = top priority)",3,1.4
demo-b2b,b2b-067,b2b-q10,choice,"What is your typical yearly budget for one business software subscription, in your local currency?","200 to 1,000",10.8
demo-b2b,b2b-067,b2b-q11,open,What would make you recommend a business tool to another owner?,"Being able to cancel monthly, I'd happily recommend a tool that doesn't trap you.",23.7
demo-b2b,b2b-068,b2b-q01,choice,Which of these back-office areas takes the most of your time each week?,Marketing,4.7
demo-b2b,b2b-068,b2b-q02,cardsort,"Sort these twelve back-office tools into groups that make sense to you, and name each group.","{""Stuff"":[""Supplier orders"",""Invoicing"",""Inventory counts""],""B"":[""Customer messaging"",""Tax filing"",""Time-off requests""],""Tools"":[""Appointment booking"",""Hiring and applicant tracking"",""Payroll""],""C"":[""Bookkeeping"",""Expense tracking"",""Shift scheduling""]}",29.3
demo-b2b,b2b-068,b2b-q03,open,"Describe the last software purchase you decided on: what, why, what went wrong.",Nothing specific comes to mind.,23.8
demo-b2b,b2b-068,b2b-q04,choice,Which tools does your business currently pay for? Select all that apply.,Shift scheduling; Booking system; Email marketing,7.2
demo-b2b,b2b-068,b2b-q05,scale,"How satisfied are you with your current accounting software? (1 = very dissatisfied, 5 = very satisfied)",3,2.9
demo-b2b,b2b-068,b2b-q06,open,How do you usually hear about new business software?,Nothing specific comes to mind.,33.1
demo-b2b,b2b-068,b2b-q07,choice,Who else is involved when you buy software for the business?,Our accountant or bookkeeper,10.6
demo-b2b,b2b-068,b2b-q08,open,What stops you from switching a tool you are unhappy with?,"Honestly just inertia, it's annoying but it works well enough most days. It's a real frustration.",40.9
demo-b2b,b2b-068,b2b-q09,scale,"How much of a priority is replacing one of your tools in the next 12 months? (1 = not a priority, 5 = top priority)",4,3.8
demo-b2b,b2b-068,b2b-q10,choice,"What is your typical yearly budget for one business software subscription, in your local currency?",Under 200,10.3
demo-b2b,b2b-068,b2b-q11,open,What would make you recommend a business tool to another owner?,"Clear pricing that doesn't jump when you add a user, and a proper mobile app. I've recommended two tools in ten years.",64.6
demo-b2b,b2b-069,b2b-q01,choice,Which of these back-office areas takes the most of your time each week?,Payroll and staff admin,9.3
demo-b2b,b2b-069,b2b-q02,cardsort,"Sort these twelve back-office tools into groups that make sense to you, and name each group.","{""Money"":[""Invoicing"",""Expense tracking"",""Bookkeeping"",""Tax filing"",""Payroll""],""Staff"":[""Shift scheduling"",""Hiring and applicant tracking"",""Time-off requests"",""Appointment booking""],""Back room"":[""Inventory counts"",""Supplier orders""],""Sales"":[""Customer messaging""]}",121.1
demo-b2b,b2b-069,b2b-q03,open,"Describe the last software purchase you decided on: what, why, what went wrong.","Got a rota and time-off app for the restaurant; what went wrong was the integration with payroll never actually synced hours, so we still type them in.",138.7
demo-b2b,b2b-069,b2b-q04,choice,Which tools does your business currently pay for? Select all that apply.,Payroll software; Booking system; Email marketing; Project management,17.2
demo-b2b,b2b-069,b2b-q05,scale,"How satisfied are you with your current accounting software? (1 = very dissatisfied, 5 = very satisfied)",5,5.8
demo-b2b,b2b-069,b2b-q06,open,How do you usually hear about new business software?,My bookkeeper tells me what integrates with her systems and that decides it,42.5
demo-b2b,b2b-069,b2b-q07,choice,Who else is involved when you buy software for the business?,The staff who will use it,20.5
demo-b2b,b2b-069,b2b-q08,open,What stops you from switching a tool you are unhappy with?,"The time it takes to move the data across and retrain everyone, we're too small to lose a week on it. Smaller firms get the worst of this.",152.7
demo-b2b,b2b-069,b2b-q09,scale,"How much of a priority is replacing one of your tools in the next 12 months? (1 = not a priority, 5 = top priority)",4,6.5
demo-b2b,b2b-069,b2b-q10,choice,"What is your typical yearly budget for one business software subscription, in your local currency?","More than 5,000",13.4
demo-b2b,b2b-069,b2b-q11,open,What would make you recommend a business tool to another owner?,"If my staff adopted it without complaining, that's the real test.",66.6
demo-b2b,b2b-070,b2b-q01,choice,Which of these back-office areas takes the most of your time each week?,Marketing,12
demo-b2b,b2b-070,b2b-q02,cardsort,"Sort these twelve back-office tools into groups that make sense to you, and name each group.","{""Money"":[""Invoicing"",""Expense tracking"",""Bookkeeping"",""Tax filing""],""Staff"":[""Payroll"",""Shift scheduling"",""Hiring and applicant tracking"",""Time-off requests"",""Customer messaging""],""Customers and stock"":[""Inventory counts"",""Supplier orders"",""Appointment booking""]}",148.4
demo-b2b,b2b-070,b2b-q03,open,"Describe the last software purchase you decided on: what, why, what went wrong.",zxcv zxcv,22.6
demo-b2b,b2b-070,b2b-q04,choice,Which tools does your business currently pay for? Select all that apply.,Payroll software; Inventory management; Email marketing; Project management,10.5
demo-b2b,b2b-070,b2b-q05,scale,"How satisfied are you with your current accounting software? (1 = very dissatisfied, 5 = very satisfied)",3,9.1
demo-b2b,b2b-070,b2b-q06,open,How do you usually hear about new business software?,aaaa,9.9
demo-b2b,b2b-070,b2b-q07,choice,Who else is involved when you buy software for the business?,Our accountant or bookkeeper,30.6
demo-b2b,b2b-070,b2b-q08,open,What stops you from switching a tool you are unhappy with?,69,14.5
demo-b2b,b2b-070,b2b-q09,scale,"How much of a priority is replacing one of your tools in the next 12 months? (1 = not a priority, 5 = top priority)",3,13.4
demo-b2b,b2b-070,b2b-q10,choice,"What is your typical yearly budget for one business software subscription, in your local currency?","More than 5,000",32.2
demo-b2b,b2b-070,b2b-q11,open,What would make you recommend a business tool to another owner?,65,16
demo-b2b,b2b-071,b2b-q01,choice,Which of these back-office areas takes the most of your time each week?,Marketing,6.7
demo-b2b,b2b-071,b2b-q02,cardsort,"Sort these twelve back-office tools into groups that make sense to you, and name each group.","{""Finance"":[""Invoicing"",""Expense tracking"",""Bookkeeping"",""Tax filing""],""People"":[""Payroll"",""Shift scheduling""],""Day to day"":[""Inventory counts"",""Supplier orders"",""Appointment booking"",""Customer messaging"",""Hiring and applicant tracking""],""Other"":[""Time-off requests""]}",110.6
demo-b2b,b2b-071,b2b-q03,open,"Describe the last software purchase you decided on: what, why, what went wrong.",Chose an expense app because receipts were piling up in a shoebox; the card feed broke every few weeks and support took days to answer. Lesson learned about trial periods.,58.8
demo-b2b,b2b-071,b2b-q04,choice,Which tools does your business currently pay for? Select all that apply.,Payroll software; Email marketing,7.7
demo-b2b,b2b-071,b2b-q05,scale,"How satisfied are you with your current accounting software? (1 = very dissatisfied, 5 = very satisfied)",4,1.9
demo-b2b,b2b-071,b2b-q06,open,How do you usually hear about new business software?,Trade shows once a year and whatever the supplier reps mention when they visit. Reviews matter more than ads to me.,57.1
demo-b2b,b2b-071,b2b-q07,choice,Who else is involved when you buy software for the business?,The staff who will use it,4.4
demo-b2b,b2b-071,b2b-q08,open,What stops you from switching a tool you are unhappy with?,"Honestly just inertia, it's annoying but it works well enough most days. Smaller firms get the worst of this.",31.6
demo-b2b,b2b-071,b2b-q09,scale,"How much of a priority is replacing one of your tools in the next 12 months? (1 = not a priority, 5 = top priority)",4,2.7
demo-b2b,b2b-071,b2b-q10,choice,"What is your typical yearly budget for one business software subscription, in your local currency?",Under 200,10.1
demo-b2b,b2b-071,b2b-q11,open,What would make you recommend a business tool to another owner?,"An export button that gives me my data in a usable format, that shows they respect customers.",41.5
demo-b2b,b2b-072,b2b-q01,choice,Which of these back-office areas takes the most of your time each week?,Stock and suppliers,9.2
demo-b2b,b2b-072,b2b-q02,cardsort,"Sort these twelve back-office tools into groups that make sense to you, and name each group.","{""Misc"":[""Hiring and applicant tracking"",""Customer messaging"",""Supplier orders""],""C"":[""Time-off requests"",""Expense tracking"",""Appointment booking"",""Bookkeeping""],""B"":[""Inventory counts""],""A"":[""Payroll"",""Invoicing"",""Shift scheduling""],""Tools"":[""Tax filing""]}",30
demo-b2b,b2b-072,b2b-q03,open,"Describe the last software purchase you decided on: what, why, what went wrong.",It depends on the tool.,36.3
demo-b2b,b2b-072,b2b-q04,choice,Which tools does your business currently pay for? Select all that apply.,Payroll software; Inventory management; CRM,5.9
demo-b2b,b2b-072,b2b-q05,scale,"How satisfied are you with your current accounting software? (1 = very dissatisfied, 5 = very satisfied)",3,3.3
demo-b2b,b2b-072,b2b-q06,open,How do you usually hear about new business software?,Price and reliability.,14.6
demo-b2b,b2b-072,b2b-q07,choice,Who else is involved when you buy software for the business?,The staff who will use it,4.7
demo-b2b,b2b-072,b2b-q08,open,What stops you from switching a tool you are unhappy with?,Cost of the overlap period when you pay for both while migrating. If someone did the migration for me I'd switch tomorrow.,33.2
demo-b2b,b2b-072,b2b-q09,scale,"How much of a priority is replacing one of your tools in the next 12 months? (1 = not a priority, 5 = top priority)",2,3.2
demo-b2b,b2b-072,b2b-q10,choice,"What is your typical yearly budget for one business software subscription, in your local currency?","More than 5,000",5.8
demo-b2b,b2b-072,b2b-q11,open,What would make you recommend a business tool to another owner?,"being able to cancel monthly, I'd happily recommend a tool that doesn't trap you.",35.8
demo-b2b,b2b-073,b2b-q01,choice,Which of these back-office areas takes the most of your time each week?,Payroll and staff admin,14.4
demo-b2b,b2b-073,b2b-q02,cardsort,"Sort these twelve back-office tools into groups that make sense to you, and name each group.","{""Finance"":[""Expense tracking"",""Bookkeeping"",""Tax filing""],""People"":[""Payroll"",""Time-off requests""],""Customers and stock"":[""Inventory counts"",""Supplier orders"",""Appointment booking"",""Customer messaging""],""Not sure"":[""Invoicing"",""Hiring and applicant tracking"",""Shift scheduling""]}",141.6
demo-b2b,b2b-073,b2b-q03,open,"Describe the last software purchase you decided on: what, why, what went wrong.",We replaced our accounting package because the old one stopped being supported; the new one is fine but the first tax return came out wrong and we had to amend it.,132
demo-b2b,b2b-073,b2b-q04,choice,Which tools does your business currently pay for? Select all that apply.,Payroll software,13.3
demo-b2b,b2b-073,b2b-q05,scale,"How satisfied are you with your current accounting software? (1 = very dissatisfied, 5 = very satisfied)",4,6.4
demo-b2b,b2b-073,b2b-q06,open,How do you usually hear about new business software?,"online searches when something breaks, I rarely go looking otherwise",18.8
demo-b2b,b2b-073,b2b-q07,choice,Who else is involved when you buy software for the business?,I decide alone,12.1
demo-b2b,b2b-073,b2b-q08,open,What stops you from switching a tool you are unhappy with?,"Staff pushback, the team hates learning new tools. It's a real frustration.",71.3
demo-b2b,b2b-073,b2b-q09,scale,"How much of a priority is replacing one of your tools in the next 12 months? (1 = not a priority, 5 = top priority)",3,3.3
demo-b2b,b2b-073,b2b-q10,choice,"What is your typical yearly budget for one business software subscription, in your local currency?","200 to 1,000",19.3
demo-b2b,b2b-073,b2b-q11,open,What would make you recommend a business tool to another owner?,"Good onboarding, someone who sets it up with you rather than a pile of help articles.",72.2
demo-b2b,b2b-074,b2b-q01,choice,Which of these back-office areas takes the most of your time each week?,Bookkeeping and invoices,8.7
demo-b2b,b2b-074,b2b-q02,cardsort,"Sort these twelve back-office tools into groups that make sense to you, and name each group.","{""Accounting"":[""Expense tracking"",""Bookkeeping"",""Tax filing""],""Staff"":[""Payroll"",""Shift scheduling"",""Hiring and applicant tracking"",""Time-off requests""],""Operations"":[""Inventory counts"",""Supplier orders"",""Appointment booking"",""Customer messaging"",""Invoicing""]}",200
demo-b2b,b2b-074,b2b-q03,open,"Describe the last software purchase you decided on: what, why, what went wrong.",We moved payroll from spreadsheets to a cloud payroll tool because the accountant kept finding errors; the migration took twice as long as promised and two staff were paid late in the first month.,60.1
demo-b2b,b2b-074,b2b-q04,choice,Which tools does your business currently pay for? Select all that apply.,Accounting software; Shift scheduling; Inventory management; Email marketing,15.4
demo-b2b,b2b-074,b2b-q05,scale,"How satisfied are you with your current accounting software? (1 = very dissatisfied, 5 = very satisfied)",3,3.4
demo-b2b,b2b-074,b2b-q06,open,How do you usually hear about new business software?,Word of mouth at the chamber of commerce meetings.,27.5
demo-b2b,b2b-074,b2b-q07,choice,Who else is involved when you buy software for the business?,The staff who will use it,6.5
demo-b2b,b2b-074,b2b-q08,open,What stops you from switching a tool you are unhappy with?,Our accountant is used to the current one and switching means switching how she works too.,44.1
demo-b2b,b2b-074,b2b-q09,scale,"How much of a priority is replacing one of your tools in the next 12 months? (1 = not a priority, 5 = top priority)",2,3.3
demo-b2b,b2b-074,b2b-q10,choice,"What is your typical yearly budget for one business software subscription, in your local currency?","More than 5,000",13.3
demo-b2b,b2b-074,b2b-q11,open,What would make you recommend a business tool to another owner?,if it saved me measurable time each week and the support actually picked up the phone.,31
demo-b2b,b2b-075,b2b-q01,choice,Which of these back-office areas takes the most of your time each week?,Customer bookings and messages,2.7
demo-b2b,b2b-075,b2b-q02,cardsort,"Sort these twelve back-office tools into groups that make sense to you, and name each group.","{""Misc"":[""Supplier orders"",""Customer messaging"",""Invoicing""],""Tools"":[""Tax filing""],""Other"":[""Appointment booking"",""Shift scheduling"",""Expense tracking""],""A"":[""Hiring and applicant tracking"",""Payroll"",""Bookkeeping""],""Things"":[""Time-off requests"",""Inventory counts""]}",31
demo-b2b,b2b-075,b2b-q03,open,"Describe the last software purchase you decided on: what, why, what went wrong.",fine i guess,30.4
demo-b2b,b2b-075,b2b-q04,choice,Which tools does your business currently pay for? Select all that apply.,Booking system,3.5
demo-b2b,b2b-075,b2b-q05,scale,"How satisfied are you with your current accounting software? (1 = very dissatisfied, 5 = very satisfied)",5,2.1
demo-b2b,b2b-075,b2b-q06,open,How do you usually hear about new business software?,nice,14.8
demo-b2b,b2b-075,b2b-q07,choice,Who else is involved when you buy software for the business?,I decide alone,1.7
demo-b2b,b2b-075,b2b-q08,open,What stops you from switching a tool you are unhappy with?,fine i guess,14.7
demo-b2b,b2b-075,b2b-q09,scale,"How much of a priority is replacing one of your tools in the next 12 months? (1 = not a priority, 5 = top priority)",5,0.6
demo-b2b,b2b-075,b2b-q10,choice,"What is your typical yearly budget for one business software subscription, in your local currency?",Under 200,1.6
demo-b2b,b2b-075,b2b-q11,open,What would make you recommend a business tool to another owner?,dont know,12.4
demo-b2b,b2b-076,b2b-q01,choice,Which of these back-office areas takes the most of your time each week?,Payroll and staff admin,9.4
demo-b2b,b2b-076,b2b-q02,cardsort,"Sort these twelve back-office tools into groups that make sense to you, and name each group.","{""Accounting"":[""Invoicing"",""Expense tracking"",""Bookkeeping"",""Tax filing""],""People"":[""Payroll"",""Shift scheduling"",""Hiring and applicant tracking"",""Time-off requests"",""Inventory counts""],""Day to day"":[""Supplier orders"",""Appointment booking"",""Customer messaging""]}",49.9
demo-b2b,b2b-076,b2b-q03,open,"Describe the last software purchase you decided on: what, why, what went wrong.","Signed up for an inventory tool to stop over-ordering at the café; it needed barcodes on everything and we never finished labelling, so it's half used.",146.5
demo-b2b,b2b-076,b2b-q04,choice,Which tools does your business currently pay for? Select all that apply.,Payroll software; Booking system; Project management,12.7
demo-b2b,b2b-076,b2b-q05,scale,"How satisfied are you with your current accounting software? (1 = very dissatisfied, 5 = very satisfied)",3,2.8
demo-b2b,b2b-076,b2b-q06,open,How do you usually hear about new business software?,Recommendations from staff who used something at a previous job.,76.2
demo-b2b,b2b-076,b2b-q07,choice,Who else is involved when you buy software for the business?,Our accountant or bookkeeper,18.7
demo-b2b,b2b-076,b2b-q08,open,What stops you from switching a tool you are unhappy with?,Cost of the overlap period when you pay for both while migrating.,44.2
demo-b2b,b2b-076,b2b-q09,scale,"How much of a priority is replacing one of your tools in the next 12 months? (1 = not a priority, 5 = top priority)",3,5.6
demo-b2b,b2b-076,b2b-q10,choice,"What is your typical yearly budget for one business software subscription, in your local currency?","1,000 to 5,000",9.3
demo-b2b,b2b-076,b2b-q11,open,What would make you recommend a business tool to another owner?,"it would need to just work without me babysitting it, that's the whole point.",50.3
demo-b2b,b2b-077,b2b-q01,choice,Which of these back-office areas takes the most of your time each week?,Bookkeeping and invoices,14.5
demo-b2b,b2b-077,b2b-q02,cardsort,"Sort these twelve back-office tools into groups that make sense to you, and name each group.","{""Accounting"":[""Invoicing"",""Expense tracking"",""Tax filing""],""HR"":[""Shift scheduling"",""Hiring and applicant tracking"",""Time-off requests"",""Bookkeeping""],""Day to day"":[""Inventory counts"",""Supplier orders"",""Appointment booking"",""Customer messaging"",""Payroll""]}",84.8
demo-b2b,b2b-077,b2b-q03,open,"Describe the last software purchase you decided on: what, why, what went wrong.",we moved payroll from spreadsheets to a cloud payroll tool because the accountant kept finding errors; the migration took twice as long as promised and two staff were paid late in the first month. Next time I'll involve the bookkeeper earlier.,124.2
demo-b2b,b2b-077,b2b-q04,choice,Which tools does your business currently pay for? Select all that apply.,Booking system,6.5
demo-b2b,b2b-077,b2b-q05,scale,"How satisfied are you with your current accounting software? (1 = very dissatisfied, 5 = very satisfied)",3,5.9
demo-b2b,b2b-077,b2b-q06,open,How do you usually hear about new business software?,Word of mouth at the chamber of commerce meetings. Price lists are rarely upfront though.,35.2
demo-b2b,b2b-077,b2b-q07,choice,Who else is involved when you buy software for the business?,The staff who will use it,10.5
demo-b2b,b2b-077,b2b-q08,open,What stops you from switching a tool you are unhappy with?,"Annual contracts, we're locked in until next spring.",38.1
demo-b2b,b2b-077,b2b-q09,scale,"How much of a priority is replacing one of your tools in the next 12 months? (1 = not a priority, 5 = top priority)",3,4.2
demo-b2b,b2b-077,b2b-q10,choice,"What is your typical yearly budget for one business software subscription, in your local currency?","More than 5,000",11.1
demo-b2b,b2b-077,b2b-q11,open,What would make you recommend a business tool to another owner?,"If my staff adopted it without complaining, that's the real test.",19
demo-b2b,b2b-078,b2b-q01,choice,Which of these back-office areas takes the most of your time each week?,Bookkeeping and invoices,8.9
demo-b2b,b2b-078,b2b-q02,cardsort,"Sort these twelve back-office tools into groups that make sense to you, and name each group.","{""Group 1"":[""Time-off requests"",""Supplier orders""],""Group 2"":[""Shift scheduling"",""Inventory counts"",""Hiring and applicant tracking"",""Tax filing"",""Appointment booking""],""Group 3"":[""Bookkeeping"",""Payroll""],""Group 4"":[""Invoicing"",""Expense tracking"",""Customer messaging""]}",18.9
demo-b2b,b2b-078,b2b-q03,open,"Describe the last software purchase you decided on: what, why, what went wrong.","Time, mainly.",32.8
demo-b2b,b2b-078,b2b-q04,choice,Which tools does your business currently pay for? Select all that apply.,Payroll software; Booking system,12.1
demo-b2b,b2b-078,b2b-q05,scale,"How satisfied are you with your current accounting software? (1 = very dissatisfied, 5 = very satisfied)",3,8.4
demo-b2b,b2b-078,b2b-q06,open,How do you usually hear about new business software?,My bookkeeper tells me what integrates with her systems and that decides it. I'm wary of anything with a long contract.,53
demo-b2b,b2b-078,b2b-q07,choice,Who else is involved when you buy software for the business?,Our accountant or bookkeeper,9
demo-b2b,b2b-078,b2b-q08,open,What stops you from switching a tool you are unhappy with?,"Staff pushback, the team hates learning new tools.",25.9
demo-b2b,b2b-078,b2b-q09,scale,"How much of a priority is replacing one of your tools in the next 12 months? (1 = not a priority, 5 = top priority)",2,8.7
demo-b2b,b2b-078,b2b-q10,choice,"What is your typical yearly budget for one business software subscription, in your local currency?","More than 5,000",18.2
demo-b2b,b2b-078,b2b-q11,open,What would make you recommend a business tool to another owner?,"it would need to just work without me babysitting it, that's the whole point",71.2
demo-b2b,b2b-079,b2b-q01,choice,Which of these back-office areas takes the most of your time each week?,Customer bookings and messages,14.4
demo-b2b,b2b-079,b2b-q02,cardsort,"Sort these twelve back-office tools into groups that make sense to you, and name each group.","{""Finance"":[""Invoicing"",""Expense tracking"",""Bookkeeping"",""Tax filing"",""Payroll""],""People"":[""Shift scheduling"",""Hiring and applicant tracking"",""Supplier orders""],""Customers and stock"":[""Inventory counts"",""Appointment booking"",""Customer messaging"",""Time-off requests""]}",174.7
demo-b2b,b2b-079,b2b-q03,open,"Describe the last software purchase you decided on: what, why, what went wrong.",We bought a CRM for the sales side after losing track of quotes; it works but the per-seat pricing doubled when we added the two part-timers.,84.4
demo-b2b,b2b-079,b2b-q04,choice,Which tools does your business currently pay for? Select all that apply.,Accounting software; Booking system; Email marketing,14.9
demo-b2b,b2b-079,b2b-q05,scale,"How satisfied are you with your current accounting software? (1 = very dissatisfied, 5 = very satisfied)",2,9.6
demo-b2b,b2b-079,b2b-q06,open,How do you usually hear about new business software?,"From the bank's business portal, they bundle a few tools with the account",49.6
demo-b2b,b2b-079,b2b-q07,choice,Who else is involved when you buy software for the business?,I decide alone,16
demo-b2b,b2b-079,b2b-q08,open,What stops you from switching a tool you are unhappy with?,Our accountant is used to the current one and switching means switching how she works too. If someone did the migration for me I'd switch tomorrow.,62
demo-b2b,b2b-079,b2b-q09,scale,"How much of a priority is replacing one of your tools in the next 12 months? (1 = not a priority, 5 = top priority)",3,4.4
demo-b2b,b2b-079,b2b-q10,choice,"What is your typical yearly budget for one business software subscription, in your local currency?",Under 200,22.7
demo-b2b,b2b-079,b2b-q11,open,What would make you recommend a business tool to another owner?,"A fair price for a company of our size, not enterprise rates. Most tools fail on at least one of those.",91.7
demo-b2b,b2b-080,b2b-q01,choice,Which of these back-office areas takes the most of your time each week?,Stock and suppliers,6.9
demo-b2b,b2b-080,b2b-q02,cardsort,"Sort these twelve back-office tools into groups that make sense to you, and name each group.","{""Money"":[""Expense tracking"",""Bookkeeping"",""Tax filing""],""Staff"":[""Payroll"",""Shift scheduling"",""Time-off requests""],""Operations"":[""Inventory counts"",""Supplier orders"",""Appointment booking"",""Customer messaging"",""Hiring and applicant tracking"",""Invoicing""]}",99.9
demo-b2b,b2b-080,b2b-q03,open,"Describe the last software purchase you decided on: what, why, what went wrong.",Chose an expense app because receipts were piling up in a shoebox; the card feed broke every few weeks and support took days to answer. Lesson learned about trial periods.,71.5
demo-b2b,b2b-080,b2b-q04,choice,Which tools does your business currently pay for? Select all that apply.,Accounting software; Booking system,13.3
demo-b2b,b2b-080,b2b-q05,scale,"How satisfied are you with your current accounting software? (1 = very dissatisfied, 5 = very satisfied)",3,3.3
demo-b2b,b2b-080,b2b-q06,open,How do you usually hear about new business software?,Mostly from the accountant and from other owners in the local business group chat,28.3
demo-b2b,b2b-080,b2b-q07,choice,Who else is involved when you buy software for the business?,Our accountant or bookkeeper,5
demo-b2b,b2b-080,b2b-q08,open,What stops you from switching a tool you are unhappy with?,Our accountant is used to the current one and switching means switching how she works too.,40.9
demo-b2b,b2b-080,b2b-q09,scale,"How much of a priority is replacing one of your tools in the next 12 months? (1 = not a priority, 5 = top priority)",2,3
demo-b2b,b2b-080,b2b-q10,choice,"What is your typical yearly budget for one business software subscription, in your local currency?",Under 200,7.4
demo-b2b,b2b-080,b2b-q11,open,What would make you recommend a business tool to another owner?,"Being able to cancel monthly, I'd happily recommend a tool that doesn't trap you.",35.6
demo-b2b,b2b-081,b2b-q01,choice,Which of these back-office areas takes the most of your time each week?,Bookkeeping and invoices,12.6
demo-b2b,b2b-081,b2b-q02,cardsort,"Sort these twelve back-office tools into groups that make sense to you, and name each group.","{""Finance"":[""Invoicing"",""Expense tracking"",""Bookkeeping"",""Tax filing"",""Supplier orders""],""People"":[""Payroll"",""Shift scheduling"",""Hiring and applicant tracking"",""Time-off requests""],""Operations"":[""Inventory counts"",""Appointment booking"",""Customer messaging""]}",121.6
demo-b2b,b2b-081,b2b-q03,open,"Describe the last software purchase you decided on: what, why, what went wrong.","Got a rota and time-off app for the restaurant; what went wrong was the integration with payroll never actually synced hours, so we still type them in. Next time I'll involve the bookkeeper earlier.",73.2
demo-b2b,b2b-081,b2b-q04,choice,Which tools does your business currently pay for? Select all that apply.,Shift scheduling; CRM; Email marketing,17
demo-b2b,b2b-081,b2b-q05,scale,"How satisfied are you with your current accounting software? (1 = very dissatisfied, 5 = very satisfied)",4,2.3
demo-b2b,b2b-081,b2b-q06,open,How do you usually hear about new business software?,"Podcasts aimed at small business owners, and then I look up the sponsors.",38.4
demo-b2b,b2b-081,b2b-q07,choice,Who else is involved when you buy software for the business?,I decide alone,10.4
demo-b2b,b2b-081,b2b-q08,open,What stops you from switching a tool you are unhappy with?,"Annual contracts, we're locked in until next spring.",29.2
demo-b2b,b2b-081,b2b-q09,scale,"How much of a priority is replacing one of your tools in the next 12 months? (1 = not a priority, 5 = top priority)",3,3
demo-b2b,b2b-081,b2b-q10,choice,"What is your typical yearly budget for one business software subscription, in your local currency?","More than 5,000",5.5
demo-b2b,b2b-081,b2b-q11,open,What would make you recommend a business tool to another owner?,"A fair price for a company of our size, not enterprise rates. Simple asks really.",31.8
demo-b2b,b2b-082,b2b-q01,choice,Which of these back-office areas takes the most of your time each week?,Bookkeeping and invoices,6.9
demo-b2b,b2b-082,b2b-q02,cardsort,"Sort these twelve back-office tools into groups that make sense to you, and name each group.","{""Accounting"":[""Invoicing"",""Expense tracking"",""Bookkeeping"",""Tax filing"",""Appointment booking"",""Shift scheduling""],""People"":[""Payroll"",""Hiring and applicant tracking"",""Time-off requests""],""Stock"":[""Inventory counts""],""Front of house"":[""Customer messaging"",""Supplier orders""]}",105.9
demo-b2b,b2b-082,b2b-q03,open,"Describe the last software purchase you decided on: what, why, what went wrong.",Bought a scheduling app for the shop floor so people could swap shifts themselves; the problem was the mobile app logged everyone out weekly and the staff stopped using it. Lesson learned about trial periods,165
demo-b2b,b2b-082,b2b-q04,choice,Which tools does your business currently pay for? Select all that apply.,Payroll software; Email marketing,17.3
demo-b2b,b2b-082,b2b-q05,scale,"How satisfied are you with your current accounting software? (1 = very dissatisfied, 5 = very satisfied)",3,5.7
demo-b2b,b2b-082,b2b-q06,open,How do you usually hear about new business software?,"Podcasts aimed at small business owners, and then I look up the sponsors.",114.7
demo-b2b,b2b-082,b2b-q07,choice,Who else is involved when you buy software for the business?,An IT contractor,8.8
demo-b2b,b2b-082,b2b-q08,open,What stops you from switching a tool you are unhappy with?,Our accountant is used to the current one and switching means switching how she works too.,60.3
demo-b2b,b2b-082,b2b-q09,scale,"How much of a priority is replacing one of your tools in the next 12 months? (1 = not a priority, 5 = top priority)",3,5.5
demo-b2b,b2b-082,b2b-q10,choice,"What is your typical yearly budget for one business software subscription, in your local currency?",Under 200,10.1
demo-b2b,b2b-082,b2b-q11,open,What would make you recommend a business tool to another owner?,"an export button that gives me my data in a usable format, that shows they respect customers.",53.5
demo-b2b,b2b-083,b2b-q01,choice,Which of these back-office areas takes the most of your time each week?,Marketing,18.6
demo-b2b,b2b-083,b2b-q02,cardsort,"Sort these twelve back-office tools into groups that make sense to you, and name each group.","{""Money"":[""Invoicing"",""Expense tracking"",""Bookkeeping"",""Tax filing"",""Inventory counts""],""Staff"":[""Payroll"",""Shift scheduling"",""Hiring and applicant tracking"",""Time-off requests""],""Customers and stock"":[""Supplier orders"",""Appointment booking"",""Customer messaging""]}",166.7
demo-b2b,b2b-083,b2b-q03,open,"Describe the last software purchase you decided on: what, why, what went wrong.",Picked a booking system for the clinic so patients could book online; it went well apart from the SMS reminders costing more than the subscription itself. Support was the weak point.,388.6
demo-b2b,b2b-083,b2b-q04,choice,Which tools does your business currently pay for? Select all that apply.,Project management,23.1
demo-b2b,b2b-083,b2b-q05,scale,"How satisfied are you with your current accounting software? (1 = very dissatisfied, 5 = very satisfied)",4,3.3
demo-b2b,b2b-083,b2b-q06,open,How do you usually hear about new business software?,My bookkeeper tells me what integrates with her systems and that decides it.,55
demo-b2b,b2b-083,b2b-q07,choice,Who else is involved when you buy software for the business?,An IT contractor,15.7
demo-b2b,b2b-083,b2b-q08,open,What stops you from switching a tool you are unhappy with?,I never have the time to properly evaluate alternatives. It's a real frustration.,81
demo-b2b,b2b-083,b2b-q09,scale,"How much of a priority is replacing one of your tools in the next 12 months? (1 = not a priority, 5 = top priority)",5,4
demo-b2b,b2b-083,b2b-q10,choice,"What is your typical yearly budget for one business software subscription, in your local currency?","More than 5,000",13.5
demo-b2b,b2b-083,b2b-q11,open,What would make you recommend a business tool to another owner?,"if my staff adopted it without complaining, that's the real test.",54.3
demo-b2b,b2b-084,b2b-q01,choice,Which of these back-office areas takes the most of your time each week?,Marketing,7.4
demo-b2b,b2b-084,b2b-q02,cardsort,"Sort these twelve back-office tools into groups that make sense to you, and name each group.","{""Finance"":[""Invoicing"",""Expense tracking"",""Bookkeeping"",""Inventory counts""],""HR"":[""Payroll"",""Shift scheduling"",""Hiring and applicant tracking"",""Time-off requests""],""Day to day"":[""Supplier orders"",""Appointment booking"",""Customer messaging"",""Tax filing""]}",49.3
demo-b2b,b2b-084,b2b-q03,open,"Describe the last software purchase you decided on: what, why, what went wrong.","Bought a scheduling app for the shop floor so people could swap shifts themselves; the problem was the mobile app logged everyone out weekly and the staff stopped using it. We're still on it, for now.",93.5
demo-b2b,b2b-084,b2b-q04,choice,Which tools does your business currently pay for? Select all that apply.,Accounting software,8.8
demo-b2b,b2b-084,b2b-q05,scale,"How satisfied are you with your current accounting software? (1 = very dissatisfied, 5 = very satisfied)",4,2.5
demo-b2b,b2b-084,b2b-q06,open,How do you usually hear about new business software?,"Social media ads, annoyingly, they seem to know exactly what I'm struggling with.",37
demo-b2b,b2b-084,b2b-q07,choice,Who else is involved when you buy software for the business?,I decide alone,15.6
demo-b2b,b2b-084,b2b-q08,open,What stops you from switching a tool you are unhappy with?,our accountant is used to the current one and switching means switching how she works too.,109.2
demo-b2b,b2b-084,b2b-q09,scale,"How much of a priority is replacing one of your tools in the next 12 months? (1 = not a priority, 5 = top priority)",4,5
demo-b2b,b2b-084,b2b-q10,choice,"What is your typical yearly budget for one business software subscription, in your local currency?","More than 5,000",4.2
demo-b2b,b2b-084,b2b-q11,open,What would make you recommend a business tool to another owner?,"it would need to just work without me babysitting it, that's the whole point.",81.2
demo-b2b,b2b-085,b2b-q01,choice,Which of these back-office areas takes the most of your time each week?,Customer bookings and messages,3
demo-b2b,b2b-085,b2b-q02,cardsort,"Sort these twelve back-office tools into groups that make sense to you, and name each group.","{""Money"":[""Invoicing"",""Expense tracking"",""Tax filing""],""HR"":[""Payroll"",""Shift scheduling"",""Hiring and applicant tracking"",""Time-off requests"",""Appointment booking""],""Day to day"":[""Inventory counts"",""Customer messaging""],""Not sure"":[""Bookkeeping"",""Supplier orders""]}",109.4
demo-b2b,b2b-085,b2b-q03,open,"Describe the last software purchase you decided on: what, why, what went wrong.","Got a rota and time-off app for the restaurant; what went wrong was the integration with payroll never actually synced hours, so we still type them in. Next time I'll involve the bookkeeper earlier.",84.7
demo-b2b,b2b-085,b2b-q04,choice,Which tools does your business currently pay for? Select all that apply.,Payroll software; CRM; Project management,10.7
demo-b2b,b2b-085,b2b-q05,scale,"How satisfied are you with your current accounting software? (1 = very dissatisfied, 5 = very satisfied)",2,3.4
demo-b2b,b2b-085,b2b-q06,open,How do you usually hear about new business software?,"Podcasts aimed at small business owners, and then I look up the sponsors",28.2
demo-b2b,b2b-085,b2b-q07,choice,Who else is involved when you buy software for the business?,My co-owner,4.5
demo-b2b,b2b-085,b2b-q08,open,What stops you from switching a tool you are unhappy with?,Fear that the new one will have different problems and I'll have paid twice. If someone did the migration for me I'd switch tomorrow.,44.6
demo-b2b,b2b-085,b2b-q09,scale,"How much of a priority is replacing one of your tools in the next 12 months? (1 = not a priority, 5 = top priority)",3,4.1
demo-b2b,b2b-085,b2b-q10,choice,"What is your typical yearly budget for one business software subscription, in your local currency?","More than 5,000",2.9
demo-b2b,b2b-085,b2b-q11,open,What would make you recommend a business tool to another owner?,"An export button that gives me my data in a usable format, that shows they respect customers.",24.1
demo-b2b,b2b-086,b2b-q01,choice,Which of these back-office areas takes the most of your time each week?,Marketing,9.9
demo-b2b,b2b-086,b2b-q02,cardsort,"Sort these twelve back-office tools into groups that make sense to you, and name each group.","{""Finance"":[""Invoicing"",""Bookkeeping"",""Tax filing""],""People"":[""Payroll"",""Shift scheduling"",""Hiring and applicant tracking"",""Time-off requests"",""Supplier orders""],""Day to day"":[""Inventory counts"",""Appointment booking"",""Customer messaging"",""Expense tracking""]}",83.1
demo-b2b,b2b-086,b2b-q03,open,"Describe the last software purchase you decided on: what, why, what went wrong.",we bought a CRM for the sales side after losing track of quotes; it works but the per-seat pricing doubled when we added the two part-timers.,66.7
demo-b2b,b2b-086,b2b-q04,choice,Which tools does your business currently pay for? Select all that apply.,Inventory management,12.1
demo-b2b,b2b-086,b2b-q05,scale,"How satisfied are you with your current accounting software? (1 = very dissatisfied, 5 = very satisfied)",4,1.5
demo-b2b,b2b-086,b2b-q06,open,How do you usually hear about new business software?,"Online searches when something breaks, I rarely go looking otherwise.",35.6
demo-b2b,b2b-086,b2b-q07,choice,Who else is involved when you buy software for the business?,The staff who will use it,11.9
demo-b2b,b2b-086,b2b-q08,open,What stops you from switching a tool you are unhappy with?,"Honestly just inertia, it's annoying but it works well enough most days. We'll probably live with it another year.",32.5
demo-b2b,b2b-086,b2b-q09,scale,"How much of a priority is replacing one of your tools in the next 12 months? (1 = not a priority, 5 = top priority)",5,1.9
demo-b2b,b2b-086,b2b-q10,choice,"What is your typical yearly budget for one business software subscription, in your local currency?","1,000 to 5,000",7.4
demo-b2b,b2b-086,b2b-q11,open,What would make you recommend a business tool to another owner?,"If my staff adopted it without complaining, that's the real test. Most tools fail on at least one of those",40.6
demo-b2b,b2b-087,b2b-q01,choice,Which of these back-office areas takes the most of your time each week?,Bookkeeping and invoices,49.1
demo-b2b,b2b-087,b2b-q02,cardsort,"Sort these twelve back-office tools into groups that make sense to you, and name each group.","{""Finance"":[""Invoicing"",""Expense tracking"",""Bookkeeping"",""Tax filing"",""Inventory counts""],""Staff"":[""Payroll"",""Shift scheduling"",""Hiring and applicant tracking"",""Time-off requests""],""Day to day"":[""Supplier orders"",""Appointment booking"",""Customer messaging""]}",133.4
demo-b2b,b2b-087,b2b-q03,open,"Describe the last software purchase you decided on: what, why, what went wrong.","Switched invoicing software to get automatic reminders because late payments were killing our cash flow; the import mangled half our customer addresses and I had to fix them by hand. We're still on it, for now.",160.3
demo-b2b,b2b-087,b2b-q04,choice,Which tools does your business currently pay for? Select all that apply.,Accounting software; Shift scheduling,18.8
demo-b2b,b2b-087,b2b-q05,scale,"How satisfied are you with your current accounting software? (1 = very dissatisfied, 5 = very satisfied)",3,6.5
demo-b2b,b2b-087,b2b-q06,open,How do you usually hear about new business software?,My bookkeeper tells me what integrates with her systems and that decides it.,47
demo-b2b,b2b-087,b2b-q07,choice,Who else is involved when you buy software for the business?,Our accountant or bookkeeper,8.6
demo-b2b,b2b-087,b2b-q08,open,What stops you from switching a tool you are unhappy with?,Fear that the new one will have different problems and I'll have paid twice,102
demo-b2b,b2b-087,b2b-q09,scale,"How much of a priority is replacing one of your tools in the next 12 months? (1 = not a priority, 5 = top priority)",3,9.4
demo-b2b,b2b-087,b2b-q10,choice,"What is your typical yearly budget for one business software subscription, in your local currency?","1,000 to 5,000",16.5
demo-b2b,b2b-087,b2b-q11,open,What would make you recommend a business tool to another owner?,Integrations with the accounting software so I don't type things twice.,59.4
demo-b2b,b2b-088,b2b-q01,choice,Which of these back-office areas takes the most of your time each week?,Customer bookings and messages,13.8
demo-b2b,b2b-088,b2b-q02,cardsort,"Sort these twelve back-office tools into groups that make sense to you, and name each group.","{""Finance"":[""Bookkeeping"",""Tax filing""],""Staff"":[""Payroll"",""Shift scheduling"",""Hiring and applicant tracking""],""Operations"":[""Inventory counts"",""Supplier orders"",""Appointment booking"",""Customer messaging"",""Expense tracking"",""Time-off requests"",""Invoicing""]}",34.6
demo-b2b,b2b-088,b2b-q03,open,"Describe the last software purchase you decided on: what, why, what went wrong.","Bought a scheduling app for the shop floor so people could swap shifts themselves; the problem was the mobile app logged everyone out weekly and the staff stopped using it. We're still on it, for now.",141.7
demo-b2b,b2b-088,b2b-q04,choice,Which tools does your business currently pay for? Select all that apply.,Accounting software; Payroll software; Inventory management; Booking system,9.8
demo-b2b,b2b-088,b2b-q05,scale,"How satisfied are you with your current accounting software? (1 = very dissatisfied, 5 = very satisfied)",5,4.7
demo-b2b,b2b-088,b2b-q06,open,How do you usually hear about new business software?,Industry newsletters and the occasional webinar if the topic is relevant.,27.4
demo-b2b,b2b-088,b2b-q07,choice,Who else is involved when you buy software for the business?,The staff who will use it,8
demo-b2b,b2b-088,b2b-q08,open,What stops you from switching a tool you are unhappy with?,"The time it takes to move the data across and retrain everyone, we're too small to lose a week on it.",52.8
demo-b2b,b2b-088,b2b-q09,scale,"How much of a priority is replacing one of your tools in the next 12 months? (1 = not a priority, 5 = top priority)",4,2.6
demo-b2b,b2b-088,b2b-q10,choice,"What is your typical yearly budget for one business software subscription, in your local currency?","1,000 to 5,000",8.6
demo-b2b,b2b-088,b2b-q11,open,What would make you recommend a business tool to another owner?,"It would need to just work without me babysitting it, that's the whole point.",46.3
demo-b2b,b2b-089,b2b-q01,choice,Which of these back-office areas takes the most of your time each week?,Customer bookings and messages,6.1
demo-b2b,b2b-089,b2b-q02,cardsort,"Sort these twelve back-office tools into groups that make sense to you, and name each group.","{""Money"":[""Bookkeeping"",""Tax filing"",""Supplier orders""],""People"":[""Payroll"",""Shift scheduling"",""Hiring and applicant tracking"",""Time-off requests"",""Expense tracking"",""Invoicing""],""Day to day"":[""Inventory counts"",""Appointment booking"",""Customer messaging""]}",89.5
demo-b2b,b2b-089,b2b-q03,open,"Describe the last software purchase you decided on: what, why, what went wrong.",We moved payroll from spreadsheets to a cloud payroll tool because the accountant kept finding errors; the migration took twice as long as promised and two staff were paid late in the first month.,167.7
demo-b2b,b2b-089,b2b-q04,choice,Which tools does your business currently pay for? Select all that apply.,Inventory management; Booking system,20.1
demo-b2b,b2b-089,b2b-q05,scale,"How satisfied are you with your current accounting software? (1 = very dissatisfied, 5 = very satisfied)",4,3.9
demo-b2b,b2b-089,b2b-q06,open,How do you usually hear about new business software?,Industry newsletters and the occasional webinar if the topic is relevant. I'm wary of anything with a long contract.,38
demo-b2b,b2b-089,b2b-q07,choice,Who else is involved when you buy software for the business?,My co-owner,21.3
demo-b2b,b2b-089,b2b-q08,open,What stops you from switching a tool you are unhappy with?,No opinion,12.4
demo-b2b,b2b-089,b2b-q09,scale,"How much of a priority is replacing one of your tools in the next 12 months? (1 = not a priority, 5 = top priority)",3,3
demo-b2b,b2b-089,b2b-q10,choice,"What is your typical yearly budget for one business software subscription, in your local currency?","200 to 1,000",19.1
demo-b2b,b2b-089,b2b-q11,open,What would make you recommend a business tool to another owner?,If it saved me measurable time each week and the support actually picked up the phone. Most tools fail on at least one of those.,86.5
demo-b2b,b2b-090,b2b-q01,choice,Which of these back-office areas takes the most of your time each week?,Stock and suppliers,2.8
demo-b2b,b2b-090,b2b-q02,cardsort,"Sort these twelve back-office tools into groups that make sense to you, and name each group.","{""Finance"":[""Invoicing"",""Expense tracking"",""Bookkeeping""],""People"":[""Payroll"",""Shift scheduling"",""Hiring and applicant tracking"",""Time-off requests""],""Customers and stock"":[""Inventory counts"",""Supplier orders"",""Appointment booking"",""Customer messaging"",""Tax filing""]}",43
demo-b2b,b2b-090,b2b-q03,open,"Describe the last software purchase you decided on: what, why, what went wrong.","signed up for an inventory tool to stop over-ordering at the café; it needed barcodes on everything and we never finished labelling, so it's half used. We're still on it, for now.",71.1
demo-b2b,b2b-090,b2b-q04,choice,Which tools does your business currently pay for? Select all that apply.,None of these,6.7
demo-b2b,b2b-090,b2b-q05,scale,"How satisfied are you with your current accounting software? (1 = very dissatisfied, 5 = very satisfied)",2,4.2
demo-b2b,b2b-090,b2b-q06,open,How do you usually hear about new business software?,Recommendations from staff who used something at a previous job,22.8
demo-b2b,b2b-090,b2b-q07,choice,Who else is involved when you buy software for the business?,An IT contractor,3.5
demo-b2b,b2b-090,b2b-q08,open,What stops you from switching a tool you are unhappy with?,Fear that the new one will have different problems and I'll have paid twice.,34.5
demo-b2b,b2b-090,b2b-q09,scale,"How much of a priority is replacing one of your tools in the next 12 months? (1 = not a priority, 5 = top priority)",3,3.6
demo-b2b,b2b-090,b2b-q10,choice,"What is your typical yearly budget for one business software subscription, in your local currency?",Under 200,5.4
demo-b2b,b2b-090,b2b-q11,open,What would make you recommend a business tool to another owner?,"Good onboarding, someone who sets it up with you rather than a pile of help articles. That's rarer than it should be.",22.6
demo-b2b,b2b-091,b2b-q01,choice,Which of these back-office areas takes the most of your time each week?,Customer bookings and messages,3.3
demo-b2b,b2b-091,b2b-q02,cardsort,"Sort these twelve back-office tools into groups that make sense to you, and name each group.","{""Group 1"":[""Bookkeeping"",""Time-off requests"",""Expense tracking"",""Appointment booking"",""Tax filing"",""Invoicing"",""Inventory counts""],""Group 2"":[""Payroll"",""Shift scheduling""],""Group 3"":[""Supplier orders"",""Hiring and applicant tracking"",""Customer messaging""]}",29.6
demo-b2b,b2b-091,b2b-q03,open,"Describe the last software purchase you decided on: what, why, what went wrong.",nice,17.1
demo-b2b,b2b-091,b2b-q04,choice,Which tools does your business currently pay for? Select all that apply.,Booking system,2.1
demo-b2b,b2b-091,b2b-q05,scale,"How satisfied are you with your current accounting software? (1 = very dissatisfied, 5 = very satisfied)",5,0.8
demo-b2b,b2b-091,b2b-q06,open,How do you usually hear about new business software?,ok,7.3
demo-b2b,b2b-091,b2b-q07,choice,Who else is involved when you buy software for the business?,I decide alone,2.8
demo-b2b,b2b-091,b2b-q08,open,What stops you from switching a tool you are unhappy with?,no,13.1
demo-b2b,b2b-091,b2b-q09,scale,"How much of a priority is replacing one of your tools in the next 12 months? (1 = not a priority, 5 = top priority)",5,0.6
demo-b2b,b2b-091,b2b-q10,choice,"What is your typical yearly budget for one business software subscription, in your local currency?",Not applicable,3.6
demo-b2b,b2b-091,b2b-q11,open,What would make you recommend a business tool to another owner?,no,10.1
demo-b2b,b2b-092,b2b-q01,choice,Which of these back-office areas takes the most of your time each week?,Stock and suppliers,13.2
demo-b2b,b2b-092,b2b-q02,cardsort,"Sort these twelve back-office tools into groups that make sense to you, and name each group.","{""Finance"":[""Invoicing"",""Expense tracking"",""Bookkeeping"",""Tax filing"",""Time-off requests""],""Staff"":[""Payroll"",""Shift scheduling"",""Hiring and applicant tracking""],""Operations"":[""Inventory counts"",""Supplier orders"",""Appointment booking"",""Customer messaging""]}",70.8
demo-b2b,b2b-092,b2b-q03,open,"Describe the last software purchase you decided on: what, why, what went wrong.","Bought a scheduling app for the shop floor so people could swap shifts themselves; the problem was the mobile app logged everyone out weekly and the staff stopped using it. I'd still choose it again, just with more planning",146.1
demo-b2b,b2b-092,b2b-q04,choice,Which tools does your business currently pay for? Select all that apply.,Project management,41.5
demo-b2b,b2b-092,b2b-q05,scale,"How satisfied are you with your current accounting software? (1 = very dissatisfied, 5 = very satisfied)",3,1.3
demo-b2b,b2b-092,b2b-q06,open,How do you usually hear about new business software?,"Social media ads, annoyingly, they seem to know exactly what I'm struggling with. I usually trial two before choosing.",50.5
demo-b2b,b2b-092,b2b-q07,choice,Who else is involved when you buy software for the business?,The staff who will use it,4.1
demo-b2b,b2b-092,b2b-q08,open,What stops you from switching a tool you are unhappy with?,"the time it takes to move the data across and retrain everyone, we're too small to lose a week on it.",54.2
demo-b2b,b2b-092,b2b-q09,scale,"How much of a priority is replacing one of your tools in the next 12 months? (1 = not a priority, 5 = top priority)",3,2.8
demo-b2b,b2b-092,b2b-q10,choice,"What is your typical yearly budget for one business software subscription, in your local currency?",Under 200,13.1
demo-b2b,b2b-092,b2b-q11,open,What would make you recommend a business tool to another owner?,"Clear pricing that doesn't jump when you add a user, and a proper mobile app",61.6
demo-b2b,b2b-093,b2b-q01,choice,Which of these back-office areas takes the most of your time each week?,Marketing,5.4
demo-b2b,b2b-093,b2b-q02,cardsort,"Sort these twelve back-office tools into groups that make sense to you, and name each group.","{""Accounting"":[""Invoicing"",""Expense tracking"",""Bookkeeping"",""Tax filing""],""HR"":[""Payroll"",""Shift scheduling"",""Hiring and applicant tracking"",""Time-off requests"",""Customer messaging""],""Customers and stock"":[""Inventory counts"",""Supplier orders"",""Appointment booking""]}",72.3
demo-b2b,b2b-093,b2b-q03,open,"Describe the last software purchase you decided on: what, why, what went wrong.","Signed up for an inventory tool to stop over-ordering at the café; it needed barcodes on everything and we never finished labelling, so it's half used.",107.7
demo-b2b,b2b-093,b2b-q04,choice,Which tools does your business currently pay for? Select all that apply.,None of these,5.7
demo-b2b,b2b-093,b2b-q05,scale,"How satisfied are you with your current accounting software? (1 = very dissatisfied, 5 = very satisfied)",3,3.8
demo-b2b,b2b-093,b2b-q06,open,How do you usually hear about new business software?,"From the bank's business portal, they bundle a few tools with the account.",84.6
demo-b2b,b2b-093,b2b-q07,choice,Who else is involved when you buy software for the business?,My co-owner,3.9
demo-b2b,b2b-093,b2b-q08,open,What stops you from switching a tool you are unhappy with?,Our accountant is used to the current one and switching means switching how she works too.,46.2
demo-b2b,b2b-093,b2b-q09,scale,"How much of a priority is replacing one of your tools in the next 12 months? (1 = not a priority, 5 = top priority)",4,3
demo-b2b,b2b-093,b2b-q10,choice,"What is your typical yearly budget for one business software subscription, in your local currency?","1,000 to 5,000",13
demo-b2b,b2b-093,b2b-q11,open,What would make you recommend a business tool to another owner?,"Reliability above everything, if the till goes down on a Saturday I lose real money.",22.2
demo-b2b,b2b-094,b2b-q01,choice,Which of these back-office areas takes the most of your time each week?,Payroll and staff admin,0.9
demo-b2b,b2b-094,b2b-q02,cardsort,"Sort these twelve back-office tools into groups that make sense to you, and name each group.","{""Money"":[""Expense tracking"",""Bookkeeping"",""Tax filing""],""People"":[""Payroll"",""Shift scheduling"",""Hiring and applicant tracking"",""Time-off requests"",""Customer messaging"",""Appointment booking"",""Invoicing""],""Operations"":[""Inventory counts"",""Supplier orders""]}",62.9
demo-b2b,b2b-094,b2b-q03,open,"Describe the last software purchase you decided on: what, why, what went wrong.",We replaced our accounting package because the old one stopped being supported; the new one is fine but the first tax return came out wrong and we had to amend it.,95
demo-b2b,b2b-094,b2b-q04,choice,Which tools does your business currently pay for? Select all that apply.,Payroll software,8.6
demo-b2b,b2b-094,b2b-q05,scale,"How satisfied are you with your current accounting software? (1 = very dissatisfied, 5 = very satisfied)",3,2.8
demo-b2b,b2b-094,b2b-q06,open,How do you usually hear about new business software?,"Social media ads, annoyingly, they seem to know exactly what I'm struggling with. Price lists are rarely upfront though.",34.7
demo-b2b,b2b-094,b2b-q07,choice,Who else is involved when you buy software for the business?,An IT contractor,7.6
demo-b2b,b2b-094,b2b-q08,open,What stops you from switching a tool you are unhappy with?,The integrations with the till and the bank took months to set up and I don't want to redo them.,47.8
demo-b2b,b2b-094,b2b-q09,scale,"How much of a priority is replacing one of your tools in the next 12 months? (1 = not a priority, 5 = top priority)",2,3.9
demo-b2b,b2b-094,b2b-q10,choice,"What is your typical yearly budget for one business software subscription, in your local currency?","More than 5,000",13.8
demo-b2b,b2b-094,b2b-q11,open,What would make you recommend a business tool to another owner?,"a fair price for a company of our size, not enterprise rates. I've recommended two tools in ten years.",32.2
demo-b2b,b2b-095,b2b-q01,choice,Which of these back-office areas takes the most of your time each week?,Stock and suppliers,13.1
demo-b2b,b2b-095,b2b-q02,cardsort,"Sort these twelve back-office tools into groups that make sense to you, and name each group.","{""Finance"":[""Invoicing"",""Expense tracking"",""Bookkeeping"",""Tax filing""],""HR"":[""Payroll"",""Hiring and applicant tracking"",""Time-off requests""],""Customers and stock"":[""Inventory counts"",""Supplier orders"",""Appointment booking"",""Customer messaging""],""Not sure"":[""Shift scheduling""]}",289.3
demo-b2b,b2b-095,b2b-q03,open,"Describe the last software purchase you decided on: what, why, what went wrong.",picked a booking system for the clinic so patients could book online; it went well apart from the SMS reminders costing more than the subscription itself.,100.7
demo-b2b,b2b-095,b2b-q04,choice,Which tools does your business currently pay for? Select all that apply.,Payroll software,13
demo-b2b,b2b-095,b2b-q05,scale,"How satisfied are you with your current accounting software? (1 = very dissatisfied, 5 = very satisfied)",4,5.7
demo-b2b,b2b-095,b2b-q06,open,How do you usually hear about new business software?,"Online searches when something breaks, I rarely go looking otherwise. Reviews matter more than ads to me.",54.3
demo-b2b,b2b-095,b2b-q07,choice,Who else is involved when you buy software for the business?,I decide alone,8
demo-b2b,b2b-095,b2b-q08,open,What stops you from switching a tool you are unhappy with?,I never have the time to properly evaluate alternatives.,62.4
demo-b2b,b2b-095,b2b-q09,scale,"How much of a priority is replacing one of your tools in the next 12 months? (1 = not a priority, 5 = top priority)",3,4.8
demo-b2b,b2b-095,b2b-q10,choice,"What is your typical yearly budget for one business software subscription, in your local currency?","200 to 1,000",7.4
demo-b2b,b2b-095,b2b-q11,open,What would make you recommend a business tool to another owner?,"Good onboarding, someone who sets it up with you rather than a pile of help articles.",53
demo-b2b,b2b-096,b2b-q01,choice,Which of these back-office areas takes the most of your time each week?,Stock and suppliers,11.5
demo-b2b,b2b-096,b2b-q02,cardsort,"Sort these twelve back-office tools into groups that make sense to you, and name each group.","{""Accounting"":[""Invoicing"",""Expense tracking"",""Bookkeeping"",""Tax filing"",""Supplier orders""],""HR"":[""Payroll"",""Shift scheduling"",""Hiring and applicant tracking"",""Time-off requests""],""Customers and stock"":[""Inventory counts"",""Appointment booking"",""Customer messaging""]}",74.8
demo-b2b,b2b-096,b2b-q03,open,"Describe the last software purchase you decided on: what, why, what went wrong.",Bought a scheduling app for the shop floor so people could swap shifts themselves; the problem was the mobile app logged everyone out weekly and the staff stopped using it.,96.4
demo-b2b,b2b-096,b2b-q04,choice,Which tools does your business currently pay for? Select all that apply.,Booking system; CRM,13
demo-b2b,b2b-096,b2b-q05,scale,"How satisfied are you with your current accounting software? (1 = very dissatisfied, 5 = very satisfied)",3,5.6
demo-b2b,b2b-096,b2b-q06,open,How do you usually hear about new business software?,"Online searches when something breaks, I rarely go looking otherwise.",34.6
demo-b2b,b2b-096,b2b-q07,choice,Who else is involved when you buy software for the business?,My co-owner,6
demo-b2b,b2b-096,b2b-q08,open,What stops you from switching a tool you are unhappy with?,Cost of the overlap period when you pay for both while migrating. It's a real frustration.,63.7
demo-b2b,b2b-096,b2b-q09,scale,"How much of a priority is replacing one of your tools in the next 12 months? (1 = not a priority, 5 = top priority)",2,3.9
demo-b2b,b2b-096,b2b-q10,choice,"What is your typical yearly budget for one business software subscription, in your local currency?","1,000 to 5,000",13.5
demo-b2b,b2b-096,b2b-q11,open,What would make you recommend a business tool to another owner?,"It would need to just work without me babysitting it, that's the whole point. That's rarer than it should be",51.2
demo-b2b,b2b-097,b2b-q01,choice,Which of these back-office areas takes the most of your time each week?,Marketing,6.1
demo-b2b,b2b-097,b2b-q02,cardsort,"Sort these twelve back-office tools into groups that make sense to you, and name each group.","{""Finance"":[""Invoicing"",""Bookkeeping"",""Tax filing""],""Staff"":[""Payroll"",""Shift scheduling"",""Hiring and applicant tracking"",""Time-off requests""],""Customers and stock"":[""Supplier orders"",""Appointment booking"",""Customer messaging"",""Expense tracking"",""Inventory counts""]}",45.9
demo-b2b,b2b-097,b2b-q03,open,"Describe the last software purchase you decided on: what, why, what went wrong.","Signed up for an inventory tool to stop over-ordering at the café; it needed barcodes on everything and we never finished labelling, so it's half used. Hell of a lot of time wasted on invoices every month.",62.4
demo-b2b,b2b-097,b2b-q04,choice,Which tools does your business currently pay for? Select all that apply.,Payroll software; Inventory management; CRM; Email marketing,12.2
demo-b2b,b2b-097,b2b-q05,scale,"How satisfied are you with your current accounting software? (1 = very dissatisfied, 5 = very satisfied)",4,2.8
demo-b2b,b2b-097,b2b-q06,open,How do you usually hear about new business software?,"podcasts aimed at small business owners, and then I look up the sponsors. I'm wary of anything with a long contract.",87.5
demo-b2b,b2b-097,b2b-q07,choice,Who else is involved when you buy software for the business?,Our accountant or bookkeeper,6.9
demo-b2b,b2b-097,b2b-q08,open,What stops you from switching a tool you are unhappy with?,"Staff pushback, the team hates learning new tools. It's a real frustration. Hell of a lot of time wasted on invoices every month.",51.3
demo-b2b,b2b-097,b2b-q09,scale,"How much of a priority is replacing one of your tools in the next 12 months? (1 = not a priority, 5 = top priority)",3,4
demo-b2b,b2b-097,b2b-q10,choice,"What is your typical yearly budget for one business software subscription, in your local currency?","1,000 to 5,000",14
demo-b2b,b2b-097,b2b-q11,open,What would make you recommend a business tool to another owner?,"Clear pricing that doesn't jump when you add a user, and a proper mobile app",33.8
demo-b2b,b2b-098,b2b-q01,choice,Which of these back-office areas takes the most of your time each week?,Stock and suppliers,20.1
demo-b2b,b2b-098,b2b-q02,cardsort,"Sort these twelve back-office tools into groups that make sense to you, and name each group.","{""Accounting"":[""Invoicing"",""Expense tracking""],""Staff"":[""Payroll"",""Shift scheduling"",""Hiring and applicant tracking"",""Time-off requests""],""Customers and stock"":[""Inventory counts"",""Appointment booking"",""Customer messaging""],""Other"":[""Supplier orders"",""Tax filing"",""Bookkeeping""]}",70.8
demo-b2b,b2b-098,b2b-q03,open,"Describe the last software purchase you decided on: what, why, what went wrong.",Switched invoicing software to get automatic reminders because late payments were killing our cash flow; the import mangled half our customer addresses and I had to fix them by hand. Support was the weak point.,75.9
demo-b2b,b2b-098,b2b-q04,choice,Which tools does your business currently pay for? Select all that apply.,Accounting software; Project management,21.5
demo-b2b,b2b-098,b2b-q05,scale,"How satisfied are you with your current accounting software? (1 = very dissatisfied, 5 = very satisfied)",4,4.1
demo-b2b,b2b-098,b2b-q06,open,How do you usually hear about new business software?,"Online searches when something breaks, I rarely go looking otherwise",25.9
demo-b2b,b2b-098,b2b-q07,choice,Who else is involved when you buy software for the business?,The staff who will use it,4.4
demo-b2b,b2b-098,b2b-q08,open,What stops you from switching a tool you are unhappy with?,"the time it takes to move the data across and retrain everyone, we're too small to lose a week on it.",73.6
demo-b2b,b2b-098,b2b-q09,scale,"How much of a priority is replacing one of your tools in the next 12 months? (1 = not a priority, 5 = top priority)",4,3.6
demo-b2b,b2b-098,b2b-q10,choice,"What is your typical yearly budget for one business software subscription, in your local currency?","More than 5,000",5.9
demo-b2b,b2b-098,b2b-q11,open,What would make you recommend a business tool to another owner?,"Clear pricing that doesn't jump when you add a user, and a proper mobile app.",20.6
demo-b2b,b2b-099,b2b-q01,choice,Which of these back-office areas takes the most of your time each week?,Customer bookings and messages,8.9
demo-b2b,b2b-099,b2b-q02,cardsort,"Sort these twelve back-office tools into groups that make sense to you, and name each group.","{""Money"":[""Invoicing"",""Expense tracking"",""Bookkeeping"",""Tax filing""],""People"":[""Payroll"",""Shift scheduling"",""Hiring and applicant tracking"",""Time-off requests"",""Appointment booking""],""Customers and stock"":[""Inventory counts"",""Supplier orders"",""Customer messaging""]}",55.7
demo-b2b,b2b-099,b2b-q03,open,"Describe the last software purchase you decided on: what, why, what went wrong.",bought a scheduling app for the shop floor so people could swap shifts themselves; the problem was the mobile app logged everyone out weekly and the staff stopped using it.,193.2
demo-b2b,b2b-099,b2b-q04,choice,Which tools does your business currently pay for? Select all that apply.,Shift scheduling,11.9
demo-b2b,b2b-099,b2b-q05,scale,"How satisfied are you with your current accounting software? (1 = very dissatisfied, 5 = very satisfied)",4,3.6
demo-b2b,b2b-099,b2b-q06,open,How do you usually hear about new business software?,Recommendations from staff who used something at a previous job.,35.3
demo-b2b,b2b-099,b2b-q07,choice,Who else is involved when you buy software for the business?,I decide alone,11.3
demo-b2b,b2b-099,b2b-q08,open,What stops you from switching a tool you are unhappy with?,"staff pushback, the team hates learning new tools. Smaller firms get the worst of this.",50.3
demo-b2b,b2b-099,b2b-q09,scale,"How much of a priority is replacing one of your tools in the next 12 months? (1 = not a priority, 5 = top priority)",4,2.9
demo-b2b,b2b-099,b2b-q10,choice,"What is your typical yearly budget for one business software subscription, in your local currency?","1,000 to 5,000",14.1
demo-b2b,b2b-099,b2b-q11,open,What would make you recommend a business tool to another owner?,"Good onboarding, someone who sets it up with you rather than a pile of help articles",37.1
demo-b2b,b2b-100,b2b-q01,choice,Which of these back-office areas takes the most of your time each week?,Payroll and staff admin,30
demo-b2b,b2b-100,b2b-q02,cardsort,"Sort these twelve back-office tools into groups that make sense to you, and name each group.","{""Tools"":[""Time-off requests"",""Bookkeeping"",""Appointment booking""],""C"":[""Tax filing"",""Hiring and applicant tracking""],""Misc"":[""Shift scheduling"",""Invoicing"",""Inventory counts"",""Payroll"",""Customer messaging"",""Supplier orders"",""Expense tracking""]}",22.4
demo-b2b,b2b-100,b2b-q03,open,"Describe the last software purchase you decided on: what, why, what went wrong.","Signed up for an inventory tool to stop over-ordering at the café; it needed barcodes on everything and we never finished labelling, so it's half used. We're still on it, for now.",125.9
demo-b2b,b2b-100,b2b-q04,choice,Which tools does your business currently pay for? Select all that apply.,Accounting software; Payroll software; Shift scheduling; Email marketing,15.3
demo-b2b,b2b-100,b2b-q05,scale,"How satisfied are you with your current accounting software? (1 = very dissatisfied, 5 = very satisfied)",2,4.8
demo-b2b,b2b-100,b2b-q06,open,How do you usually hear about new business software?,Nothing specific comes to mind.,22.1
demo-b2b,b2b-100,b2b-q07,choice,Who else is involved when you buy software for the business?,An IT contractor,9.8
demo-b2b,b2b-100,b2b-q08,open,What stops you from switching a tool you are unhappy with?,"The export options are deliberately bad, getting our history out would be a nightmare.",86.6
demo-b2b,b2b-100,b2b-q09,scale,"How much of a priority is replacing one of your tools in the next 12 months? (1 = not a priority, 5 = top priority)",2,12.8
demo-b2b,b2b-100,b2b-q10,choice,"What is your typical yearly budget for one business software subscription, in your local currency?",Under 200,16.2
demo-b2b,b2b-100,b2b-q11,open,What would make you recommend a business tool to another owner?,Nothing specific comes to mind.,64.2
